year,month,day,hour,min,dayweek,IN,OUT,VOIP,Netflix,DAZN
2022,1,20,23,55,5,277106753.27,46577462.4406,123639.04,44551392,63262.5067
2022,1,21,0,0,6,299906379.969,47002534.8365,145258.8533,37661670.4267,49240.1067
2022,1,21,0,5,6,324723117.24,48638734.5003,15712.2133,39490805.8667,43969.2533
2022,1,21,0,10,6,316823316.144,41664924.5261,13115.3067,37260716.9067,13717.0667
2022,1,21,0,15,6,363226403.275,44218657.3711,17388.72,36013814.88,11344
2022,1,21,0,20,6,320873476.249,45016189.0835,17392.5333,56814116.8,26816.5333
2022,1,21,0,25,6,281790215.311,47119239.3149,37884.6667,39971247.3333,52751.92
2022,1,21,0,30,6,248450843.941,50800200.2679,108664.2133,32015831.4667,23564.1067
2022,1,21,0,35,6,267003821.184,46728791.3356,115248.5333,35598568,29169.8667
2022,1,21,0,40,6,240651600.747,50606978.1012,219938.56,33307327.04,61669.12
2022,1,21,0,45,6,253048101.233,50585119.8709,548388.5867,26086011.52,44049.3333
2022,1,21,0,50,6,252018757.767,55034413.3184,1074367.8933,30749041.1733,47165.68
2022,1,21,0,55,6,213669515.03,51833378.5448,167715.3067,35049980.48,47656
2022,1,21,1,0,6,189234262.19,55869389.002,164438.2667,41462476,23843.3067
2022,1,21,1,5,6,191766497.691,49891773.1086,443858.6667,36923005.8667,107988.0533
2022,1,21,1,10,6,218296138.399,49937886.4175,448592,36844240,114872
2022,1,21,1,15,6,227161837.115,40748836.8791,2207861.8667,77509620.2667,78510.4
2022,1,21,1,20,6,176489420.745,42543146.453,362074.0267,37219013.76,49683.52
2022,1,21,1,25,6,150924063.932,47907541.0766,1321912.64,26304486,34393.3333
2022,1,21,1,30,6,180448214.227,47649165.8686,222794.72,28151019.04,12219.68
2022,1,21,1,35,6,189724941.027,44532869.2228,3215.8933,27939626.9867,24212.8
2022,1,21,1,40,6,171805132.826,40196673.4141,21836.6667,38069927.0667,19466.9867
2022,1,21,1,45,6,141420097.05,42452114.8307,27275.4133,48672546.3467,123624.7733
2022,1,21,1,50,6,151146103.321,44247447.7128,32561.4933,44371649.0667,38244.48
2022,1,21,1,55,6,128004769.993,44389563.1067,51315.28,37828692.16,16760.6133
2022,1,21,2,0,6,151683450.289,30018082.5118,1231.36,34295974.5067,15656
2022,1,21,2,5,6,135293340.605,36429156.6515,64980,47865045.6,29831.36
2022,1,21,2,10,6,126243699.099,35715553.8039,1706.9333,36440688.6667,30208.1067
2022,1,21,2,15,6,137278093.862,41096575.7024,229.2267,29840324.5867,42765.9733
2022,1,21,2,20,6,121860103.424,43813275.731,530.8,20746277.8667,59216.0267
2022,1,21,2,25,6,124371987.103,40605289.0068,27570.6667,26498934.2933,14849.44
2022,1,21,2,30,6,134672094.154,38924244.5408,814.5067,23990306.7733,11208
2022,1,21,2,35,6,125853007.695,47084120.2656,455.8933,21119340.16,28295.7333
2022,1,21,2,40,6,96593135.0343,42178807.5524,487.5733,16657741.9733,29648
2022,1,21,2,45,6,101239895.92,45683100.2382,448.5333,14365449.1733,30190.6667
2022,1,21,2,50,6,98446457.0108,45284853.1783,20718.08,19432636.8,21496.64
2022,1,21,2,55,6,108967812.136,50171373.7572,871.8933,15190654.9333,37833.76
2022,1,21,3,0,6,108767096.526,50446544.7143,23403.84,14161306.88,3856.32
2022,1,21,3,5,6,89837150.2777,43000221.1573,884.48,11659455.4667,27124.8
2022,1,21,3,10,6,104855703.047,34830718.835,25882.0267,18483244.16,36291.0933
2022,1,21,3,15,6,93631951.3231,32795372.4476,705.76,21659152.16,6142.5067
2022,1,21,3,20,6,76434795.8279,36534018.7842,23867.52,14198496.5333,17614.7467
2022,1,21,3,25,6,80172482.6763,38948470.5333,36402.88,9464153.4933,27879.3333
2022,1,21,3,30,6,76309685.7369,39983679.6092,834.88,8859366.72,55066.88
2022,1,21,3,35,6,87335272.9927,54692038.459,446.72,9676885.44,30791.76
2022,1,21,3,40,6,90151577.8887,50973422.9461,455.8933,12752658.1333,28792
2022,1,21,3,45,6,103567559.952,47414796.7692,440.2133,7832796.2667,20824.96
2022,1,21,3,50,6,82582627.9204,45765002.2878,337.7333,10704353.2,19594.48
2022,1,21,3,55,6,63723221.5199,51988424.3855,336,10754160,19600
2022,1,21,4,0,6,66912929.893,58072393.1232,849.0667,23392286.5067,128741.76
2022,1,21,4,5,6,66796911.3379,41756633.8755,27180.2667,11365488.2133,23935.9467
2022,1,21,4,10,6,79347063.5336,46427283.3905,836.5333,10862098.2667,18238.2133
2022,1,21,4,15,6,76770112.4721,40931035.9034,312.96,10556152.8533,18992
2022,1,21,4,20,6,62152815.7813,52600034.9703,23115.84,12403130.0267,18309.9733
2022,1,21,4,25,6,72596162.6785,64323311.8366,628.0533,12035277.0133,18256
2022,1,21,4,30,6,68995507.6375,53057142.0796,367.2,9888700.6667,49528.64
2022,1,21,4,35,6,63286863.9038,59133885.8274,118333.8667,9033072.1067,52248
2022,1,21,4,40,6,73382956.2884,60731267.4982,1906.88,5780918.4,40247.28
2022,1,21,4,45,6,66918004.2296,57958641.7101,477.2,10288985.7333,24903.68
2022,1,21,4,50,6,68708275.246,57814501.7275,306.3467,6749339.6267,23648
2022,1,21,4,55,6,75858662.9221,61074752.2549,445.6,6792228.6667,3867.2
2022,1,21,5,0,6,83337841.2629,53555032.7995,542.72,7589384.64,66637.2533
2022,1,21,5,5,6,79778637.2042,59536622.5903,290.56,8722178.24,59311.1467
2022,1,21,5,10,6,88086428.9258,68185555.6272,288,8733512,57832
2022,1,21,5,15,6,95808913.328,61593668.9355,1037.8667,15075608,44742.4
2022,1,21,5,20,6,85550898.9709,58679321.3921,489.4667,7286692.1333,21046
2022,1,21,5,25,6,80363478.6654,54184592.1962,424.7467,6243035.84,24302
2022,1,21,5,30,6,74382594.0395,60086219.3102,202.9867,11149056.2133,20165.12
2022,1,21,5,35,6,79144436.1206,48500090.0408,649.92,8263184.4267,10102
2022,1,21,5,40,6,72504954.5528,50638539.9336,380.6667,5087438,31648.16
2022,1,21,5,45,6,76955468.0173,54830506.2952,352.32,6211957.5467,29550.8267
2022,1,21,5,50,6,81281811.141,55934578.344,352,11745875.68,11627.4667
2022,1,21,5,55,6,78720901.5283,62538988.7802,352,7317248.1067,9960
2022,1,21,6,0,6,75506084.8839,63082387.2293,478.2933,8711481.7067,34065.6
2022,1,21,6,5,6,66735693.5103,56959515.1308,495.7333,2588410.2667,12501.6
2022,1,21,6,10,6,79268202.7339,53046715.5067,330.24,5752120.2133,9904
2022,1,21,6,15,6,90644008.9735,56120283.9706,469.6,7843949.7333,10805.3333
2022,1,21,6,20,6,86493854.7159,57236797.3852,266.7733,5648284.16,15281.52
2022,1,21,6,25,6,89299982.7536,55639752.7788,482.7733,5167970.9867,15608
2022,1,21,6,30,6,104057141.277,45483492.8063,362.1333,5047979.4667,36521.84
2022,1,21,6,35,6,121050167.313,49838458.174,375.84,6642404,36027.84
2022,1,21,6,40,6,125135396.604,45788009.4,471.04,9886609.12,35848
2022,1,21,6,45,6,131462897.749,47867143.7948,448.32,9170533.3333,27707.84
2022,1,21,6,50,6,142665538.911,36734562.8796,369.0667,6945301.9733,27000
2022,1,21,6,55,6,133362089.706,44473122.3184,383.7867,6458699.2,3931.68
2022,1,21,7,0,6,129569718.48,47174929.4934,470.24,6790479.04,52541.44
2022,1,21,7,5,6,154515310.084,37818327.2016,472,5135039.28,37794.3467
2022,1,21,7,10,6,162226702.52,45917105.7233,20516.2667,8032297.3333,4488
2022,1,21,7,15,6,181586496.421,48416608.4971,101423.2533,17413849.7067,1648
2022,1,21,7,20,6,150664066.644,49342411.3459,1737.8133,14214538.1333,38922.4
2022,1,21,7,25,6,153414650.176,49067135.5794,22882.5333,10820862.2667,23595.2
2022,1,21,7,30,6,135964682.9,51819770.8027,820.4,11072729.0667,19349.9733
2022,1,21,7,35,6,139421294.249,47575016.9523,432.1333,11190948.9333,19048
2022,1,21,7,40,6,153482489.878,48588516.8544,368.8533,10683412.48,15886.4
2022,1,21,7,45,6,161790219.578,44996707.1851,304.8533,11069679.1467,110233.6533
2022,1,21,7,50,6,179253732.006,45098773.8165,193.4933,18670888.7467,58467.0933
2022,1,21,7,55,6,181644025.196,51108923.3976,333.6,18437275.3333,207376.64
2022,1,21,8,0,6,179425932.525,56046735.2727,951616.8533,15116249.7067,37316.2667
2022,1,21,8,5,6,172731957.578,46298971.0791,31929.92,16109831.7867,32842.9867
2022,1,21,8,10,6,218086497.221,54630987.5916,510.2933,11692799.2533,33920
2022,1,21,8,15,6,216855559.483,56422389.185,295.3333,12537224.8,29340.2667
2022,1,21,8,20,6,205860215.309,52539481.9272,148722.24,24919929.28,28960
2022,1,21,8,25,6,211999667.782,54748089.3781,41711.7333,21911487.2,16977.4933
2022,1,21,8,30,6,243250018.52,56076248.5457,878.8267,17707230.9333,19711.3333
2022,1,21,8,35,6,239802672.781,58008794.2731,344.1333,18994353.7333,18618.9867
2022,1,21,8,40,6,222348629.407,58532342.9041,122003.9467,21679928.1067,36199.3333
2022,1,21,8,45,6,229063930.868,61896384.5585,31757.4667,16669862.2667,112085.84
2022,1,21,8,50,6,207611774.74,55346494.3036,23513.3333,23129198.1333,125155.0933
2022,1,21,8,55,6,214326010.096,58591102.6656,980,18837170.4,125608
2022,1,21,9,0,6,206717966.868,61885809.5051,15804.7467,22278528.3733,62471.0933
2022,1,21,9,5,6,232396668.338,58983353.1275,310871.2,21608607.36,215733.2
2022,1,21,9,10,6,227455564.453,60796297.5309,313848,21600992,227720
2022,1,21,9,15,6,247243843.753,57288442.9694,36539.2,16989874.4,347910.6667
2022,1,21,9,20,6,248944014.178,57164032.8447,31324.5333,13394234.9333,174586.5867
2022,1,21,9,25,6,263552823.734,60861480.5306,48551.68,12691503.04,169054.8
2022,1,21,9,30,6,279658323.345,65688190.1142,2331.2,10603078.4,104977.1733
2022,1,21,9,35,6,264654831.26,62145913.2486,314.1333,7655638.4,38386.08
2022,1,21,9,40,6,251569924.421,63848548.1913,381.84,3104101.52,37791.7867
2022,1,21,9,45,6,269487900.942,63374245.2094,20224.4267,3346568,21048.56
2022,1,21,9,50,6,266064831.251,66476597.1997,1011.04,4195583.92,134629.44
2022,1,21,9,55,6,241094995.654,67824144.1147,400,4221520,170112
2022,1,21,10,0,6,278529980.814,176146503.241,597.3333,176920.7467,55149.6
2022,1,21,10,5,6,285338046.991,58279992.7541,457.92,2573443.9467,153707.84
2022,1,21,10,10,6,278530454.44,60511525.8192,125920.5333,7352268.9067,56546.56
2022,1,21,10,15,6,305912495.635,60288425.8585,2543.8667,9972641.8667,131982.88
2022,1,21,10,20,6,284427561.351,62700314.7362,416.1067,12961389.0133,54467.76
2022,1,21,10,25,6,312114931.99,59843228.1764,17978.6667,15796150.2933,26289.04
2022,1,21,10,30,6,338395520.225,61317662.0588,51336.4267,18505505.4933,31127.3067
2022,1,21,10,35,6,329221363.45,71348686.5852,175432.2667,22973231.7333,5817.6533
2022,1,21,10,40,6,332169616.576,70622614.999,426546.88,17727021.76,2840
2022,1,21,10,45,6,322208762.869,69814191.6027,129752.2133,18326132.16,37670.2667
2022,1,21,10,50,6,292055798.687,69024916.7805,44991.8667,17426655.0667,14220.16
2022,1,21,10,55,6,325077343.581,67085445.4568,730415.04,10222994.6667,50244.8
2022,1,21,11,0,6,300727644.035,61508969.1805,1510228.1333,13961713.4667,119218
2022,1,21,11,5,6,308970271.627,63139882.226,1157416.2133,19356464.5333,138149.3333
2022,1,21,11,10,6,325632848.808,59293010.1401,1027702.08,10705202.24,12514.32
2022,1,21,11,15,6,288681329.535,58538774.4392,950871.4667,19355108.3733,109593.3333
2022,1,21,11,20,6,303074155.113,61290344.691,1026286.0267,11756518.9333,42802.56
2022,1,21,11,25,6,335186533.948,61294028.9893,1150918.5333,8806043.2,17994.6667
2022,1,21,11,30,6,377107630.978,59373146.5133,1535013.6533,14606201.92,44462
2022,1,21,11,35,6,356699276.821,63312487.6839,1102861.6533,12363407.7867,216788.48
2022,1,21,11,40,6,335428828.839,63080443.4548,1287907.52,10712114.7733,163037.76
2022,1,21,11,45,6,347265623.973,64975198.9849,1335729.2,14554889.2,154953.76
2022,1,21,11,50,6,357287950.152,59093814.8853,1132662.8,8965210.5333,42757.3333
2022,1,21,11,55,6,358756758.651,60733439.5529,1119170.1333,16335990.9333,47696.5067
2022,1,21,12,0,6,365617371.639,61793182.2742,963200.6667,8989541.0667,41624.4267
2022,1,21,12,5,6,376333145.074,61398467.2916,1433212.8,27557876.9067,14261.28
2022,1,21,12,10,6,384047571.489,65436243.7568,786103.04,18049923.84,55917.3867
2022,1,21,12,15,6,368487082.162,60054747.1431,856576.32,19347048.8533,8113.0667
2022,1,21,12,20,6,409573490.93,63538153.264,1068368.4267,18973169.3867,214383.04
2022,1,21,12,25,6,480764746.692,62439036.9934,53591.68,27454562.7733,45256
2022,1,21,12,30,6,338270387.91,60365989.6473,1012.6933,26124562.7733,22329.5467
2022,1,21,12,35,6,342082991.239,59559584.0608,424.8533,23703453.8667,35380.48
2022,1,21,12,40,6,359210388.033,59798787.28,20252.0533,24473436.2667,40653.12
2022,1,21,12,45,6,375899789.53,57976029.5766,51380.9333,36977341.2,64236.32
2022,1,21,12,50,6,360448161.753,56756518.8657,1173.5467,27445415.2533,65872.56
2022,1,21,12,55,6,383413932.438,58961099.9812,55228.2667,32071269.12,23132
2022,1,21,13,0,6,365097322.287,59165467.3746,60759.2533,31675473.3867,27366.08
2022,1,21,13,5,6,345313676.913,56295843.9535,168536.4267,32025008.5333,53516.8
2022,1,21,13,10,6,367176199.996,57014709.0234,169992,32029816,55432
2022,1,21,13,15,6,366780603.393,56307469.1451,1723250.0267,74419360.32,128337.92
2022,1,21,13,20,6,350364424.479,54922754.0558,184809.3867,37587477.12,79663.9467
2022,1,21,13,25,6,389518616.466,54527731.5808,1604024.64,42700774.72,28548.9333
2022,1,21,13,30,6,384423284.744,52650779.9584,1426561.7333,51759839.4667,26857.44
2022,1,21,13,35,6,406532478.655,51843651.7527,2013058.8,71160948.2667,42344
2022,1,21,13,40,6,386968192.782,48697705.9281,1935321.6,67090384.4267,122096.24
2022,1,21,13,45,6,372094766.914,50395827.7657,3615226.56,67446520.4267,50183.76
2022,1,21,13,50,6,362603060.048,47603679.2304,1917378.1333,59102157.0667,50290.4533
2022,1,21,13,55,6,418779806.82,49841376.983,46338.24,47258615.36,55323.7067
2022,1,21,14,0,6,378465568.301,50678902.7206,15925.6,59784614.6667,42763.2
2022,1,21,14,5,6,390713547.377,51146504.4342,531.3333,58196717.3333,16544
2022,1,21,14,10,6,379599476.288,47496775.6782,43286.9333,55437024.5333,15269.3333
2022,1,21,14,15,6,389277708.991,50601525.1658,32216,51058995.8667,32162
2022,1,21,14,20,6,417031348.58,49112620.0763,41306.5333,51380994,51984.64
2022,1,21,14,25,6,382425079.796,46995689.8227,129964.0533,47932334.08,231223.4933
2022,1,21,14,30,6,394560970.81,50813167.482,101417.92,55571733.8667,45897.5467
2022,1,21,14,35,6,428545528.044,50870971.7543,106857.0667,49330583.4667,111195.52
2022,1,21,14,40,6,423835789.073,47480790.8563,82517.8667,50682670,34150.8
2022,1,21,14,45,6,377977324.322,47711032.1146,1099798.9333,55347956.4,65576.6667
2022,1,21,14,50,6,441218109.975,51305922.5221,123932.48,45009120.96,115538
2022,1,21,14,55,6,423648904.412,48841833.6575,103904,47918950.8,14170.6667
2022,1,21,15,0,6,412942301.574,47645603.0297,372643.2,48265868.4,24412.24
2022,1,21,15,5,6,391013852.204,48391894.5465,81121.0667,42715062.5067,37445.3333
2022,1,21,15,10,6,410660881.045,46490554.8192,45920.8,33804663.2,184139.3333
2022,1,21,15,15,6,402785343.437,48970129.1801,76223.36,39012369.92,44168.6667
2022,1,21,15,20,6,441074775.372,50123356.4854,44419.4133,56633818.6667,23302.16
2022,1,21,15,25,6,441266659.238,48521706.097,332383.8667,59444532.2667,25177.28
2022,1,21,15,30,6,439296363.732,48973258.6053,398595.3067,55812274.0267,35814.4
2022,1,21,15,35,6,484548352.519,50972123.5573,288315.2,59629522.9333,121143.5733
2022,1,21,15,40,6,445321379.689,51604361.3094,162838.1867,59572946.24,140431.36
2022,1,21,15,45,6,420620256.738,48511243.354,405577.1733,57558780.16,45582.0533
2022,1,21,15,50,6,394287085.696,50913039.8439,68858.88,47716989.6533,73016.4267
2022,1,21,15,55,6,507796466.353,55305193.5858,113076.3733,53754831.2533,35534.3467
2022,1,21,16,0,6,394353092.311,56598986.9694,195667.3333,43332849.0667,48132.16
2022,1,21,16,5,6,407639245.932,56741817.8113,26788.9067,63857852.9067,307211.52
2022,1,21,16,10,6,418180604.287,57904574.626,130019.3333,64259014.5333,335944.6667
2022,1,21,16,15,6,415416315.585,58653761.4506,385026.1333,57646308.6933,65495.8133
2022,1,21,16,20,6,453608876.823,57952169.9716,63874.1333,58017622.2933,45288.32
2022,1,21,16,25,6,419285102.243,55368794.8522,519187.84,48302055.5733,114619.8133
2022,1,21,16,30,6,399153594.804,58561215.3625,1152247.4667,59956779.6,48614.72
2022,1,21,16,35,6,447451678.958,58609356.9512,1195408.32,51474398.2933,29501.04
2022,1,21,16,40,6,444763199.481,56813193.5477,1652532.5867,45722005.5467,28922.3733
2022,1,21,16,45,6,420719323.581,56614530.5383,45693.44,59157395.6267,39526.88
2022,1,21,16,50,6,447392430.071,56848601.3017,1214368.5333,51090045.6533,24655.68
2022,1,21,16,55,6,460168532.565,63319805.4211,1495798.2933,71577665.7067,220564.6933
2022,1,21,17,0,6,431015421.169,57975621.7963,1341814.6667,60546030.9333,60558.72
2022,1,21,17,5,6,454422039.876,57514482.533,788876.0533,65947796.6933,40842.1867
2022,1,21,17,10,6,501141487.232,55670660.7246,64243.84,43005224.2133,40648
2022,1,21,17,15,6,457719843.799,57001141.7129,59318.6667,91031325.44,11893.7333
2022,1,21,17,20,6,474728627.929,54292525.4259,1080362.1333,69291629.7333,35821.8667
2022,1,21,17,25,6,483885755.886,50662412.3605,1221980.9333,67184540.4,27395.52
2022,1,21,17,30,6,466438777.716,51175163.4454,1133283.0933,74639413.44,24849.92
2022,1,21,17,35,6,471320999.246,50274546.7594,949336.96,65467227.36,36735.92
2022,1,21,17,40,6,438499646.958,50024880.3982,265778.5333,59713874.8,25185.3333
2022,1,21,17,45,6,465635872.038,56056548.6493,165969.0667,73680096.8533,160238.6667
2022,1,21,17,50,6,467035034.737,52671463.5303,1896921.6,78913683.6,68840.64
2022,1,21,17,55,6,452463506.148,52116091.0094,1429090.9333,68021454.9333,78738.56
2022,1,21,18,0,6,422345857.834,47703391.5076,139544.4267,77689437.2267,42079.3067
2022,1,21,18,5,6,451444414.456,50167955.9923,2690895.3333,70187732.5333,35927.36
2022,1,21,18,10,6,466185567.08,50179891.2646,462515.0667,82892747.4667,21273.6
2022,1,21,18,15,6,498795155.89,51498654.5824,280373.0133,83475970.24,16386.2133
2022,1,21,18,20,6,551320620.836,54905499.8059,115663.5733,89987773.44,34236
2022,1,21,18,25,6,578746839.67,52549354.0289,314775.5733,92663367.5733,21542.72
2022,1,21,18,30,6,527711772.306,56188970.0587,516805.8667,91664553.7333,35772.4267
2022,1,21,18,35,6,460685535.295,55773266.6247,1087850.5333,98398614.4,51554.24
2022,1,21,18,40,6,475477685.355,54814796.5305,976925.0133,84030178.4533,32596
2022,1,21,18,45,6,511017400.295,54952697.815,102646.6667,89908978.1333,23610.4
2022,1,21,18,50,6,527803796.75,54288068.9237,185827.4667,89252354.2667,31068.3733
2022,1,21,18,55,6,502302846.989,55329758.5661,38864.4267,82580387.7333,8105.92
2022,1,21,19,0,6,487491945.477,53920388.5803,116602.3467,63452421.9733,23995.76
2022,1,21,19,5,6,460764295.901,53551340.8672,29842.9867,56041187.2,167101.76
2022,1,21,19,10,6,495971226.34,51162196.8658,648432.64,58791408.4267,21902.6133
2022,1,21,19,15,6,489678596.328,52745617.6138,2941122.8,64011024,57218.08
2022,1,21,19,20,6,520685606.375,52925331.756,1519849.6,65628576.2667,82967.5733
2022,1,21,19,25,6,480740594.407,55053285.9049,2148076.6667,73996278,30712
2022,1,21,19,30,6,490281106.343,51038093.7016,3551543.7867,81945362.56,46536.2133
2022,1,21,19,35,6,492773462.567,52459393.434,1834742.2933,87148078.8267,65164.48
2022,1,21,19,40,6,450548310.784,51450083.6956,2965064.4267,85748223.7867,28144
2022,1,21,19,45,6,426997568.411,48133966.2082,3795476.9067,74555425.8133,42273.4133
2022,1,21,19,50,6,451472869.486,49394203.1436,4008590.5333,56986971.3333,51295.2
2022,1,21,19,55,6,422600837.271,48331385.0234,1372406.4,68088415.1467,9558.64
2022,1,21,20,0,6,400427744.204,52770831.1607,1252979.6,59581696,24168.7467
2022,1,21,20,5,6,416925371.828,49560751.4909,1436843.6,49200386.4,16190.9867
2022,1,21,20,10,6,430155615.735,50892653.6498,1327464.5333,58023615.04,15336
2022,1,21,20,15,6,440365948.616,52117381.8657,54391.7333,62879643.0667,6342.08
2022,1,21,20,20,6,465420296.08,56705540.6524,189570.0267,54043728.64,572832.16
2022,1,21,20,25,6,510973153.546,51155590.2155,1006942.1333,65703282.2667,261019.36
2022,1,21,20,30,6,485858945.055,48808195.9914,969571.7333,51195769.6,78107.4133
2022,1,21,20,35,6,467540746.676,46819894.9454,935627.6,67996277.0667,252268.72
2022,1,21,20,40,6,507202259.797,44028657.2604,125626.3467,51713775.36,93177.2
2022,1,21,20,45,6,470316515.107,42512231.0901,271812.6933,48429800,62731.3333
2022,1,21,20,50,6,452948748.905,44624832.2234,140941.2267,49603097.8133,244766.4
2022,1,21,20,55,6,484225027.083,49982575.4605,38529.3333,51783860.1333,90144.6667
2022,1,21,21,0,6,487056110.046,54540209.962,21787.2,51262848.4267,48225.3333
2022,1,21,21,5,6,505405394.688,53581002.3044,329858.1333,55847677.0133,594513.28
2022,1,21,21,10,6,539090966.99,49266291.0652,334024,55909736,629536
2022,1,21,21,15,6,565139419.979,53977638.6325,800275.3067,124469137.6,555137.4933
2022,1,21,21,20,6,573433967.634,57740591.2425,1464682.6667,69138148.0533,147386.6667
2022,1,21,21,25,6,566832107.234,57745271.9408,1183476.9333,71341489.8667,324880.6933
2022,1,21,21,30,6,535596954.456,57597184.9337,1386991.36,72286192.5333,926906.48
2022,1,21,21,35,6,516268792.087,49521697.3611,1188591.1467,78166105.0667,322641.28
2022,1,21,21,40,6,516864525.22,48977606.267,2180282.0267,69512815.8933,276782.1067
2022,1,21,21,45,6,484786830.869,49662325.6725,1908778.56,83896226.88,201108.08
2022,1,21,21,50,6,477277818.275,49986733.2412,1253182.5333,85107471.8667,192856.32
2022,1,21,21,55,6,542828352.137,50258850.8213,1244361.92,79540178.24,143792.6667
2022,1,21,22,0,6,520358817.856,50006844.32,865116.4,83029059.3333,334618.9867
2022,1,21,22,5,6,516120019.317,48995924.1693,532512.4,79666913.4667,243495.68
2022,1,21,22,10,6,542884495.167,48629311.5667,207400.6667,86643985.3333,249686
2022,1,21,22,15,6,516923788.225,47482985.1902,238068.4,100237234.933,338044.6933
2022,1,21,22,20,6,505241755.896,47249831.1951,507696.4,91907477.0667,318605.6533
2022,1,21,22,25,6,537711486.84,45780923.8418,506356,95625138.2667,287663.84
2022,1,21,22,30,6,499834522.284,47231946.0544,469369.2,98653635.2,256577.3333
2022,1,21,22,35,6,473650564.265,50483626.598,86761.92,98000189.0133,2864687.04
2022,1,21,22,40,6,489771196.179,51568074.4912,263351.4667,84401532.5333,3752567.84
2022,1,21,22,45,6,468643886.451,47066907.7746,162466.1333,90999655.6,6690072.32
2022,1,21,22,50,6,495458089.464,48524565.0886,298032.2133,101906502.187,5676004.6133
2022,1,21,22,55,6,457540437.103,49876056.1723,704342.4,101749981.76,3936915.6533
2022,1,21,23,0,6,463675949.339,49630861.3907,48213.4667,95041993.4667,5659816.1867
2022,1,21,23,5,6,422418342.896,54108154.6974,322056.5333,89148625.7333,3827645.92
2022,1,21,23,10,6,409369879.28,50773309.0871,304352.5333,87012092.2667,6919637.44
2022,1,21,23,15,6,403999120.833,42932754.9429,267138.7733,93471103.7867,9348331.3333
2022,1,21,23,20,6,436706660.391,43088550.5216,733530.6667,89800144.1067,11132957.12
2022,1,21,23,25,6,449116437.165,39757789.8318,506615.68,85944149.6533,10482801.6533
2022,1,21,23,30,6,434184683.407,31086903.541,687607.5733,80006787.7333,8562050.72
2022,1,21,23,35,6,407889351.311,34295694.1191,1939697.4933,70530092.5867,767938
2022,1,21,23,40,6,372106021.162,35227107.6079,1201886.6133,55556359.68,75400
2022,1,21,23,45,6,373275824.79,34812630.1361,77830.9333,55577182.5333,116893.5467
2022,1,21,23,55,6,345377622.347,34655938.3379,943951.3333,52197981.8667,198947.0667
2022,1,22,0,0,7,311040128.559,32581631.3358,85383.68,59041220.64,213800
2022,1,22,0,5,7,272056917.274,42035585.1163,348468.0533,56942214.4,112420.64
2022,1,22,0,10,7,276344488.73,42341649.2774,1137634.88,42479631.1467,219014.6133
2022,1,22,0,15,7,282380735.618,38037194.5949,1723749.7333,41711993.2,63142.48
2022,1,22,0,20,7,264533012.64,27606364.1624,814760.24,40598358.8,45712
2022,1,22,0,25,7,251883333.183,28228433.5974,139527.36,40750631.5733,144939.3333
2022,1,22,0,30,7,241014823.953,37182329.2619,117630.2933,33642620.0533,183102.6667
2022,1,22,0,35,7,207889778.459,32892147.7618,647264.4267,22313130.7733,185752
2022,1,22,0,40,7,204755177.019,33429979.5986,366640.96,19277206.6133,66687.6
2022,1,22,0,45,7,196887339.518,35241086.8658,272081.28,15034218.9867,73046.2667
2022,1,22,0,50,7,177039609.879,32964262.4651,45485.5467,17113430.8267,74552
2022,1,22,0,55,7,201034295.703,33581148.5593,92665.28,24285912.64,46676.88
2022,1,22,1,0,7,220117223.41,32514415.7105,180349.3333,20813286.2667,161231.3333
2022,1,22,1,5,7,269573631.498,33894737.6545,100254.2933,22173923.52,305528.1867
2022,1,22,1,10,7,218603483.816,32794246.4708,434310.8267,22710370.24,156205.44
2022,1,22,1,15,7,180827868.698,30844487.4866,438840,22717360,142256
2022,1,22,1,20,7,174521786.646,30140496.8554,2366275.6,44143752.8,68074.2667
2022,1,22,1,25,7,174939689.06,27967595.4138,1288398.8,22983908.6667,60136
2022,1,22,1,30,7,169500648.803,31811706.3196,1166491.2,31063239.2,110673.76
2022,1,22,1,35,7,165625711.014,32364558.2507,921372.9333,29504398.8,49549.6
2022,1,22,1,40,7,198325944.748,35431818.1222,572522.8,27633273.0667,52210.24
2022,1,22,1,45,7,202848816.53,32963637.7422,9822.2667,26193544.9333,144523.2
2022,1,22,1,50,7,154837539.754,36690815.2765,125272.32,28839299.9467,72902.32
2022,1,22,1,55,7,151314949.005,38564364.9462,77211.2,24063973.2,33927.4133
2022,1,22,2,0,7,179842686.998,29416416.7402,1461.6,26671313.6,88633.8933
2022,1,22,2,5,7,168775094.902,24702704.206,26682.0267,30165587.9467,75054.6667
2022,1,22,2,10,7,149918699.424,31062236.2069,23559.04,33408802.56,52777.3333
2022,1,22,2,15,7,128452418.826,32374237.435,692.3733,32567378.3467,50881.84
2022,1,22,2,20,7,134514374.377,38515135.4898,494.5067,31384834.7733,70644.5333
2022,1,22,2,25,7,153279058.199,27467642.6539,361.8133,33106962.24,33658.7467
2022,1,22,2,30,7,155580491.451,37597305.8411,443515.4133,25785946.0267,79662.48
2022,1,22,2,35,7,130998202.475,34338530.9017,711341.6533,27255117.12,45924.9867
2022,1,22,2,40,7,125716532.855,34673647.803,265804.5867,29756902.5067,42816
2022,1,22,2,45,7,116024861.682,34067634.2873,609442.24,18986337.1733,104411.84
2022,1,22,2,50,7,118428014.846,43461483.9449,413187.9467,11260510.08,9968.6667
2022,1,22,2,55,7,130019571.386,39179514.9244,573714.0267,17159405.0133,10158
2022,1,22,3,0,7,121356803.419,41399636.0899,6115.6,17814078.32,20185.28
2022,1,22,3,5,7,113650171.329,41027236.6446,509.9733,17744309.12,21065.2533
2022,1,22,3,10,7,98761129.1268,37085204.8359,54447.1467,12946335.68,2317.2533
2022,1,22,3,15,7,96500143.9219,34206435.4306,33232.5333,10721627.6267,37788.16
2022,1,22,3,20,7,98991515.8165,38164261.6325,69759.8667,13988164.2667,31507.6
2022,1,22,3,25,7,90391280.0127,29591658.8927,16961.92,13234341.6533,81314.4
2022,1,22,3,30,7,106054832.258,28565724.1024,729.6,11279043.0933,85528
2022,1,22,3,35,7,108969625.21,39894548.3338,496.32,11476133.5467,45957.3333
2022,1,22,3,40,7,91356563.4626,40729472.6178,393.04,11369436.24,66030.7733
2022,1,22,3,45,7,78384130.495,41108996.797,542.48,10744081.52,43255.36
2022,1,22,3,50,7,85093002.4707,29613348.5038,817496.1067,11004199.68,41112
2022,1,22,3,55,7,84160295.4236,40184516.598,247689.28,14297686.08,4576.96
2022,1,22,4,0,7,87019927.5532,44759471.9354,3560.96,13478731.7333,19637.68
2022,1,22,4,5,7,87024732.7467,42673727.438,399.4667,20576886.5333,21152
2022,1,22,4,10,7,90112755.1081,37873413.7217,328.96,15615735.04,2173.8667
2022,1,22,4,15,7,73022361.1083,42993552.5924,320.1067,15803415.7867,37709.0133
2022,1,22,4,20,7,76514088.5753,39376975.5929,541.0133,16524541.8667,22092.8
2022,1,22,4,25,7,70734070.0446,44937791.6516,307.2,20681207.8933,38673.92
2022,1,22,4,30,7,72761651.6955,49205958.886,486.16,17927445.84,40256
2022,1,22,4,35,7,64940646.5913,52021584.9617,385.3867,17483551.04,12181.7067
2022,1,22,4,40,7,69525064.475,49515916.586,455.04,18586010.0267,9960
2022,1,22,4,45,7,61019894.6002,40959948.6128,503.36,12989518.6133,31701.44
2022,1,22,4,50,7,65448668.4261,50191250.5727,472.5333,13065923.7333,33592
2022,1,22,4,55,7,69566936.5697,50350755.7387,551.2,12462465.6,39871.36
2022,1,22,5,0,7,63888859.0917,53548508.9398,300.2667,10285254.1333,40344
2022,1,22,5,5,7,86288284.2343,57360503.1703,469.6533,9862132.5867,51812.4267
2022,1,22,5,10,7,64595314.9927,57105965.5804,385.1733,9220504.1067,31977.6
2022,1,22,5,15,7,79111624.8587,49610000.1675,384,9211904,30496
2022,1,22,5,20,7,63648418.262,54443540.0565,873.3867,17282371.6267,49369.12
2022,1,22,5,25,7,58681974.7627,61088517.7157,384.4,10904319.0667,4755.2
2022,1,22,5,30,7,54428049.2075,40431077.046,48406.9333,10757048.32,19002
2022,1,22,5,35,7,65864516.8132,54632000.8768,930.3467,8448588.5867,20520
2022,1,22,5,40,7,58005204.0985,59793666.1618,587.84,8778267.4133,1656.32
2022,1,22,5,45,7,74838810.1269,61643340.2777,331.52,8453226.3467,18460.16
2022,1,22,5,50,7,73827663.8009,46560814.2692,359.5733,8842416.4267,30464.9067
2022,1,22,5,55,7,75460404.2012,56301920.3364,233.7067,8600966.72,11887.04
2022,1,22,6,0,7,66888603.1723,58810534.81,157040.96,8363065.8133,10200
2022,1,22,6,5,7,76760840.2471,54424155.7607,1462444.0533,6944842.3467,37153.9467
2022,1,22,6,10,7,58276964.0316,56567244.6745,1495116.48,9154489.4933,30919.4933
2022,1,22,6,15,7,61233035.9591,50029813.5808,1505336.64,6599020.3733,21619.52
2022,1,22,6,20,7,81622993.9824,53858526.1139,1451915.7333,6189509.76,28568.9067
2022,1,22,6,25,7,88699054.8182,52192446.6989,1071304.8,6965343.36,29208
2022,1,22,6,30,7,81408002.6881,46384490.5857,905385.3867,6252306.9867,31002.96
2022,1,22,6,35,7,89911600.1502,35015279.3507,12540.5867,7266134.5067,31152
2022,1,22,6,40,7,70249710.6459,50969264.5102,519.7333,7591826.2667,22154
2022,1,22,6,45,7,85477430.4942,52197553.5499,559.4667,6991164.48,21336
2022,1,22,6,50,7,83989919.7639,27473651.4763,425.8133,8295108.48,3046.6133
2022,1,22,6,55,7,70654369.1526,31079977.1308,439.7867,6426278.08,19458.56
2022,1,22,7,0,7,85065798.6924,47968771.2559,360.8,2935166.24,21124.5333
2022,1,22,7,5,7,99940255.0007,46824174.534,23890.0267,6192477.2267,21120
2022,1,22,7,10,7,107063337.914,45005154.726,778094.2667,5461684.4,11799.92
2022,1,22,7,15,7,85334612.2205,40211015.237,8486.88,7083382.48,10640.88
2022,1,22,7,20,7,106526507.436,46554026.0947,481.3867,4002378.3467,973.28
2022,1,22,7,25,7,121854849.79,52686659.4622,865.4667,6844188.2667,56
2022,1,22,7,30,7,119949259.648,44737700.8453,73866.8,10357599.0667,36745.6
2022,1,22,7,35,7,110210807.935,49565080.7739,1285.5467,6160471.4667,22680.6667
2022,1,22,7,40,7,109745654.108,47762805.0172,722.1333,5388384.4267,10814.9867
2022,1,22,7,45,7,128327548.898,53962759.3806,86757.44,7343512.8533,28877.2533
2022,1,22,7,50,7,140390136.326,45613934.8249,57088.64,5239661.2267,30448
2022,1,22,7,55,7,136479199.968,48635653.3952,1316.0533,7364528.5333,28374.4
2022,1,22,8,0,7,147369719.211,49307501.408,37461.44,6978979.4133,25300.6933
2022,1,22,8,5,7,174952519.79,48629187.568,78444.9067,11584763.9467,48900.8
2022,1,22,8,10,7,196057157.076,47399668.8409,660067.6267,18998236.0533,11699.4133
2022,1,22,8,15,7,202737863.886,49127465.9698,29744,21926901.8667,8576
2022,1,22,8,20,7,190884120.375,43331945.8738,18136.32,19871760.8533,39900.7733
2022,1,22,8,25,7,206593754.309,43354765.2538,81414.8,17242044,28220.9867
2022,1,22,8,30,7,238131506.585,44440810.3194,1668.16,17403028.6933,26768
2022,1,22,8,35,7,221045411.218,29470523.5064,148959.0133,21187461.1467,18931.2533
2022,1,22,8,40,7,274792811.346,37868958.3912,60613.4667,12304427.2,17512
2022,1,22,8,45,7,268778582.315,52972428.687,122613.12,15227294.5067,43061.44
2022,1,22,8,50,7,245440924.899,43773590.5229,1010281.3333,26167674.1333,13569.3867
2022,1,22,8,55,7,262961336.46,48155189.3449,1171852.2667,28480679.4667,23420.1067
2022,1,22,9,0,7,247220968.154,50468734.1351,1147078,26498354.1333,27421.6
2022,1,22,9,5,7,248116612.809,47761314.4712,1021032.5333,22828886.5333,23167.44
2022,1,22,9,10,7,296147839.014,53604895.0972,1584927.04,25987917.76,42950.9333
2022,1,22,9,15,7,297398627.605,54287733.4551,1592576,26031440,46072
2022,1,22,9,20,7,264689331.454,49356245.2243,2434521.44,42279589.12,28670.9333
2022,1,22,9,25,7,246552096.16,53311405.3934,71311.4667,33424922.6667,45796.16
2022,1,22,9,30,7,243673715.731,44824236.0665,220211.0667,28517449.4667,43641.68
2022,1,22,9,35,7,281325603.952,44778437.1471,93284.6933,26987633.6,19211.0933
2022,1,22,9,40,7,272648752.41,44897104.1735,187289.92,22541806.1867,16029.04
2022,1,22,9,45,7,321135241.438,48358686.8288,78914.0267,28550023.5733,31587.84
2022,1,22,9,50,7,258552006.503,50313348.3296,67115.4133,30626132.5867,24056.4
2022,1,22,9,55,7,272111614.967,45603650.4711,1161.3867,27709963.84,31750.6933
2022,1,22,10,0,7,292812797.764,39897353.0638,109200,25046771.6267,120838
2022,1,22,10,5,7,308493581.927,38666989.0011,149965.0133,21601549.9733,41972
2022,1,22,10,10,7,304155716.449,41738709.2843,1956.4,21834042.16,23296.96
2022,1,22,10,15,7,266988752.878,38675162.5395,632372.5867,24157196.0533,4953.6
2022,1,22,10,20,7,251601830.383,45149763.4987,129526.6133,19276293.8667,34102.0533
2022,1,22,10,25,7,255960109.31,51659861.8732,530202.96,15563789.52,38952.64
2022,1,22,10,30,7,277503812.598,49057969.714,889567.36,20130407.2533,71317.8667
2022,1,22,10,35,7,322527757.361,44749737.9836,1719237.12,20072566.2933,141656.96
2022,1,22,10,40,7,340056947.333,59514628.9988,1376896.8533,34392102.8267,93934.4
2022,1,22,10,45,7,336083302.42,52371164.2745,3320044.6933,25958818.56,132936.5333
2022,1,22,10,50,7,321890873.384,55048364.3384,3930308.9067,52420600.96,52183.3333
2022,1,22,10,55,7,323326246.105,46914619.9046,1380534.2667,44535540.6667,20269.3333
2022,1,22,11,0,7,352467389.071,49737596.2633,1078732.5867,31456811.3067,12882.56
2022,1,22,11,5,7,316983864.282,51402230.8935,1062263.36,26856262.72,41782.88
2022,1,22,11,10,7,317732461.036,45723326.5234,1086652.0533,22903424.5333,27727.2
2022,1,22,11,15,7,320212808.446,41496297.8005,1123861.6533,18929479.04,6576.6667
2022,1,22,11,20,7,299836584.075,53406045.5324,1183954.6667,16862748.6933,148146.6667
2022,1,22,11,25,7,323522517.78,52664915.8351,2312598.9333,18458949.9733,51055.5733
2022,1,22,11,30,7,332785031.671,51896100.2003,1472835.6,24613882.9333,145564.96
2022,1,22,11,35,7,305630254.136,48404608.9947,432483.4667,24369401.6,71881.28
2022,1,22,11,40,7,295189236.274,52485277.414,94364.1333,26575067.7333,112803.52
2022,1,22,11,45,7,326830714.558,53222639.8998,868505.1733,20486172.9067,38300.8
2022,1,22,11,50,7,346809237.169,54435708.0991,307589.6,24301797.2,51856.96
2022,1,22,11,55,7,385462642.078,51406988.5751,210804.2667,28460363.7333,28793.92
2022,1,22,12,0,7,369967213.6,50591409.6507,254962.5333,24086233.4667,26832.2667
2022,1,22,12,5,7,373481384.008,50467972.9535,137940.5333,28623602.9333,74538
2022,1,22,12,10,7,386185367.507,54277989.6948,21040.7467,23701515.2,55109.0933
2022,1,22,12,15,7,448490915.711,52449779.3532,407031.4667,38616348.9333,152872.96
2022,1,22,12,20,7,435901617.25,50824123.0412,127072,38742794.88,44112.8533
2022,1,22,12,25,7,431628373.352,48771739.7502,108072.4,39754747.0667,47284.9067
2022,1,22,12,30,7,374099311.941,49091602.9151,221127.4667,51074738.9333,16620.8
2022,1,22,12,35,7,399515485.038,52556078.0201,41390.9333,45242120.9333,119821.6533
2022,1,22,12,40,7,430560760.947,52599770.8665,154146.6667,30598609.4933,114891.7067
2022,1,22,12,45,7,437827009.772,53732523.4024,1087204.2667,31612499.3067,44644.8
2022,1,22,12,50,7,428357938.495,51535260.4399,340406.9333,34120740.6667,70556.0533
2022,1,22,12,55,7,414016351.776,49748827.9427,1840791.6,34806736.8,44155.68
2022,1,22,13,0,7,396141032.292,47685539.7087,3219018.9333,41728475.3333,46349.76
2022,1,22,13,5,7,425093150.608,49394209.5424,1706130.24,27681194.9867,108737.44
2022,1,22,13,10,7,429121063.829,49206313.0123,1440201.1733,28447158.5067,36411.7333
2022,1,22,13,15,7,481418529.977,46876383.664,1436888,28460096,30896
2022,1,22,13,20,7,433292364.474,51067713.1079,2291246.6133,58504877.44,132092
2022,1,22,13,25,7,416514205.135,49778845.1541,1288096.1067,28622826.1333,32665.44
2022,1,22,13,30,7,450326102.505,51802985.2777,1235467.6,26769648.5333,43168.1067
2022,1,22,13,35,7,461830616.98,56641125.032,1533049.0667,33618668.1333,52682.6667
2022,1,22,13,40,7,430510468.219,54477038.0076,539367.7333,55795928.8,27890.3467
2022,1,22,13,45,7,479345012.074,55657656.9456,143180.1333,54867379.6,153815.68
2022,1,22,13,50,7,424597331.949,55488543.569,242816.64,53573407.44,63601.3867
2022,1,22,13,55,7,407667243.962,58790858.7014,1014916.6933,64979261.2267,223147.6
2022,1,22,14,0,7,436758341.675,58286818.5259,902120.4,55097652.2667,108074.8
2022,1,22,14,5,7,445850652.802,55348142.5372,1039980.8,54564379.7333,259718.32
2022,1,22,14,10,7,422777755.944,49914552.1808,272161.4933,59168302.5067,34416.7467
2022,1,22,14,15,7,437547081.089,51457909.7067,1091869.28,57219256.5867,58610.9333
2022,1,22,14,20,7,476081101.84,52443749.0501,1529791.2533,55833531.52,68778.56
2022,1,22,14,25,7,480969766.917,46718581.4574,2751104.32,53282336.5333,51078
2022,1,22,14,30,7,496819217.259,46333427.8432,2342472.1067,54295272.96,16938
2022,1,22,14,35,7,507114829.345,49253840.3359,1359137.3333,52801218.8,36123.2
2022,1,22,14,40,7,508003282.512,48052164.0552,1853819.2,43365176.64,26560.16
2022,1,22,14,45,7,488840912.954,50499291.7874,1166589.0667,65393963.3333,28141.0933
2022,1,22,14,50,7,500694227.105,51518730.9944,901155.9467,57954196.0533,334412.9867
2022,1,22,14,55,7,459884631.168,54581966.7592,1184609.6,61421922.9333,94249.6
2022,1,22,15,0,7,531759849.939,53625068.2422,1498112.8,60961887.7333,223922.88
2022,1,22,15,5,7,542102832.151,55124544.3799,4735056.2133,65200395.6267,254845.0933
2022,1,22,15,10,7,540670820.397,50973313.7049,3250168,60194995.36,111818.9867
2022,1,22,15,15,7,528387169.554,47435765.4971,1834371.7333,66187497.1733,80327.7867
2022,1,22,15,20,7,493800639.154,45807615.4468,1662488.5333,73935313.3333,99991.5733
2022,1,22,15,25,7,464391010.53,46851028.3159,1529861.2267,60719444.6933,102048
2022,1,22,15,30,7,463899653.905,48211252.9817,3091465.4933,52109971.0933,247735.2267
2022,1,22,15,35,7,498893170.493,49300155.3906,1378971.3067,49203378.9867,137641.76
2022,1,22,15,40,7,464771170.755,49308685.9647,1371348.1333,63813216,234432.7733
2022,1,22,15,45,7,474554844.512,53059032.4946,1071598.2933,60271243.4133,166992.96
2022,1,22,15,50,7,474677412.177,49572312.3282,186332.2667,71508753.6,160656
2022,1,22,15,55,7,427462362.379,51035473.3312,211585.8133,67451891.9467,231963.6
2022,1,22,16,0,7,473248374.662,51375005.9659,425949.9733,59602417.28,239445.9733
2022,1,22,16,5,7,473316589.982,53923958.1749,342044.9067,64102840.4267,179977.2
2022,1,22,16,10,7,492220615.713,52525028.373,233056.96,65053466.7733,172652.3733
2022,1,22,16,15,7,502203440.765,49710411.6427,3443.2,49088686.5067,500076.48
2022,1,22,16,20,7,658485506.011,54532764.8242,84589.76,49644688.8533,274576.5333
2022,1,22,16,25,7,523084614.141,52371400.3602,65197.44,62845850.88,443920.96
2022,1,22,16,30,7,517963058.993,50410907.715,71479.36,56257693.9733,725747.52
2022,1,22,16,35,7,570138831.466,53135440.9539,147032.9333,59308084.6667,607946.6667
2022,1,22,16,40,7,567008528.446,52267283.0494,2888.8,60124560,441579.7867
2022,1,22,16,45,7,589472339.084,51241112.7919,1351589.0133,53483960.64,454838
2022,1,22,16,50,7,546447475.703,50153422.9325,1249952.1333,61779041.4667,513543.6
2022,1,22,16,55,7,551342703.777,56469651.7042,1144012.16,60945686.08,390160.1333
2022,1,22,17,0,7,519195964.528,56822732.6265,846931.4667,63810956.6667,337537.3333
2022,1,22,17,5,7,517609777.984,54497124.6255,123831.8933,71466280.96,444607.3333
2022,1,22,17,10,7,496333854.118,51246033.2477,2169.6,72198019.8667,544555.5467
2022,1,22,17,15,7,563507780.997,55813667.4144,272,72208680,550632
2022,1,22,17,20,7,513526310.508,49024958.5425,139707.7333,134412851.093,15024292.6667
2022,1,22,17,25,7,517783197.408,43425536.9365,743053.7333,74270174.8,9853299.84
2022,1,22,17,30,7,521255128.671,45773121.481,642836.0533,68729064.1067,9221267.28
2022,1,22,17,35,7,511833165.437,44855603.035,842518.2667,60297200.5333,9303074
2022,1,22,17,40,7,526891622.092,52117444.117,177222,60022971.2,9343834.88
2022,1,22,17,45,7,550012481.365,48699386.0021,17785.3867,61900004.3733,8871370.6667
2022,1,22,17,50,7,601837204.523,50074698.4006,98040.4267,59998179.52,9681078
2022,1,22,17,55,7,590878542.312,52273019.5699,115900.1333,61099547.3333,6209921.44
2022,1,22,18,0,7,608250768.18,51682880.4637,95456.1067,68105897.8133,1593884
2022,1,22,18,5,7,640110967.588,53556097.3454,482130.88,74095234.9867,7085870.96
2022,1,22,18,10,7,650393332.214,49013253.8816,789295.7867,67219480.1067,8982768.4267
2022,1,22,18,15,7,666187875.596,47834771.7571,694867.2,68035912.96,9595736.24
2022,1,22,18,20,7,661972652.555,50321750.115,2376066.5333,68698128.5333,10498935.3867
2022,1,22,18,25,7,656430730.472,50166896.6812,2142312.2133,70152518.9333,5673687.04
2022,1,22,18,30,7,677714759.569,51060722.6347,2820562.56,61229500.9067,3244848.6667
2022,1,22,18,35,7,648706216.819,50077560.046,4053771.52,59365287.04,4260774.6667
2022,1,22,18,40,7,647836879.694,47072281.4593,4362000.1333,62991884.9333,9623765.6533
2022,1,22,18,45,7,627594026.646,45165742.2537,470471.04,61607172.3733,10066854.24
2022,1,22,18,50,7,617419796.302,48970111.1456,156096.7467,69291083.2,10467236.2133
2022,1,22,18,55,7,606457142.785,48701115.0033,105218.4,63940744.1333,9301051.6533
2022,1,22,19,0,7,599786970.625,47439595.8587,252498.1333,78657296,9636642.5333
2022,1,22,19,5,7,613287142.252,45296685.2787,1216951.8667,74503843.7333,10220173.3333
2022,1,22,19,10,7,611583405.532,44874840.9397,1420215.2,59621033.7333,9906838.5067
2022,1,22,19,15,7,612267545.974,46323293.2845,1462740.16,76969458.1333,9864080
2022,1,22,19,20,7,604005043.123,47608313.4926,1375220.4,85096099.3333,12641185.4933
2022,1,22,19,25,7,598698882.115,48524111.7764,702494.72,70219624.32,11636199.3333
2022,1,22,19,30,7,604813144.988,43641248.0034,688806.2667,77270826.1333,9721510.2933
2022,1,22,19,35,7,582362172.14,44152490.3012,2130200.64,82780186.6667,9550960
2022,1,22,19,40,7,593292055.089,46441485.8386,5138911.0667,81526325.6,9492366.6667
2022,1,22,19,45,7,564786379.745,46466282.916,4565497.4933,62835120,10766890
2022,1,22,19,50,7,569166428.629,45518501.7734,3578203.84,66282374.2933,18279792.8
2022,1,22,19,55,7,567450668.924,47925216.1284,2088300.4,73648816.4,22502729.28
2022,1,22,20,0,7,508730003.432,48513655.8661,2722736.32,63747272.4267,18235196.48
2022,1,22,20,5,7,535766917.162,47699498.7384,2836337.6,68288847.8667,17649560
2022,1,22,20,10,7,521700346.408,43934005.6251,4389812,80269222.4,19638330.9333
2022,1,22,20,15,7,487841108.244,43325796.2828,1856288.2133,65327552.32,16260363.3333
2022,1,22,20,20,7,505316991.974,45251634.4764,3840344.96,54771492.0533,15903534.08
2022,1,22,20,25,7,495989044.427,47488687.1232,2735601.6,57485300.5867,9722728
2022,1,22,20,30,7,536153234.681,46709014.1106,2846510.5067,53790396.2667,9036067.44
2022,1,22,20,35,7,546397730.367,48935890.7447,503943.36,53872346.7733,8551109.2267
2022,1,22,20,40,7,531845911.616,49967357.2166,317377.2,51003211.7333,5532414.4
2022,1,22,20,45,7,545683796.861,45529113.6412,267486.72,52509972.8,1099874.08
2022,1,22,20,50,7,576830780.994,49094706.3524,556762.24,52997227.52,2877981.04
2022,1,22,20,55,7,559720394.188,49953995.8123,1840757.6533,42903794.88,4732273.04
2022,1,22,21,0,7,544051523.22,47257205.5991,2470341.8667,46007998.9333,7657108.3733
2022,1,22,21,5,7,550928813.968,158191432.991,269931.2,44052066.72,6523617.6
2022,1,22,21,10,7,557640471.507,48973043.2045,1087679.8667,38715353.0667,7434253.44
2022,1,22,21,15,7,545606583.878,48661606.0055,1102304,38625592,7653136
2022,1,22,21,20,7,540333824.231,48121394.846,4591862.9333,88627714.4,12880812.88
2022,1,22,21,25,7,537033851.149,46879424.1321,1217976.32,57061005.76,13805120.9867
2022,1,22,21,30,7,527139111.222,47733336.2492,308724.2667,50835173.5467,16317592.4267
2022,1,22,21,35,7,504891120.226,45246421.7453,1686866.88,55040490.4533,17542819.84
2022,1,22,21,40,7,525387471.807,47051464.7831,1185480.4,53087364.9333,21252555.36
2022,1,22,21,45,7,546718593.94,45752826.7811,1198141.76,68124581.76,15429322.08
2022,1,22,21,50,7,511583976.796,43690322.4644,2038416.8533,63132074.56,14940072
2022,1,22,21,55,7,494225876.535,43742058.778,2821057.1733,69456071.68,21490992.96
2022,1,22,22,0,7,535674552.787,46165224.4512,383702.08,54645028.9067,20510842.6133
2022,1,22,22,5,7,539989882.805,44722936.8825,2485131.3067,59287479.68,21689248.7467
2022,1,22,22,10,7,544906832.363,46608094.2318,2458563.2,66315187.7333,22738755.76
2022,1,22,22,15,7,546370308.239,45213519.7632,1862951.2,74024973.7333,21983630.0267
2022,1,22,22,20,7,534711852.158,43285188.3335,409433.92,65735186.9867,23926287.68
2022,1,22,22,25,7,550964872.401,43631925.2796,598209.3867,67270586.0267,26338495.2533
2022,1,22,22,30,7,542502259.292,45873323.6198,656237.8667,80529676.2667,26568544
2022,1,22,22,35,7,516982420.134,46603140.4696,255889.6,101116699.2,22368113.92
2022,1,22,22,40,7,479598334.518,47974878.0572,187012.16,72675110.08,21795328
2022,1,22,22,45,7,456476111.994,45304112.839,157242.6667,87189621.6,26848343.36
2022,1,22,22,50,7,443510678.677,43960488.3302,269468.8,63927786.88,22654422.24
2022,1,22,22,55,7,455887238.682,44160153.8114,193772.8,86558050.4,10875315.2
2022,1,22,23,0,7,447249637.315,40898858.3258,708249.8667,70057809.4667,9911248
2022,1,22,23,5,7,473028465.993,40209227.7681,1301564,88178891.2,10462131.4133
2022,1,22,23,10,7,421097796.308,44180529.4513,1317755.0933,69623942.6133,7614547.2
2022,1,22,23,15,7,393050939.58,47606540.6353,1558929.7333,74842083.6,9009643.8667
2022,1,22,23,20,7,365595270.728,49122332.2681,1302401.8133,88254682.24,9185960
2022,1,22,23,25,7,399953416.586,46138825.3371,2269492.9333,80963218.9333,9432704.4
2022,1,22,23,30,7,415616138.294,45622866.1124,1396578,67529967.8667,7063111.04
2022,1,22,23,35,7,421102493.905,42442489.3793,537300.5333,77595628.9333,825129.6267
2022,1,22,23,40,7,420338861.579,47196726.5565,221198.2933,75727861.2267,251430.4533
2022,1,22,23,45,7,385856301.62,47347332.6729,1518557.7333,84585278.5333,319018
2022,1,22,23,55,7,388826918.29,52036246.1598,879462.5333,73487422.2667,129110.5067
2022,1,23,0,0,1,368156760.364,50323021.7629,257872.96,71812885.0133,247876.8
2022,1,23,0,5,1,383871460.505,45873428.0075,1331035.6267,69338661.9733,207111.3333
2022,1,23,0,10,1,355894335.495,46879853.8844,1160509.8667,64258112.32,185585.3333
2022,1,23,0,15,1,346026724.433,41151232.7762,938360.2133,70947252.48,2107396.88
2022,1,23,0,20,1,410846618.213,40127550.4425,480246.6133,65087752.4267,2596501.92
2022,1,23,0,25,1,357874592.417,36927366.4841,81305.4667,74524146.1333,446487.92
2022,1,23,0,30,1,352682483.228,37794648.5617,797914.1333,83167087.2533,246471.2
2022,1,23,0,35,1,362847883.575,39345870.1372,50306.88,74500165.44,107729.3333
2022,1,23,0,40,1,341476951.403,35637371.2921,113795.7333,79078250.3467,106404.16
2022,1,23,0,45,1,326976512.949,32476784.198,79966.6133,72487545.28,123030.1333
2022,1,23,0,50,1,299897910.179,30409477.3471,143187.3067,63982509.76,116051.92
2022,1,23,0,55,1,311420274.71,34534748.5223,24186.72,74560847.44,108488.5867
2022,1,23,1,0,1,320378616.184,30781504.2728,567079.2533,70362387.4133,218580.5867
2022,1,23,1,5,1,339934809.047,31489474.8907,1154599.8933,73529321.1733,118159.68
2022,1,23,1,10,1,315232921.956,34990530.6606,811131.4133,65638698.9867,72775.68
2022,1,23,1,15,1,274854511.086,31331688.7218,806384,65531480,70416
2022,1,23,1,20,1,267651951.205,31698849.3557,3051855.7867,129479927.787,194055.5733
2022,1,23,1,25,1,261511912.164,37421873.9182,1341830.5067,56766239.36,22194.7733
2022,1,23,1,30,1,206044225.838,29853365.541,1728054.9333,52141965.76,34372
2022,1,23,1,35,1,219757617.223,36437766.6012,1028496.32,40190775.68,21422.56
2022,1,23,1,40,1,201380744.009,36353342.3339,13854.6133,37718981.12,26035.4133
2022,1,23,1,45,1,201278147.418,37494616.2322,66268.16,38659800.2133,43971.52
2022,1,23,1,50,1,197165941.526,37248830.9195,184565.44,33137759.68,62649.36
2022,1,23,1,55,1,171070420.273,29164004.5912,207289.7333,22273040,25979.2
2022,1,23,2,0,1,149471642.142,31020950.0875,12138.0267,21226952.96,34630.2933
2022,1,23,2,5,1,129987439.229,32882146.2859,647.5733,15989072.5333,30655.3333
2022,1,23,2,10,1,120241231.428,43534677.3346,194482.9867,17876192,38451.2
2022,1,23,2,15,1,139142049.79,40739221.897,32147.8667,16024048.6667,39168
2022,1,23,2,20,1,118074364.742,30540837.9726,1167965.3333,23527681.28,144407.68
2022,1,23,2,25,1,141663003.451,41926256.7481,1063373.3333,12453751.7867,23677.28
2022,1,23,2,30,1,127866487.169,44178978.3033,1018733.3333,18851621.44,35503.84
2022,1,23,2,35,1,127713911.195,52582552.7029,391516.0533,25596047.04,37248
2022,1,23,2,40,1,127037232.119,46310703.8912,1196353.3867,23500493.76,51479.8933
2022,1,23,2,45,1,125707078.991,46703934.1879,1004840.5333,24751937.4933,53120
2022,1,23,2,50,1,109570921.528,38885348.4194,1111859.7333,22880933.3333,115291.0133
2022,1,23,2,55,1,95791633.5843,43175305.9628,1034636.6933,20107454.9333,10634.32
2022,1,23,3,0,1,107366887.743,32423657.2685,1045020.32,23021487.12,41527.3333
2022,1,23,3,5,1,95871917.1159,38411791.7232,1069483.3333,26183731.8667,39032.32
2022,1,23,3,10,1,121547346.81,48197180.4495,773220.4,18343174.6667,30211.84
2022,1,23,3,15,1,119157342.384,46759549.5866,709891.84,23835491.52,161432.8533
2022,1,23,3,20,1,94360246.7813,41164182.9416,1027250.4,21781727.5733,171872
2022,1,23,3,25,1,91281486.4272,37320672.8338,1140472.9333,21691073.4667,34376.9067
2022,1,23,3,30,1,131424549.36,41311492.7384,977249.44,15835311.44,37774.4
2022,1,23,3,35,1,115055446.084,32070987.7113,1059845.3333,19417962.4533,40512
2022,1,23,3,40,1,111037102.116,33008110.1716,1024066.88,22893190.5067,4032.6667
2022,1,23,3,45,1,123626093.766,42304402.411,624248.1333,24847453.6,9131.2
2022,1,23,3,50,1,118721922.782,34050116.4632,8493.5467,25053105.92,31506.9333
2022,1,23,3,55,1,118327280.209,43259478.8754,16777.2,20657495.76,28159.1467
2022,1,23,4,0,1,76817473.1889,46437046.819,691.6267,26339314.3467,17380.7467
2022,1,23,4,5,1,91895238.9605,49168662.8762,503.36,25533520,58843.68
2022,1,23,4,10,1,98707983.9761,39071672.9401,346.1333,23186015.4667,23093.5733
2022,1,23,4,15,1,96254598.03,33828007.3096,82182.08,28930403.7333,26246.72
2022,1,23,4,20,1,99802551.738,30000113.0924,122338.1333,24355794.6667,32384.9333
2022,1,23,4,25,1,82594356.8454,33499647.1735,1947.84,27129957.6533,3304.96
2022,1,23,4,30,1,93696161.6213,51665445.0272,335.68,22247973.76,14486
2022,1,23,4,35,1,91051902.4576,46527782.3488,336,20675045.2267,48904.6667
2022,1,23,4,40,1,73678811.9196,49091169.5346,288.64,21390378.24,42819.6267
2022,1,23,4,45,1,79657374.0922,51283400.783,303.7867,14224261.76,29381.0933
2022,1,23,4,50,1,81816400.9746,47460687.5229,462.4,11676444,28328
2022,1,23,4,55,1,56329963.7084,50076627.8363,519.2533,12625054.4,20388.32
2022,1,23,5,0,1,44287582.2105,51679439.3074,401.6,11821579.52,16514.24
2022,1,23,5,5,1,67317071.66,51504974.5339,723.6267,12781660.8,26388.6667
2022,1,23,5,10,1,50853756.7363,45327288.2204,252.8,12665474.16,51350.6133
2022,1,23,5,15,1,45283731.6946,46045381.2899,248,12664168,52976
2022,1,23,5,20,1,47756986.8816,47773933.9804,950.5067,25563003.4133,45330.8
2022,1,23,5,25,1,51720828.389,47912889.6238,383.7867,11756671.5733,26707.3333
2022,1,23,5,30,1,53591750.1944,50556688.6951,242.2667,11174214,2682.88
2022,1,23,5,35,1,71918552.2198,50255953.4795,382.08,9931747.9467,30430.4
2022,1,23,5,40,1,69382505.5763,52356421.8362,352.5333,10538229.6,11368
2022,1,23,5,45,1,72508920.3463,53964096.417,52626,6851277.7333,15288.32
2022,1,23,5,50,1,84025867.0588,48421834.8667,973.9733,6672110.2933,34736.64
2022,1,23,5,55,1,87155690.9721,50027966.3945,19350.08,12772043.2,16476.9333
2022,1,23,6,0,1,82396026.1215,50906369.2716,586.4,12888133.8667,14824
2022,1,23,6,5,1,79716008.7594,47239553.443,602.2667,10065050.5333,17324.6667
2022,1,23,6,10,1,84061790.546,34028767.1004,379.0933,9575867.84,10820.6933
2022,1,23,6,15,1,93676498.3286,47532381.0437,368.1333,11481747.8667,23271.04
2022,1,23,6,20,1,94915794.4879,47573785.3508,257.4933,12206689.3867,26867.1467
2022,1,23,6,25,1,84857850.7869,53754754.1878,523.4667,10891568.8,33893.36
2022,1,23,6,30,1,80511613.4252,47592741.2466,401.7067,10831010.9867,59076.8
2022,1,23,6,35,1,85039096.037,50620242.6304,257.92,2776793.8133,20603.4933
2022,1,23,6,40,1,83458774.7767,49369350.7516,334.9333,74534.2933,25373.7333
2022,1,23,6,45,1,76908591.6288,49969330.8416,431.04,44216.24,19250.3467
2022,1,23,6,50,1,82122499.4348,46966027.7525,400.4267,143222.72,18664
2022,1,23,6,55,1,85876510.0661,47108770.3652,289.4933,1314738.7733,38568.8
2022,1,23,7,0,1,77524961.1979,47863249.878,485.3333,98552.64,12532.64
2022,1,23,7,5,1,78587824.215,45780818.0711,488,43013.5467,43577.3333
2022,1,23,7,10,1,86954192.5577,42969936.388,354.2667,154029.4667,26984
2022,1,23,7,15,1,96419275.6323,37468326.7416,344.1067,7969720.1067,16343.3867
2022,1,23,7,20,1,123443657.419,45089953.0919,399.2533,9096843.52,26071.1467
2022,1,23,7,25,1,129065418.335,49250118.4071,384.2133,19151220.5867,3884.48
2022,1,23,7,30,1,128653923.243,46862000.4105,115689.8133,20072756.3733,15102.2133
2022,1,23,7,35,1,137596526.875,44314630.8244,55266.5333,19329946,18459.84
2022,1,23,7,40,1,154903358.932,49506964.3246,20809.44,20723641.28,10206.88
2022,1,23,7,45,1,143768127.251,49826329.8346,596.5867,22215535.2533,25718.08
2022,1,23,7,50,1,140327000.711,50686185.2896,470.08,23276318.9333,27128
2022,1,23,7,55,1,135616448.286,49803907.8069,511.4667,22421549.0133,36732.88
2022,1,23,8,0,1,140344797.571,47665592.4843,167527.04,16418594.3467,37920
2022,1,23,8,5,1,137842545.781,44671380.2739,3286,17962248.1333,13896
2022,1,23,8,10,1,150651886.213,43656586.449,139694.5067,10778000.5333,11712
2022,1,23,8,15,1,167783266.518,45750453.7447,205811.9467,18222718.72,42121.4933
2022,1,23,8,20,1,181739719.823,47052485.9093,92873.92,19244142.2933,39037.44
2022,1,23,8,25,1,174471488.736,52412599.8524,190689.3867,12220277.0133,14139.52
2022,1,23,8,30,1,198894548.606,56276989.5719,128774.8267,11731583.04,46387.2
2022,1,23,8,35,1,232149909.01,47950344.896,112259.6267,14868418.4533,37488.6667
2022,1,23,8,40,1,238419178.709,44318144.5003,1801.8133,14318138.0267,22532.64
2022,1,23,8,45,1,261347135.402,43706629.0229,31664.32,14504611.84,19192
2022,1,23,8,50,1,377005915.032,43883405.2603,50716.2667,25862849.8133,19008
2022,1,23,8,55,1,286311005.836,43621849.7152,16810.9333,18698195.7333,27700.16
2022,1,23,9,0,1,273119715.541,45990087.9467,542.48,21795627.92,28456
2022,1,23,9,5,1,269557188.339,46487391.2795,32667.7333,26872734.1867,27650.88
2022,1,23,9,10,1,260127667.262,50236381.4271,149330,14623989.28,26081.4933
2022,1,23,9,15,1,233442531.873,49527707.1043,54499.2,16481802.9333,19348.2667
2022,1,23,9,20,1,240022666.747,48955348.0597,52872,16515400,85048.6667
2022,1,23,9,25,1,251417050.337,45557609.3899,91644.0533,27550698.3467,91064
2022,1,23,9,30,1,234951144.74,48097740.6713,1576.2133,13637163.9467,70882.88
2022,1,23,9,35,1,266552634.62,45438727.2988,106288.4267,11185822.1867,37215.04
2022,1,23,9,40,1,276393062.269,50212281.6937,272224.96,13918609.4933,34440
2022,1,23,9,45,1,261673685.269,52496877.5355,5032585.6,27833444.2667,49670.2933
2022,1,23,9,50,1,247298306.535,47924934.5323,1990810.4,19945709.0667,11999.5733
2022,1,23,9,55,1,270894138.9,48057474.2264,3622254.2933,19038463.5733,28455.4133
2022,1,23,10,0,1,268639351.521,48869131.4304,588658.6667,13334760.6667,41404.96
2022,1,23,10,5,1,278798546.643,47499351.4194,7726.4,18598058.3467,42152
2022,1,23,10,10,1,277572188.985,50582770.8572,106472.96,29559246.6133,39492.9067
2022,1,23,10,15,1,253932405.142,48385348.6411,1912.32,20727606.9333,37437.8133
2022,1,23,10,20,1,257675024.397,49630782.8964,174093.8667,13712937.1733,86299.3333
2022,1,23,10,25,1,307321491.888,49308369.2622,32891.84,16755615.8933,83116
2022,1,23,10,30,1,287838876.725,52960063.0279,29223.36,19075865.92,58094.56
2022,1,23,10,35,1,288213990.863,51835689.4646,110682.88,17916649.0667,55792
2022,1,23,10,40,1,316824315.905,53883855.8538,24401.0667,18502910.8,46173.28
2022,1,23,10,45,1,318721155.697,52134990.6881,6936,23782425.1733,44736
2022,1,23,10,50,1,304990644.879,53190735.3651,427476.5333,31768961.8667,32944.4267
2022,1,23,10,55,1,348547118.808,51474843.2631,246358.6667,21725092.9333,41011.52
2022,1,23,11,0,1,350375483.06,51044892.2398,167254.6667,22988463.0667,41928
2022,1,23,11,5,1,331291316.336,52726772.369,1004550.08,37682953.12,61778.4
2022,1,23,11,10,1,365402592.217,52167441.8006,1021664,37982344,63984
2022,1,23,11,15,1,356536342.867,52328888.1506,393841.0667,55418252.1333,97726.8
2022,1,23,11,20,1,365733900.115,52229714.0035,326567.8667,27549937.2,15189.52
2022,1,23,11,25,1,372426841.102,51564791.2523,1785985.1733,30544506.1333,6000
2022,1,23,11,30,1,340302431.019,52150076.5591,1471386.6667,36794951.4667,286328.5333
2022,1,23,11,35,1,345485381.985,50233206.1883,555926.5067,33488044.8,78449.5467
2022,1,23,11,40,1,344312280.222,48480647.6548,74823.2533,40953926.6133,132585.6
2022,1,23,11,45,1,342622423.458,44420115.4617,27758.4,34614803.6267,72845.1733
2022,1,23,11,50,1,333471109.076,44837134.5165,65964.2667,24104352.96,407729.68
2022,1,23,11,55,1,355570848.457,43221928.4123,7503.7333,28821689.7333,125882.6667
2022,1,23,12,0,1,360908255.35,43847718.4062,68296.6667,20560684.6667,667547.84
2022,1,23,12,5,1,351821088.744,42430366.4625,1373424.9333,16532037.3333,217417.52
2022,1,23,12,10,1,367027433.949,42724092.3348,860431.04,20755010.4533,253466.08
2022,1,23,12,15,1,350253354.812,46376536.9668,75019.9467,25390383.04,96737.0667
2022,1,23,12,20,1,398885782.461,49897765.1255,575842.0267,18532478.2933,76752
2022,1,23,12,25,1,357598107.536,48579340.5954,1647206.4,27015617.0667,316461.04
2022,1,23,12,30,1,379902905.035,46361248.6828,84426.4533,20756625.3867,317139.9467
2022,1,23,12,35,1,380628087.128,49003377.8868,102468.1333,19762502.6667,271031.68
2022,1,23,12,40,1,356840850.344,48828072.4545,65074.3467,22126454.8267,279062.4
2022,1,23,12,45,1,389359053.514,46546757.2134,137318.8,31021116,302248.32
2022,1,23,12,50,1,430124331.618,43148261.0154,188098.4533,30212390.6133,629399.3333
2022,1,23,12,55,1,422655177.096,43232648.6748,68339.4133,35425718.5067,590966
2022,1,23,13,0,1,371606716.983,42000645.9947,49362.4533,34738828.6933,528623.76
2022,1,23,13,5,1,390681544.552,41715999.1664,1233612,31968107.8667,2172813.3333
2022,1,23,13,10,1,387183656.769,41202877.3623,851992.4,25070106.2667,7749249.0133
2022,1,23,13,15,1,336523731.589,42505267.8553,1403724.16,32519191.4667,8638399.4667
2022,1,23,13,20,1,342458946.301,46923816.4409,1411272,32621424,8669728
2022,1,23,13,25,1,334126179.704,44730609.8771,5422703.4667,63692544,16604842
2022,1,23,13,30,1,346384425.674,43267040.2524,1880460.8,21596402.5333,9358102.96
2022,1,23,13,35,1,362123283.755,40331482.188,3137587.6,18178091.7333,8509108.8
2022,1,23,13,40,1,397244751.031,41712109.5597,3194195.2,23185898.9333,8758060.6933
2022,1,23,13,45,1,369773527.79,42048562.2352,3409245.76,32670609.7067,8716888.4
2022,1,23,13,50,1,370375323.654,44618365.8899,5143967.0667,32785902.6667,5194774.2133
2022,1,23,13,55,1,379697594.789,43544868.2746,4202439.6,39311127.6,7294485.0133
2022,1,23,14,0,1,346038199.68,42373567.0912,2831630.08,35493650.1333,7631809.0133
2022,1,23,14,5,1,393270397.357,43543806.2112,1453606.6133,33529631.4667,7155488.0533
2022,1,23,14,10,1,397891463.549,44072412.5252,1363623.68,45692338.1333,7396825.9733
2022,1,23,14,15,1,392110317.926,47332600.4403,1127829.3333,42687629.9733,7327583.84
2022,1,23,14,20,1,442353919.653,45583358.1367,420872.5333,55722126.4,8394471.3333
2022,1,23,14,25,1,402737709.694,44855736.9665,1559451.8667,51127118.2667,6420108.8
2022,1,23,14,30,1,366545098.196,45305240.0652,1604581.6533,45636668.0533,6239856
2022,1,23,14,35,1,442290440.047,46929135.9034,2708849.4667,52413255.7333,6873993.6
2022,1,23,14,40,1,406619080.265,46618791.5455,1875206.2933,44226409.92,6929136
2022,1,23,14,45,1,413196128.46,45570597.3349,2373920,48219451.6,8638898.4
2022,1,23,14,50,1,410354708.87,45245430.5705,2146064.5333,55241127.8667,8320792
2022,1,23,14,55,1,409996051.725,48190521.1458,2331993.28,50095645.8667,8320792
2022,1,23,15,0,1,413637602.523,48019953.4008,2970188,64967332.64,5750922.1333
2022,1,23,15,5,1,453080958.334,47570983.6677,2983160,65272288,6212323.12
2022,1,23,15,10,1,419055347.211,47609544.4381,2133803.8667,95477731.3333,7017680
2022,1,23,15,15,1,405175362.616,49586684.8669,1374948.2667,47097086.8267,7878359.2
2022,1,23,15,20,1,456356666.93,44516338.6756,1036604.2667,52502726.2933,5106066.6667
2022,1,23,15,25,1,445046730.732,42745633.7494,17493.8667,56823444.9333,3989305.7067
2022,1,23,15,30,1,487893208.963,47628773.751,134806.2933,56598585.4933,3332033.3867
2022,1,23,15,35,1,489381990.76,47944274.8821,279769.6,50256260.9067,4145094.72
2022,1,23,15,40,1,522560346.443,49995955.6364,61405.8667,49738846,7074956.6933
2022,1,23,15,45,1,519303852.352,50559039.1716,162227.8667,61050780.2667,18095278.1867
2022,1,23,15,50,1,474307653.905,51753613.2738,236845.3333,58167599.2,8134447.04
2022,1,23,15,55,1,495923462.541,52986700.2578,196701.3333,52106235.6,5359241.92
2022,1,23,16,0,1,504257520.269,46013522.5774,156178.9333,69977790,5223843.04
2022,1,23,16,5,1,518828723.406,48265891.4188,389763.2,60481781.12,13670275.36
2022,1,23,16,10,1,543722843.138,48835913.5434,354022.8,70735844.2667,21157587.3867
2022,1,23,16,15,1,512927253.984,48083840.3614,363905.1733,74631731.3067,19219470.5067
2022,1,23,16,20,1,500719129.869,161068472.68,376961.4933,69055513.3867,20609664.9333
2022,1,23,16,25,1,511954941.997,52092369.8681,293780.8,72297057.8667,17660902.08
2022,1,23,16,30,1,531587993.967,48745797.2457,214705.4933,73172087.1467,20784952.5867
2022,1,23,16,35,1,538621293.643,160476802.403,316269.3333,80666529.28,18387814.7733
2022,1,23,16,40,1,522315578.78,49601101.4695,306264.48,91009110.72,22949235.8667
2022,1,23,16,45,1,504962890.75,45153185.0919,95611.52,71554232.2133,18964557.3333
2022,1,23,16,50,1,528477884.822,43138554.416,95849.12,73214407.84,12405919.3333
2022,1,23,16,55,1,483389275.817,46066382.195,1602.4533,64557255.68,9033453.3333
2022,1,23,17,0,1,477652959.188,51667991.4861,170997.6533,59643407.2533,10067414.6667
2022,1,23,17,5,1,453094683.13,48749827.997,18039.6,51024425.8667,9852488.08
2022,1,23,17,10,1,455944475.518,45403828.1843,79178.24,67753342.2933,9827096
2022,1,23,17,15,1,490265881.794,46269858.9971,42350.8,71250935.6,19427331.3333
2022,1,23,17,20,1,492392472.71,47299025.6461,41712,71306352,11043471.28
2022,1,23,17,25,1,515012804.177,49023931.1262,646446.2667,150526383.6,10214665.0667
2022,1,23,17,30,1,513240655.768,49324488.4264,115971.0933,84192248,10151610.24
2022,1,23,17,35,1,540657772.268,49660152.8557,36147.9467,80453713.92,7160696.2133
2022,1,23,17,40,1,533162848.911,47660866.3599,159996.2667,79692935.7333,1160425.3333
2022,1,23,17,45,1,537738588.551,48013098.4991,145125.5467,78459447.2533,731956.96
2022,1,23,17,50,1,533295341.374,47957106.4757,62476.9333,75894458.6667,485157.76
2022,1,23,17,55,1,584241779.814,48225529.7058,32695.5733,81965211.0933,5372777.92
2022,1,23,18,0,1,585677062.659,47570757.9923,347974.2933,84657510.08,9113353.92
2022,1,23,18,5,1,531857236.854,46855929.2042,89666.4,94020164.6667,9382904.64
2022,1,23,18,10,1,529615414.326,51810764.256,164165.8667,93469437.8667,9504501.76
2022,1,23,18,15,1,544595492.974,52982012.9117,435857.7333,88697351.2,8512030.6667
2022,1,23,18,20,1,584323206.816,56303810.7907,485834.56,87110600.32,9558422.6667
2022,1,23,18,25,1,599228568.481,55383613.5396,83754.24,85245739.04,9733046.6667
2022,1,23,18,30,1,578578612.31,56773685.9464,318461.2267,76559552.2133,9679729.5467
2022,1,23,18,35,1,581735856.139,56427343.3961,68350.8,73515981.0667,17196335.0933
2022,1,23,18,40,1,584725199.619,50922131.1494,298559.04,75042579.9467,18043499.3333
2022,1,23,18,45,1,619428932.165,50291356.0369,27639.8933,67535660.6933,17190349.3333
2022,1,23,18,50,1,591635757.177,53301145.2233,526214.8,70811017.2,14850135.84
2022,1,23,18,55,1,591783076.918,51742684.0389,429652.9333,79396352,9992854.32
2022,1,23,19,0,1,596795715.366,49603111.3832,712829.2267,89214618.0267,9319694
2022,1,23,19,5,1,605093708.318,53897994.3087,79680.1067,80083488.2133,7716585.2
2022,1,23,19,10,1,544660176.061,57214853.9216,1072899.8667,87180856.2667,8214335.3333
2022,1,23,19,15,1,509913385.838,57580267.8148,511314.4533,70522637.3333,7353351.3333
2022,1,23,19,20,1,503489487.035,53322874.7508,89964.2667,74787912.7467,8988128.96
2022,1,23,19,25,1,513355569.153,50299401.2952,604181.7333,72320230,12317677.0667
2022,1,23,19,30,1,527420507.255,47884039.3568,1391093.12,83087966.9333,14707493.3333
2022,1,23,19,35,1,548558676.534,47243368.901,1355218.2667,90479751.6,15105684.88
2022,1,23,19,40,1,529288656.14,49586011.3166,415537.4667,87430727.8667,20105999.76
2022,1,23,19,45,1,485135623.536,50018592.6889,812216.4267,84873415.7867,22568932
2022,1,23,19,50,1,513749731.107,50874740.2758,93909.2,68895534.1333,18729000.6933
2022,1,23,19,55,1,517858359.149,50659826.9823,142394.2667,80982106.5333,10294290
2022,1,23,20,0,1,493079812.284,55722074.3511,116602.4533,72101091.9467,8635200.4267
2022,1,23,20,5,1,510311189.774,50818616.8647,401528.7467,55576651.2,9065479.3333
2022,1,23,20,10,1,536810100.065,50460046.2418,235708.9067,62603748.0533,13746589.6
2022,1,23,20,15,1,544716716.727,52428688.8135,384770.6667,74047889.1733,18018244.48
2022,1,23,20,20,1,553466206.328,54705566.5239,1374814.2667,68934553.4667,22867286
2022,1,23,20,25,1,560808150.478,53305722.8862,1087041.3333,68530495.4667,28705580.48
2022,1,23,20,30,1,589102919.121,50963020.9156,1225651.2,69676879.3333,36869596
2022,1,23,20,35,1,608506955.296,52494856.7331,1240938.3467,60214122.88,50836999.6
2022,1,23,20,40,1,642922669.609,52969064.4068,1080640.5333,70372473.3867,77519354.96
2022,1,23,20,45,1,702706014.405,54584803.9372,457906.0267,66481222.9333,80912404
2022,1,23,20,50,1,712787553.05,53966595.0685,664484.5333,86325808,68501143.84
2022,1,23,20,55,1,711929384.602,54101467.8565,980333.0133,71965701.2267,67386537.4667
2022,1,23,21,0,1,718905779.039,54426712.5404,1176517.8667,78764070.1867,71623912
2022,1,23,21,5,1,728070816.752,55421667.6053,479260.2667,75274748.48,66935784.96
2022,1,23,21,10,1,730275233.583,53922604.2614,273986.9333,93246838.1333,66550160
2022,1,23,21,15,1,723636719.747,53823208.1523,25638.08,79470513.1733,91774503.2
2022,1,23,21,20,1,781322970.01,58890406.8434,22320,79280184,51080014.88
2022,1,23,21,25,1,755764190.664,54435600.2211,294103.2533,155480142.827,55480352.2667
2022,1,23,21,30,1,748820914.992,50063845.6679,247563.0667,72230787.0667,49780951.3333
2022,1,23,21,35,1,734656153.107,51324636.5675,390425.92,69515320,38971495.3333
2022,1,23,21,40,1,688961505.436,48980226.8736,583836.5867,101710716.053,32328798.8
2022,1,23,21,45,1,712636885.524,47895397.4247,222044.0533,87990538.3467,24398266.6667
2022,1,23,21,50,1,717122279.527,48760436.6104,322305.2,89338542.2667,26441941.76
2022,1,23,21,55,1,710627459.837,49280509.4057,958309.44,80510608.96,21622361.6
2022,1,23,22,0,1,720748440.591,49174426.4978,1411108.9067,93222591.5733,21884226.56
2022,1,23,22,5,1,720050990.697,50730768.7161,635869.3333,87051378.0267,26978014.16
2022,1,23,22,10,1,739621955.252,50869879.0657,1180284.3733,81763972.8,35568544.5333
2022,1,23,22,15,1,731066846.114,49341005.4852,2500518.2667,82383366.4,41281296.8533
2022,1,23,22,20,1,726449024.354,48453665.4907,1529184.4,70927013.6,42687072
2022,1,23,22,25,1,691845456.998,50521208.9382,661398.8,65944019.0667,49371677.76
2022,1,23,22,30,1,675503876.856,49736611.3701,193614.5067,66863928,38341812.6667
2022,1,23,22,35,1,685237650.966,49749193.8549,433211.2,76144043.2,28515212.32
2022,1,23,22,40,1,645486652.889,47055629.5236,479030,77073484.8,22030468.1067
2022,1,23,22,45,1,578608925.067,44062344.6956,256983.4667,93412969.4667,14869303.36
2022,1,23,22,50,1,586563513.273,45524678.1725,541183.0667,100629677.067,8306675.9467
2022,1,23,22,55,1,556338032.553,50673915.0047,743689.3867,100638983.787,9005679.4133
2022,1,23,23,0,1,568651663.685,58149362.8329,412456.2133,110306340.267,13716105.2267
2022,1,23,23,5,1,582476709.268,51568384.6155,275319.8667,106062252.267,10245364.08
2022,1,23,23,10,1,549446657.399,44448639.1008,439605.5467,118449909.227,8769004.8
2022,1,23,23,15,1,514463703.006,42157999.4784,323620,121838083.6,8563302.08
2022,1,23,23,20,1,484221988.693,43581898.9741,295451.4667,103210982.533,8483298
2022,1,23,23,25,1,453449774.841,43651027.4018,152741.04,93412543.76,8762912
2022,1,23,23,30,1,452210961.276,42647814.782,137649.92,86476667.92,1105766.6933
2022,1,23,23,35,1,461422147.066,44258597.51,400699.2,104324003.733,215598.2667
2022,1,23,23,40,1,457683303.887,48654506.9976,443939.9467,89101430.08,400337.6
2022,1,23,23,45,1,440281309.024,45708308.6468,425693.6533,86396533.3333,131883.6267
2022,1,23,23,55,1,436458577.404,43114309.7724,567672.64,74507495.1467,121670.72
2022,1,24,0,0,2,386240088.284,47527692.9266,1015321.4933,68476394.3467,220862.2933
2022,1,24,0,5,2,365957461.671,42225670.2812,1162350.1867,64976346.7733,148176
2022,1,24,0,10,2,342827886.024,39875542.6954,381789.8667,66286447.5733,103103.36
2022,1,24,0,15,2,357408909.911,40683982.2373,170639.6,42019022.9333,90945.28
2022,1,24,0,20,2,341522079.977,43210355.9253,479894.9333,33967245.3333,179496.96
2022,1,24,0,25,2,337794978.625,42533234.834,53949.12,27998345.6,159371.9467
2022,1,24,0,30,2,312876067.197,41163560.8865,16836.16,30268056.96,52687.5733
2022,1,24,0,35,2,291060016.139,35175937.3032,103441.3867,21914068.3733,42784
2022,1,24,0,40,2,265648180.22,33291645.3895,77447.1467,17140347.84,39968
2022,1,24,0,45,2,248100597.729,34724148.4921,63235.0933,16033908.8,51200.96
2022,1,24,0,50,2,195565933.131,33109663.3977,99253.12,19192577.6,227972.6667
2022,1,24,0,55,2,179981037.991,33341893.9601,483570.6667,18331193.2,57522.4
2022,1,24,1,0,2,187299109.074,38206861.7813,938613.6,24739919.4667,113563.84
2022,1,24,1,5,2,168340912.671,32809205.3832,590368.7467,23658635.4133,173772.3733
2022,1,24,1,10,2,157931309.884,30541368.6649,20065.8133,23225278.8267,183262
2022,1,24,1,15,2,136625887.451,30798960.9127,33428.16,20285751.1467,183744
2022,1,24,1,20,2,134825337.004,29436860.1543,33712,20246104,49602.1333
2022,1,24,1,25,2,148245342.163,28269000.6882,104096.8533,41807935.8933,18603.68
2022,1,24,1,30,2,134975869.923,29132309.3744,113355.2,30063256.9333,29432.6667
2022,1,24,1,35,2,148454085.026,26270919.5373,161238.8,12714737.0667,34314.6667
2022,1,24,1,40,2,114861324.645,26580589.887,650408.5333,13715067.2,65965.0667
2022,1,24,1,45,2,111506742.94,24212495.7222,48203.0933,11939951.7867,49251.84
2022,1,24,1,50,2,133036574.718,27909640.6746,108919.4667,11391100,47384
2022,1,24,1,55,2,104134997.093,26297163.6607,1736.2133,14135300.0533,44692.6667
2022,1,24,2,0,2,124723422.539,31286801.0944,16099.7333,11579029.2,38317.0667
2022,1,24,2,5,2,115942758.607,29331912.243,46702.08,14086978.7733,107641.5467
2022,1,24,2,10,2,98107812.4622,27764305.0286,1046.5067,14287965.9733,61746.8267
2022,1,24,2,15,2,97282605.2786,27455690.5116,408.2133,8831636.5867,20431.8933
2022,1,24,2,20,2,103235972.846,32743321.5033,297.4933,8398314.88,1930.08
2022,1,24,2,25,2,99505159.1812,35766960.064,16879.8933,16323880.1067,59408
2022,1,24,2,30,2,104968456.366,32957033.3003,472.7467,15391677.5467,38387.4133
2022,1,24,2,35,2,100336185.79,32936460.5764,350.6133,15362113.7067,74088.0267
2022,1,24,2,40,2,81789983.3589,39009442.144,26242.1333,15298591.5733,77224
2022,1,24,2,45,2,95137516.5956,47003284.635,567.68,14716920.8533,50024.6667
2022,1,24,2,50,2,91692232.8793,35972528.6005,413.3333,14320167.4667,6558.6667
2022,1,24,2,55,2,80589877.4347,30412016.522,526.5067,13185415.4667,23182.4
2022,1,24,3,0,2,93400352.3939,36131405.982,220.16,12716435.3067,24952
2022,1,24,3,5,2,93880078.634,35976635.2853,475.6,17645260.6667,51599.4133
2022,1,24,3,10,2,99191213.155,34738479.6326,330.0267,23081925.8667,54128
2022,1,24,3,15,2,96836123.9954,42534589.3662,438.88,23096986.56,18775.4133
2022,1,24,3,20,2,114363683.642,43965349.7666,250.56,23384104.2133,2138.4533
2022,1,24,3,25,2,105746564.877,39802092.7239,437.44,23040882.6667,40309.36
2022,1,24,3,30,2,95945300.7452,40391847.9783,282.1333,23838833.4933,24846.72
2022,1,24,3,35,2,71159237.0126,41348669.0428,232.64,24707488,3381.12
2022,1,24,3,40,2,70774988.715,38283713.6117,389.8667,18057430.2933,39143.12
2022,1,24,3,45,2,78189612.2059,37453650.726,289.3867,12676064.64,18100
2022,1,24,3,50,2,69135199.1083,35113367.226,437.9733,18057156.2667,1380.8
2022,1,24,3,55,2,69615961.9403,44804148.4452,305.8133,14407680.96,43723.7867
2022,1,24,4,0,2,74367417.8546,48528363.8901,430.2933,12217248.5333,47872
2022,1,24,4,5,2,72818953.8606,28847701.2256,337.6,13103606.8,48236.56
2022,1,24,4,10,2,75250170.5994,31814531.3652,383.2,14060390.2667,48264
2022,1,24,4,15,2,78773879.9254,27527018.7341,273.4933,15412961.6,12961.3333
2022,1,24,4,20,2,79393174.1781,45484206.6759,327.2533,12722268.8,9752
2022,1,24,4,25,2,69214241.3262,45859976.218,367.4667,14380883.6267,36262.08
2022,1,24,4,30,2,78637357.211,50795725.3824,296.96,10739162.0267,38360
2022,1,24,4,35,2,69749272.2375,48952417.2252,264.4267,10910945.3867,45520.5333
2022,1,24,4,40,2,72803421.3166,44848171.9292,374.5067,11336071.4667,46200
2022,1,24,4,45,2,67633264.043,52330361.638,249.7067,10473998.72,4574.4
2022,1,24,4,50,2,57196691.1033,57483647.1385,358.5067,10887848.96,13720.1067
2022,1,24,4,55,2,61203514.5138,58787622.0117,328.4267,10090713.8133,15344
2022,1,24,5,0,2,65648823.3333,47663413.3636,256.96,10641608.8533,5062.4
2022,1,24,5,5,2,70604482.2986,53043783.8794,374.4,9130735.7867,3920
2022,1,24,5,10,2,69324785.5874,48719322.163,360.2667,9937836.5333,3920
2022,1,24,5,15,2,54600524.0077,49059145.5996,281.0667,9012991.4667,59605.52
2022,1,24,5,20,2,56175563.3375,52294135.9069,280,9000304,17462.72
2022,1,24,5,25,2,55695457.0671,49609327.0698,649.7333,20726569.7333,13944.8
2022,1,24,5,30,2,54455685.732,48413165.0735,332.3733,9197634.24,14096
2022,1,24,5,35,2,46226562.4875,47795127.3884,201.7067,9973912.1067,1326.88
2022,1,24,5,40,2,54467626.0872,57840068.4843,302.6133,10354254.9333,64
2022,1,24,5,45,2,50716728.9989,50108011.9945,272.5333,13032868,13010.24
2022,1,24,5,50,2,54726086.4477,53824891.1503,358.8267,11560714.3467,14136
2022,1,24,5,55,2,54864721.3764,55457335.926,217.92,15252490.0267,34390.3467
2022,1,24,6,0,2,61819205.8741,52898710.0725,342.2933,11227241.1733,24940.64
2022,1,24,6,5,2,58892570.4085,52218555.5207,336.1067,9844138.3467,23144
2022,1,24,6,10,2,57689176.8679,53047348.3374,383.36,10064989.0133,52569.28
2022,1,24,6,15,2,68906324.9323,40184673.5345,257.7067,5906842.7733,55128
2022,1,24,6,20,2,53795628.2565,49920628.2858,357.92,8456671.04,27362.08
2022,1,24,6,25,2,68910197.7912,50369564.3591,265.92,13747219.04,24616
2022,1,24,6,30,2,80237866.2158,38757882.2649,366.2667,21070464.8,14374.2933
2022,1,24,6,35,2,95649757.6095,48031058.0374,241.7067,24044408.4267,13320
2022,1,24,6,40,2,69425649.2399,47883647.6792,422.16,27241923.12,26719.68
2022,1,24,6,45,2,81803774.7548,49036741.7379,274.0267,21751529.7067,29272
2022,1,24,6,50,2,84693401.831,45644869.753,70483.2,19138794.7733,41016.8
2022,1,24,6,55,2,88335796.0406,46362109.5983,1434.4,17305633.2,48734.9333
2022,1,24,7,0,2,87008029.1101,52516458.1133,428.9333,17968236.6667,49512
2022,1,24,7,5,2,84361758.5405,51876299.6219,360.96,14313254.4,84282.56
2022,1,24,7,10,2,93878816.0321,49107523.3596,344.2133,17427494.08,89024
2022,1,24,7,15,2,94304034.8443,49111340.1426,19562.2667,20506789.2,32165.6
2022,1,24,7,20,2,110536565.845,54124866.3995,19888,20558256,19156.5067
2022,1,24,7,25,2,131650441.367,55797923.9591,1064.16,30444950.72,12511.04
2022,1,24,7,30,2,122210212.421,51711859.068,332.6933,18916247.8933,28118.6667
2022,1,24,7,35,2,120837159.961,44951532.5765,422.72,16903331.4133,26470.9867
2022,1,24,7,40,2,140418860.708,40503518.8645,321.7333,19476120.6667,232474.5067
2022,1,24,7,45,2,172692426.873,34352480.8123,375.2533,17832431.04,44049.2
2022,1,24,7,50,2,160959638.967,35027478.8136,71553.04,20892301.84,21681.28
2022,1,24,7,55,2,159296979.749,32730560.9309,55198.72,21497419.52,19488.0533
2022,1,24,8,0,2,175026902.753,33050001.8499,1380.2667,24727197.4667,28171.3333
2022,1,24,8,5,2,160140191.495,38888235.1737,22281.28,17431370.24,11610.6667
2022,1,24,8,10,2,168143000.484,46094022.0722,624.64,17005208.64,35662
2022,1,24,8,15,2,187421742.146,46114405.2967,272.7467,15038982.9333,17339.84
2022,1,24,8,20,2,200839394.573,36545656.037,382.5067,17727999.68,24607.44
2022,1,24,8,25,2,211075069.696,43768814.1977,76286.2933,11942770.6667,49970.6667
2022,1,24,8,30,2,235252459.393,44761348.9862,29573.12,10300402.9867,46800.96
2022,1,24,8,35,2,228975002.241,43523675.8654,46211.0667,11405471.8667,37945.28
2022,1,24,8,40,2,195308639.352,43560153.5341,689479.1467,11259005.2267,210843.52
2022,1,24,8,45,2,174760823.294,45014521.3372,411734.72,10459864.96,55480
2022,1,24,8,50,2,193267336.324,50755600.7678,34288.32,12716842.7733,3087.6
2022,1,24,8,55,2,184678350.32,43803661.405,44100.1333,14359281.4667,33020.9067
2022,1,24,9,0,2,226501088.129,46183450.2916,62325.12,9580980.8,48443.2
2022,1,24,9,5,2,230071615.185,46189992.8885,1284.16,3500601.7067,41613.5467
2022,1,24,9,10,2,237059082.715,59904029.7566,211136.96,10921649.0667,165935.52
2022,1,24,9,15,2,235830122.84,55803648.2546,121950.7467,14311703.0667,171897.3333
2022,1,24,9,20,2,230359908.139,54164692.5745,4362.9333,22103088.8,81372.8
2022,1,24,9,25,2,240427316.744,54965685.3797,672.1067,26506913.8133,63920
2022,1,24,9,30,2,245095731.693,56388569.0248,46091.0933,20132533.36,50322.4
2022,1,24,9,35,2,250534730.012,58589714.9676,77975.44,20316803.2,32601.8667
2022,1,24,9,40,2,240452681.125,47800023.706,18910.56,21299047.3867,18719.84
2022,1,24,9,45,2,219083894.796,40794559.9107,22804,15873223.2,28323.84
2022,1,24,9,50,2,238895530.549,41153155.3567,985.84,9283740.96,40155.52
2022,1,24,9,55,2,271491771.236,41843078.519,41761.5467,11970052.3733,404514.4
2022,1,24,10,0,2,234437286.221,49395274.1835,103797.5733,15970230.8533,144186.6667
2022,1,24,10,5,2,289393819.73,43274100.012,57247.4667,19563508.5333,56634
2022,1,24,10,10,2,260421150.504,42349848.2657,20242.9333,27981029.6,84238.6133
2022,1,24,10,15,2,246484220.993,49470760.4891,45687.36,20650525.04,32970.16
2022,1,24,10,20,2,267160909.298,41333707.2677,20003.84,17314265.76,14176
2022,1,24,10,25,2,248029975.49,42204011.4696,39213.3333,24103532.5333,40634.6667
2022,1,24,10,30,2,226732174.734,57492809.4216,39904,24340952,29769.28
2022,1,24,10,35,2,207270261.588,53972408.7052,148039.2,23298099.4667,44088
2022,1,24,10,40,2,205782893.355,56057828.9972,28468.7733,11717360.96,30036
2022,1,24,10,45,2,249529722.278,56347459.3627,27968,17004512,48426.56
2022,1,24,10,50,2,248825764.553,57910221.2833,1110.64,25546735.52,24181.0133
2022,1,24,10,55,2,271440429.017,58713336.7994,256.8,24217652.5333,40431.8933
2022,1,24,11,0,2,295564439.389,57549986.7974,51036.16,23861671.36,32924.0533
2022,1,24,11,5,2,308713136.689,55111883.9568,37592.5333,31462617.8667,27232
2022,1,24,11,10,2,311936027.822,54871051.4276,1536.8,28965434.6667,31789.5733
2022,1,24,11,15,2,284099910.439,61240181.2822,312,28870272,32672.16
2022,1,24,11,20,2,303518366.412,66796630.5489,55913.6,37705215.2,44505.6533
2022,1,24,11,25,2,330833596.585,57840682.1138,563544.8533,19531604.9067,379443.68
2022,1,24,11,30,2,319409474.158,55371135.5769,2133911.36,29669921.6,478586.6667
2022,1,24,11,35,2,311682675.263,56931097.9991,2206023.8667,17638383.2,254837.76
2022,1,24,11,40,2,326913851.72,59507021.5586,830677.44,15475890.9867,133340
2022,1,24,11,45,2,336988926.855,52965519.1209,11056.64,30180744.5333,298734.0267
2022,1,24,11,50,2,366073919.386,53987473.6578,188756.6667,34501611.0667,80998.4
2022,1,24,11,55,2,362155096.181,51779265.5387,140496.1333,27093316.4,84758
2022,1,24,12,0,2,342208391.539,55070354.6845,13710.1333,26110501.6,59547.3333
2022,1,24,12,5,2,318944569.934,57319179.1388,16209.3867,24880063.4667,97705.28
2022,1,24,12,10,2,341391163.136,55036917.5783,82157.6533,37502342.6133,238805.76
2022,1,24,12,15,2,340672528.095,55316367.9381,144252.9067,32452540.5867,149112.6933
2022,1,24,12,20,2,365977590.493,54040176.0402,68562.0267,36810467.7333,111864.96
2022,1,24,12,25,2,378433890.966,52648582.96,88595.3067,35179512.64,128192
2022,1,24,12,30,2,360291895.448,53332474.1412,110649.8133,37509177.28,116777.8933
2022,1,24,12,35,2,364397726.579,53347163.6665,109949.44,30906826.56,155446.72
2022,1,24,12,40,2,373871567.55,52621323.467,61068.3733,25519265.3867,214157.0133
2022,1,24,12,45,2,358386127.835,50943049.1669,301620.3733,23312935.7867,155897.76
2022,1,24,12,50,2,334144205.161,51084949.2644,500279.4667,20888595.52,156083.3333
2022,1,24,12,55,2,350536102.318,51728636.8825,1432438.9333,19459940.6933,139555.2533
2022,1,24,13,0,2,314083369.343,53167365.8183,248141.76,21988187.52,90883.04
2022,1,24,13,5,2,320159564.096,49221849.7355,3534.9333,33294722.1333,87688
2022,1,24,13,10,2,318662565.247,47707627.1477,96557.2267,35716649.7067,198500.16
2022,1,24,13,15,2,361077486.621,47684552.9447,97856,35747320,133005.12
2022,1,24,13,20,2,342463572.628,45145417.6828,2209220.0533,70388499.9467,88969.3333
2022,1,24,13,25,2,354122607.175,49312149.9314,195541.44,29842674.56,57665.6
2022,1,24,13,30,2,347527168.337,51394742.011,1894468.5867,28501695.5733,89248.2133
2022,1,24,13,35,2,357182129.249,48328898.2465,2414858.9867,31853900.2667,167055.68
2022,1,24,13,40,2,337002275.815,54696176.8594,2267238.96,27996969.92,23719.04
2022,1,24,13,45,2,346436875.019,56225245.8786,2986641.28,26505699.6267,27652.8
2022,1,24,13,50,2,382280624.732,52962744.3701,2149871.36,32224280.7467,70242.6133
2022,1,24,13,55,2,465356910.26,50130214.8179,4501531.4667,21347073.7333,19496
2022,1,24,14,0,2,474230938.432,51019307.9751,3627870.6667,26728734.4,24716.8
2022,1,24,14,5,2,480293426.638,52564946.9292,574489.7333,43698040,29617.28
2022,1,24,14,10,2,508056875.702,56463806.2672,460169.0667,42451194.3467,16015.3333
2022,1,24,14,15,2,439174628.667,53316969.4901,975607.1467,43121738.6667,35196.6667
2022,1,24,14,20,2,402221970.402,53050795.9779,155812.5867,43007817.7067,21920
2022,1,24,14,25,2,409276715.607,56620156.8418,238127.4667,46578908.8,134869.12
2022,1,24,14,30,2,426412285.003,59161842.931,109738.9333,43826698,31592.6667
2022,1,24,14,35,2,397315497.885,57268440.4068,128571.7333,56051365.5467,29337.5467
2022,1,24,14,40,2,434468806.246,56458885.2644,218895.2533,54042444.6933,29214.5333
2022,1,24,14,45,2,453399626.336,57978097.866,63453.0133,52261335.8933,307110
2022,1,24,14,50,2,443266007.979,53447493.5411,202768.7467,58787386.24,162306.72
2022,1,24,14,55,2,398005888.699,53706587.7287,172096.2667,63779991.7333,145578.32
2022,1,24,15,0,2,384773955.89,51595265.4001,144177.8133,58079035.2,54741.9733
2022,1,24,15,5,2,394983649.829,51484670.1582,662999.8933,42078921.4933,166835.0133
2022,1,24,15,10,2,408523975.989,53556736.039,156731.7333,50452508,149047.3333
2022,1,24,15,15,2,426879614.495,59808231.2752,164025.36,54670202.08,68858.4
2022,1,24,15,20,2,435985257.651,58986956.4253,118397.7333,51506075.8667,131006.4
2022,1,24,15,25,2,418686297.102,60916034.8331,169871.84,49125703.12,33733.6
2022,1,24,15,30,2,413400125.78,57320201.7371,225381.2,44238929.76,142640.32
2022,1,24,15,35,2,442880583.028,57047435.0761,86732.2667,36876743.8933,157544
2022,1,24,15,40,2,449750816.615,47391285.1222,207909.36,42670196.96,40915.92
2022,1,24,15,45,2,453402357.213,49783158.2031,225013.12,35958174.9333,44240.24
2022,1,24,15,50,2,473437062.983,55438138.6065,325460.5333,51398991.4667,45716.48
2022,1,24,15,55,2,452517357.884,56263368.9418,305448,43528366.9333,128548.16
2022,1,24,16,0,2,417969875.308,62302662.5609,227215.7333,39127046,126699.04
2022,1,24,16,5,2,434312688.778,62242760.7938,224723.8667,39336804,38880.4
2022,1,24,16,10,2,433260393.5,64034590.2031,212156.6667,41925728.9333,42900.6667
2022,1,24,16,15,2,497799398.271,63224717.9169,195557.7333,46100857.4667,88622.08
2022,1,24,16,20,2,483837888.692,67634672.2844,350151.0667,52336639.6,26959.3333
2022,1,24,16,25,2,489804448.341,57426544.2089,194530.1333,42721334.5333,36991.0667
2022,1,24,16,30,2,586795932.012,58377340.4527,635441.4667,44507415.2,31458.88
2022,1,24,16,35,2,456615304.011,57923751.2235,176882.3467,32012418.1333,60702.8267
2022,1,24,16,40,2,437134638.089,55755531.8407,438570.56,36931612.5867,55687.36
2022,1,24,16,45,2,392770872.268,55967104.8727,174473.8133,32556768.7467,39955.6
2022,1,24,16,50,2,399401194.972,57437909.6165,152101.8667,27984573.0667,22438.16
2022,1,24,16,55,2,436761946.219,57770254.8134,32226.4,30536074,42822
2022,1,24,17,0,2,457348990.646,59718722.7101,113166.8267,31195980.2667,23214.4
2022,1,24,17,5,2,490508451.292,57996256.426,1950.08,55390219.2,79239.36
2022,1,24,17,10,2,466838502.476,58481122.4921,41658.88,42392493.6533,85200
2022,1,24,17,15,2,479905154.899,58901209.8109,42216,42212432,47392
2022,1,24,17,20,2,475666200.169,56929171.8326,89305.8667,86233952.5333,36648.6667
2022,1,24,17,25,2,430515923.753,55181820.0222,190412.48,40032309.3333,25543.0933
2022,1,24,17,30,2,448657466.008,54631918.5917,55824.1333,36974340.9333,24720
2022,1,24,17,35,2,438593627.375,56240345.9029,444208.4267,38243296.8533,50871.76
2022,1,24,17,40,2,447763182.791,52296643.1932,639993.6,43955148.0533,11545.12
2022,1,24,17,45,2,419910014.104,53550202.7325,69354.1333,51003858.9867,27299.3867
2022,1,24,17,50,2,456384202.82,58498254.7967,60506.6667,45991291.6,66954.3733
2022,1,24,17,55,2,438156957.299,56418656.5982,248383.3333,50214623.0667,49354.9867
2022,1,24,18,0,2,445196097.443,57574790.3959,128525.4667,41533936.4,177530
2022,1,24,18,5,2,461399495.702,53626515.7067,1306232.8533,34355568,92537.2
2022,1,24,18,10,2,469079692.931,55418165.4395,1372302.4,38333668.4,106688.0267
2022,1,24,18,15,2,515195800.36,56715629.1545,75993.1733,31700174.72,119234.08
2022,1,24,18,20,2,520174826.718,54927711.0673,634256.8,40355406,272300.0533
2022,1,24,18,25,2,513487264.008,55879029.8962,692742.1333,48283222.6667,164089.28
2022,1,24,18,30,2,495042416.628,54870779.242,1083664.4267,43926204.48,153320
2022,1,24,18,35,2,493111302.754,54964747.3991,437862.2933,45789354.56,79872.1867
2022,1,24,18,40,2,493770385.764,56930168.3467,145898.56,56981529.7067,140522.1867
2022,1,24,18,45,2,506659205.197,55728767.6078,90528.5333,65072178.0267,164430.6667
2022,1,24,18,50,2,511966374.624,53326367.5321,176335.04,66568019.84,73515.12
2022,1,24,18,55,2,485192993.809,53894668.9654,378949.76,62595401.6,95420.5333
2022,1,24,19,0,2,481160714.78,55306288.436,120774,59616755.3333,91586.24
2022,1,24,19,5,2,508117606.321,56077784.7997,68522.6667,60228983.0667,80763.7333
2022,1,24,19,10,2,461797464.149,54495466.8915,1854407.4667,68524371.7333,92215.3333
2022,1,24,19,15,2,446941416.033,53688461.8586,2775195.2,76124883.2,67878.6667
2022,1,24,19,20,2,451823306.572,52682822.7421,2834205.2,63357629.3333,69637.3333
2022,1,24,19,25,2,451504177.335,50898190.3063,2151018.9867,57223316.6933,142781.3333
2022,1,24,19,30,2,445917181.309,50027176.033,1210252.5333,72789365.6,149392
2022,1,24,19,35,2,412852655.399,50476402.0146,174676.5333,66261543.7333,94932.9333
2022,1,24,19,40,2,404150665.159,52527089.731,222882.9867,71038798.6133,206974.6667
2022,1,24,19,45,2,385853405.308,54738448.6759,71789.76,66388684.8,220410.1333
2022,1,24,19,50,2,385316322.084,54099272.921,202707.0933,57038997.8667,220664
2022,1,24,19,55,2,399137610.789,54144850.0543,490386.5333,55795454.1333,165655.36
2022,1,24,20,0,2,377718795.346,52712354.1889,1326234.24,56185615.4667,83444.8
2022,1,24,20,5,2,394660896.63,55182131.2446,1974923.6,57723586.4,377248.5333
2022,1,24,20,10,2,391702183.98,53548036.8509,453679.36,49643217.1733,139278.08
2022,1,24,20,15,2,398017105.861,54064362.8537,193444.9067,60875507.9467,190962.24
2022,1,24,20,20,2,425259360.008,55555063.1165,156527.1467,62836159.8933,162743.04
2022,1,24,20,25,2,471392333.969,55069879.7197,185784.4,65780730,244170.1333
2022,1,24,20,30,2,486389626.719,58473038.9402,593002.5333,71147665.8667,386386.24
2022,1,24,20,35,2,481995610.7,59440464.1035,544882.72,70882922.24,209688.32
2022,1,24,20,40,2,481045944.15,58025002.895,24362.88,76709161.1733,122962.6667
2022,1,24,20,45,2,519389490.394,57262424.2216,425112.6667,80522699.8667,141399.3333
2022,1,24,20,50,2,525056496.403,51797460.0034,1203739.4133,85722910.2933,2773877.12
2022,1,24,20,55,2,536663470.217,57027641.1947,1623421.5467,87239460.16,5692040.4
2022,1,24,21,0,2,581910634.95,58315035.9778,1207259.3333,90752099.2,6041986.56
2022,1,24,21,5,2,546766026.017,59554083.4836,2196432.2133,77779016,6052008
2022,1,24,21,10,2,524181693.205,61583901.6327,357060,79270794.6667,12364967.04
2022,1,24,21,15,2,578376826.795,61656292.2785,325656,79299064,3867516
2022,1,24,21,20,2,556849986.437,61071918.2232,979263.4667,162971838.827,417154.7733
2022,1,24,21,25,2,555869426.657,62465119.0253,345971.4667,80906927.3333,118424.32
2022,1,24,21,30,2,585895394.225,62593704.0824,849269.0667,71251047.0667,106098.1333
2022,1,24,21,35,2,586666430.957,63334194.2128,579633.4933,80988594.88,3960034.8267
2022,1,24,21,40,2,580426210.73,68042177.772,429347.4667,87432059.0667,5551520.96
2022,1,24,21,45,2,629174471.776,65764210.9125,136143.4667,90431282.4,6626675.7333
2022,1,24,21,50,2,644948267.177,60900630.4179,254565.12,89950771.84,691734.08
2022,1,24,21,55,2,647277179.664,59936625.6391,123466.1333,80043773.6533,125533.9733
2022,1,24,22,0,2,636884786.188,61133023.3812,334349.9733,93444177.6,221395.36
2022,1,24,22,5,2,597109301.92,58868355.3267,159012.5333,108633706.267,230200
2022,1,24,22,10,2,577509420.491,53435850.5276,157618.0267,103197965.12,56599.68
2022,1,24,22,15,2,560421512.663,52265582.5287,346345.92,105200886.4,116355.2
2022,1,24,22,20,2,546302345.793,50008420.8305,725084.3733,112514728.107,54158
2022,1,24,22,25,2,517475291.282,51286685.8645,596702.1333,100945391.2,19722.6667
2022,1,24,22,30,2,480377137.697,52678027.793,179195.4133,113130590.72,141551.36
2022,1,24,22,35,2,453071704.947,53285729.3306,254012.8,101988060.667,133081.4133
2022,1,24,22,40,2,459805467.119,55754648.7878,241664.4,102666232.533,35012.96
2022,1,24,22,45,2,454651917.758,52654255.7371,224863.8933,98929124.6933,123235.7333
2022,1,24,22,50,2,434459276.302,50660809.0528,71911.8933,92274119.36,30897.3333
2022,1,24,22,55,2,383656362.992,50095568.2106,909596.0533,87862743.1467,4863.6
2022,1,24,23,0,2,378261778.644,48509399.8279,142122.88,75515854.08,19721.44
2022,1,24,23,5,2,374788116.959,47383619.969,44824.5333,62165098.24,28748.48
2022,1,24,23,10,2,369102456.689,56302565.6334,143711.4667,63309305.2,22343.04
2022,1,24,23,15,2,364628321.178,53715686.0121,271185.52,57479703.36,21368.6667
2022,1,24,23,20,2,349170040.576,53260324.788,303910.9333,58686074.88,36100.16
2022,1,24,23,25,2,328994956.373,53997507.1673,322059.6,66950022.9333,33746.6667
2022,1,24,23,30,2,316395475.583,52194944.4325,171834.1333,64678315.6267,31888
2022,1,24,23,35,2,303525917.598,52623106.7086,74914.24,71763667.6267,31349.44
2022,1,24,23,55,2,317082175.638,49626914.557,119638.9333,66956798,34921.6
2022,1,25,0,0,3,487504668.005,44162031.0337,783274.4533,56252931.84,32052.8533
2022,1,25,0,5,3,463600083.377,45385535.2768,241009.0667,54876792.4267,60040.32
2022,1,25,0,10,3,336571694.418,46708552.3399,120053.8667,54615679.36,31878.4
2022,1,25,0,15,3,260084698.462,42702071.8972,243108.3733,50127447.1467,27716.5067
2022,1,25,0,20,3,242180086.334,43872419.461,77319.1467,41252015.2533,26213.12
2022,1,25,0,25,3,241445651.114,42326850.0561,178785.8667,34059063.4667,28194.4267
2022,1,25,0,30,3,238812777.164,38955027.335,32931.04,36479072.4,28368
2022,1,25,0,35,3,224788188.4,35333472.4112,344221.2267,37293406.1867,48056
2022,1,25,0,40,3,243416388.69,49932598.7428,699038.2933,31007007.36,42292.6933
2022,1,25,0,45,3,235147936.757,44126929.8852,111918.08,46646908.0533,25170.88
2022,1,25,0,50,3,211762033.973,40302485.0969,15372.5867,32592452.6933,23736
2022,1,25,0,55,3,226854574.208,38864151.883,44620.5867,37452249.7067,56348.16
2022,1,25,1,0,3,237033406.353,41565195.9541,83306.7733,39570205.6533,31417.52
2022,1,25,1,5,3,250110686.65,40634710.6681,24845.0133,35557843.4133,38665.28
2022,1,25,1,10,3,241626473.643,40028867.2409,525.8667,34245437.44,20073.28
2022,1,25,1,15,3,241236199.228,42009254.2969,23256.5333,37425161.0667,18760
2022,1,25,1,20,3,244060655.978,43089226.4924,435742.08,31807671.7867,34050.4
2022,1,25,1,25,3,246003551.869,45208124.6537,441312,31731176,31464.16
2022,1,25,1,30,3,236533553.482,44623661.7043,1829101.92,49412774,31144
2022,1,25,1,35,3,227893845.495,39961722.5561,1088304.2133,30477835.0933,22633.4933
2022,1,25,1,40,3,214265031.839,34292164.2432,1101784,38955956.3733,17513.2267
2022,1,25,1,45,3,224871612,31874772.476,1084493.9733,27771480.96,40604.0533
2022,1,25,1,50,3,211856252.676,29950833.6565,998123.8667,29799502,21960
2022,1,25,1,55,3,198352059.849,44301846.8632,1046163.0933,26470999.2533,55699.12
2022,1,25,2,0,3,192541876.043,47014047.9861,737192.1333,30028437.6,21131.3333
2022,1,25,2,5,3,151300969.536,48742856.3564,36146.6667,36290364.5867,15260.24
2022,1,25,2,10,3,144773604.188,37129579.7871,76068,28579567.7333,16849.04
2022,1,25,2,15,3,160742223.83,27586343.367,1349.0133,27496577.7067,16984
2022,1,25,2,20,3,143821287.299,31613372.8042,264873.0667,30974404.6933,11887.3333
2022,1,25,2,25,3,148021864.146,27018944.327,558350.4,39299582.8,35428.3733
2022,1,25,2,30,3,121211745.597,25151059.3205,5909.84,38587022.8,27997.3867
2022,1,25,2,35,3,128492405.663,24986224.7273,319.4667,36699407.8933,27112
2022,1,25,2,40,3,123523861.506,25985781.541,233.1733,35349538.3467,17556.2133
2022,1,25,2,45,3,114949142.875,29579949.5648,373902.4,22013715.9467,16800
2022,1,25,2,50,3,115925260.449,29081397.8628,540528.5333,23197017.3867,14982.08
2022,1,25,2,55,3,117526988.774,29122717.7703,1052913.3867,16817301.3333,25454.72
2022,1,25,3,0,3,102690141.661,25011486.2382,935006.5067,17208718.1867,3526
2022,1,25,3,5,3,100051635.343,24645092.1124,12712.64,18068058.56,1456
2022,1,25,3,10,3,99714720.2113,27776808.6441,366.72,14210295.68,18401.0133
2022,1,25,3,15,3,96535784.8726,27886429.7657,249.2,13830745.68,19300.5867
2022,1,25,3,20,3,88493780.3195,27146494.3856,32918.5067,14833169.0667,19240
2022,1,25,3,25,3,86034539.0553,24735648.5504,105465.6,11247668.3733,18543.3333
2022,1,25,3,30,3,91319024.4935,38200851.818,1734.9333,12733030.2933,10096.1333
2022,1,25,3,35,3,95343887.718,29774649.6964,256.8533,12328175.1467,26877.5467
2022,1,25,3,40,3,92227024.8524,27973348.3218,200.7467,4215639.1467,17467.5467
2022,1,25,3,45,3,78757224.5602,25855693.4686,286.5333,2810251.3333,16192
2022,1,25,3,50,3,75333496.5032,38601050.5864,295.8933,4549503.7867,1935.68
2022,1,25,3,55,3,66971740.5564,27505580.8121,374.9333,3077351.5733,14935.3333
2022,1,25,4,0,3,77723260.5002,37460366.5143,210.24,4781205.76,16816
2022,1,25,4,5,3,84567297.2539,47133691.3029,341.7333,2767084.5333,36607.6267
2022,1,25,4,10,3,70102737.5254,53417434.3329,312.5333,14830863.8667,20115.7867
2022,1,25,4,15,3,70269779.2005,56529290.5383,343.5733,9699829.3333,16705.2
2022,1,25,4,20,3,64157483.1252,56550731.8937,312.4267,7350098.6667,122059.2
2022,1,25,4,25,3,50484077.6119,55288811.4274,422.1333,8256570.4,132064
2022,1,25,4,30,3,55144345.1683,50369376.7529,258.24,8351136.7467,42353.28
2022,1,25,4,35,3,47615444.0476,39749727.7525,311.2533,8411826.24,3456.7467
2022,1,25,4,40,3,42664537.0293,47289892.9486,248.8533,8544403.3067,14842.6933
2022,1,25,4,45,3,54499811.3465,59199895.3856,366.4,6068924.48,18680.48
2022,1,25,4,50,3,46446131.9424,50732937.3778,281.1733,8003145.4933,18944
2022,1,25,4,55,3,60095241.1534,58228462.9845,343.1467,8056376,27327.04
2022,1,25,5,0,3,65821624.5275,58804452.7377,265.0667,7909612.16,52752
2022,1,25,5,5,3,77549480.2748,54390681.841,452.8,11538035.6,4824.2667
2022,1,25,5,10,3,61495291.395,44452547.5593,203.4133,6713855.1467,28772.48
2022,1,25,5,15,3,65377275.3529,46569899.958,389.44,6331246.1867,30608
2022,1,25,5,20,3,65672622.0032,57235035.994,478.8267,5471338.56,15410.6667
2022,1,25,5,25,3,48106595.6504,64377077.8942,480,5459776,16094.72
2022,1,25,5,30,3,63311396.7865,61233098.1724,645.2,8649921.7333,42746.4
2022,1,25,5,35,3,61089203.8415,52539232.2418,442.7733,1895636.8,49080
2022,1,25,5,40,3,56071484.1934,53768008.1664,305.8133,2177997.0133,11035.76
2022,1,25,5,45,3,50416172.0754,61192591.8731,398.72,7227219.6267,20307.84
2022,1,25,5,50,3,50717850.9728,57419879.4933,265.8133,9861183.04,23328
2022,1,25,5,55,3,50689981.7053,59523303.9412,421.8667,5725318.6133,16441.12
2022,1,25,6,0,3,48553760.836,56046948.034,219.4667,4441413.8667,28221.3067
2022,1,25,6,5,3,53352259.5727,56487679.1997,436.2667,5801491.2,31272
2022,1,25,6,10,3,52670009.0007,57417003.9789,376.8533,4730398.5067,5720.8
2022,1,25,6,15,3,51037363.8089,56406177.0975,446.8,3672708.2667,29027.4667
2022,1,25,6,20,3,63878014.8349,60965129.281,274.3467,950057.7067,35232
2022,1,25,6,25,3,59420163.2041,58031739.1148,326.6933,10260110.24,35665.0667
2022,1,25,6,30,3,80663355.0941,59457792.4823,430.2667,5242917.8667,18202.6667
2022,1,25,6,35,3,95330144.7191,62235048.1218,345.4667,5105684.5333,29779.92
2022,1,25,6,40,3,99878814.8376,42896603.764,312.5333,5004516.8,34398.6133
2022,1,25,6,45,3,100078638.473,36602464.2974,676600.8,3881906.32,18994.4
2022,1,25,6,50,3,107996653.3,49542498.9512,22673.1733,5180372.16,15734.3467
2022,1,25,6,55,3,83985848.661,54525503.957,427.9467,6637950.1867,42723.84
2022,1,25,7,0,3,83987756.1653,40604431.2935,358.5067,2934627.84,45376.32
2022,1,25,7,5,3,80186937.9538,45065803.1307,304.7467,5353299.4133,13076
2022,1,25,7,10,3,90910194.4988,48012005.2064,375.04,6036174.8267,53434.2133
2022,1,25,7,15,3,104154869.602,55923690.4921,368.1067,4900134.5067,57040
2022,1,25,7,20,3,99164273.3196,32487885.8983,281.1733,5667295.8933,17421.8667
2022,1,25,7,25,3,122189289.522,38094086.597,374.08,5514306.08,29867.3333
2022,1,25,7,30,3,112292273.68,34604028.0035,273.3867,4658314.3467,3733.28
2022,1,25,7,35,3,139369632.912,37558548.4188,406.1867,4999616.1067,1448
2022,1,25,7,40,3,122639238.839,44103993.8937,305.3867,6246755.2,15637.5467
2022,1,25,7,45,3,124762949.961,57420492.9693,406.2667,1614871.0667,16984
2022,1,25,7,50,3,128580898.396,58372311.405,337.2,6520038.1333,18830.6667
2022,1,25,7,55,3,157907359.089,56062485.3975,446.5067,5162778.88,29742
2022,1,25,8,0,3,153073583.767,39442554.3221,242.7733,4231876.48,36026.56
2022,1,25,8,5,3,163852010.36,33542587.3248,429.44,5573140.3733,35229.44
2022,1,25,8,10,3,168543249.368,35405342.8759,741000.32,4421876.8,22917.6533
2022,1,25,8,15,3,168993734.062,32150451.1519,12862.9333,10179080.4,37810.7733
2022,1,25,8,20,3,178603174.115,42980805.2029,320.4267,16887736.7467,41136
2022,1,25,8,25,3,194239870.023,52136134.0448,25949.6,10408444.6667,127386.2667
2022,1,25,8,30,3,202974952.215,55023580.0366,50660.5333,3797050.5333,133245.12
2022,1,25,8,35,3,204982591.613,59971298.0457,17459.04,17839795.7333,153205.6
2022,1,25,8,40,3,181226851.084,58935044.2547,537.8133,7747535.1467,37190.2933
2022,1,25,8,45,3,207109965.39,50288259.6612,288.4267,10477578.7733,133959.52
2022,1,25,8,50,3,218365700.583,49399698.0953,374.8267,11712539.6267,56391.68
2022,1,25,8,55,3,207681721.587,60690486.5724,42273.8133,9587518.9333,42725.8667
2022,1,25,9,0,3,206949296.24,58859328.0158,926.4,8007457.1733,197320
2022,1,25,9,5,3,211939282.005,61466325.6863,38167.2,16762148.1333,92750.0267
2022,1,25,9,10,3,208957939.907,48586351.3621,40416,25680824,115132.48
2022,1,25,9,15,3,226769665.05,51697805.7754,1813.3067,13564749.4667,85919.0933
2022,1,25,9,20,3,237293147.35,54406986.9728,59063.2,14959777.3333,34454.8
2022,1,25,9,25,3,232135977.536,59636900.3627,103381.6,17912446.9333,33638.4
2022,1,25,9,30,3,242475647.427,60088145.1188,24637.76,20433030.08,25227.0933
2022,1,25,9,35,3,199209789.268,58759454.2946,20694.88,21241815.28,28725.6
2022,1,25,9,40,3,229283145.009,67095187.0142,280117.6,11680896,48720.6667
2022,1,25,9,45,3,246126678.925,69214150.9733,11854.4,17071096.64,56480
2022,1,25,9,50,3,240390400.385,68604534.1833,56023.2,18366741.6,126248
2022,1,25,9,55,3,243276038.925,67622484.9645,58144,18406984,56895.4667
2022,1,25,10,0,3,267236910.874,71194492.1682,68234.08,18952404.96,22907.76
2022,1,25,10,5,3,235081435.319,62589621.5474,447865.0667,14919927.7333,25090.56
2022,1,25,10,10,3,249456613.363,62459307.1377,38341.0133,19165051.3067,40044.24
2022,1,25,10,15,3,245660741.645,52077017.5409,775.68,21510082.1333,171847.04
2022,1,25,10,20,3,319687742.448,59868946.5124,23041.7333,26816288.8267,54648.96
2022,1,25,10,25,3,296334842.571,60460894.1387,27396.48,21361851.7333,128554.8267
2022,1,25,10,30,3,278218833.5,65784696.6601,27210.4,27581319.36,87056.6667
2022,1,25,10,35,3,300368962.127,62377469.474,768.1333,25316331.3333,24511.3333
2022,1,25,10,40,3,288464333.069,60965152.1053,186460.5867,25000407.8933,54961.1733
2022,1,25,10,45,3,291103511.956,55804907.1573,49642.88,26678465.0667,86894.88
2022,1,25,10,50,3,290042143.741,57122576.9148,1692.8,17550339.2,81325.44
2022,1,25,10,55,3,287396743.604,56940163.0013,715.3333,14092569.4667,12056.96
2022,1,25,11,0,3,317470964.284,56399970.4098,240920.6667,19302601.6,151501.3333
2022,1,25,11,5,3,325195630.732,59413580.8067,113099.4667,20131621.6,68776.16
2022,1,25,11,10,3,289043118.305,59272293.1668,2773.92,11942414.56,68125.8133
2022,1,25,11,15,3,274015780.429,58562129.3408,491604.3733,20305957.2267,71628.88
2022,1,25,11,20,3,280879685.256,50983765.709,485018.6667,17425167.4667,165698.8
2022,1,25,11,25,3,279399813.165,50701121.9238,27479.8667,19601892.1333,155829.76
2022,1,25,11,30,3,281060321.501,54075198.9159,82795.0667,21001656.1333,42743.36
2022,1,25,11,35,3,304254800.313,58110599.9676,117323.84,24962743.7867,62605.76
2022,1,25,11,40,3,309222000.564,64581720.6816,1822.9333,21424603.84,73732.1067
2022,1,25,11,45,3,346938228.653,59536713.1509,27235.4133,18173770.3467,42666
2022,1,25,11,50,3,281739434.899,63475129.5328,20480.2133,28876361.6,47098.56
2022,1,25,11,55,3,287388165.64,64717014.8967,38562.3467,38070130.24,30711.4667
2022,1,25,12,0,3,302890444.296,62577581.6764,165243.4133,28542397.5467,303813.52
2022,1,25,12,5,3,316521112.703,61892401.909,33752,26201100.9067,84119.92
2022,1,25,12,10,3,312512065.836,62363431.4116,617337.3867,25967055.04,80002
2022,1,25,12,15,3,284554927.32,64914702.4932,962443.3067,34401732.5867,81808
2022,1,25,12,20,3,287724189.479,59769320.8606,1914034.24,46556747.84,71273.84
2022,1,25,12,25,3,281258725.196,61760555.2214,48264.1333,46129251.6,61361.6
2022,1,25,12,30,3,292177418.145,64309326.0869,19368.2133,47955971.4133,189757.44
2022,1,25,12,35,3,278449132.386,61378095.1726,178805.9733,46449690.56,72475.6267
2022,1,25,12,40,3,279429141.834,60676405.5484,21869.8667,41120062.4,70252.8
2022,1,25,12,45,3,294451587.982,58245364.0242,791.7867,42542212.2667,61059.52
2022,1,25,12,50,3,308278926.668,56807988.5119,161481.0667,43780001.92,71501.6
2022,1,25,12,55,3,321706087.052,55466758.089,18673.3333,65893010.1333,83055.8933
2022,1,25,13,0,3,306166879.797,57629513.1731,54849.2,54533348.4,86987.2
2022,1,25,13,5,3,330166930.748,51220543.1231,72514.1333,58524679.4667,87208
2022,1,25,13,10,3,318413973.892,51382992.1036,1794.5333,57205785.8667,134185.3333
2022,1,25,13,15,3,299657425.827,59578982.2424,592,57182472,171164.16
2022,1,25,13,20,3,313430180.261,58359695.8485,333801.1733,115848219.627,288550.6133
2022,1,25,13,25,3,326837866.82,57349826.3826,67736.32,62313025.8133,178910.2933
2022,1,25,13,30,3,334848748.521,55665279.834,334324.0533,61008594.3467,230102.48
2022,1,25,13,35,3,322457909.262,52452417.0884,229458.4533,50330340.5867,130489.6
2022,1,25,13,40,3,358921141.189,48929991.887,138347.4133,46233225.8133,141711.2
2022,1,25,13,45,3,336972883.22,47554681.4883,2956376.2667,46271525.4667,290738.6667
2022,1,25,13,50,3,331841917.701,48052580.3712,1474771.4133,41923829.6533,170484
2022,1,25,13,55,3,396445487.252,48382409.4353,424530.4,57072109.3333,109143.3333
2022,1,25,14,0,3,392263201.686,45721267.2615,476217.7067,53449477.5467,147292.8
2022,1,25,14,5,3,397854212.665,44913091.8457,104420.9067,58745673.1733,94332.16
2022,1,25,14,10,3,386878720.214,48108170.9444,243240,54149613.6533,77233.8133
2022,1,25,14,15,3,462255240.932,50475569.1342,56028.16,50236712.5333,156553.6
2022,1,25,14,20,3,462998466.499,51875504.8732,876146.7733,51903437.6533,938902.1333
2022,1,25,14,25,3,436870961.296,47646710.309,1149066.6667,55311674.9333,3147398.2933
2022,1,25,14,30,3,435081377.761,48339302.0622,116063.7333,45857508.5333,985124.2667
2022,1,25,14,35,3,438540362.952,54293863.305,710215.6,38736892,116011.7333
2022,1,25,14,40,3,441049329.946,51475918.1895,831958.9333,63182168.4267,36545.6
2022,1,25,14,45,3,435047462.222,52406610.7348,215852,54314336.2667,162042.1333
2022,1,25,14,50,3,418583672.496,51201024.3876,136637.2,65130221.0667,45694.72
2022,1,25,14,55,3,433590965.555,51080624.41,2240.4267,57386738.6667,22030
2022,1,25,15,0,3,396035119.354,53803207.6764,100898.4533,61690568.1067,142215.1467
2022,1,25,15,5,3,385868996.115,55014044.6952,543469.6533,61707520.4267,49477.3333
2022,1,25,15,10,3,396466266.786,58508083.6225,89279.2,56463362.2667,42124.8
2022,1,25,15,15,3,426490431.32,58854501.6716,563407.4667,64910985.92,56036.7467
2022,1,25,15,20,3,406589244.943,54044498.6756,370202.88,60847352.8533,270514.8
2022,1,25,15,25,3,424637267,51690021.5867,218477.8667,79640970.9333,160672
2022,1,25,15,30,3,412568134.907,54485726.8888,464480,77428841.76,424467.7333
2022,1,25,15,35,3,422397178.491,60853589.6517,461508.6933,66521640.4267,225072.6667
2022,1,25,15,40,3,427794449.007,56147162.5832,243883.4133,54215145.6,29278.6667
2022,1,25,15,45,3,446830118.009,58372666.9114,434998.9333,56366558.2667,43678.72
2022,1,25,15,50,3,462700373.237,57899810.3748,358291.8667,61843995.3333,34068.6667
2022,1,25,15,55,3,506882763.219,54318971.0323,260337.3867,44889306.9867,22727.04
2022,1,25,16,0,3,468832873.173,55543022.0388,247665.6,62828813.2267,21416
2022,1,25,16,5,3,442076430.545,56002931.8201,310998.08,57626783.7867,50324
2022,1,25,16,10,3,425404934.309,54677778.5065,437895.7333,47963481.0667,30629.12
2022,1,25,16,15,3,386401597.531,56556647.8236,601495.3333,62470247.7333,24764.32
2022,1,25,16,20,3,396802265.006,53452890.2649,902244.9333,45301733.8667,28758.5067
2022,1,25,16,25,3,387684753.597,55502170.9738,211575.8667,51068479.0667,11249.6
2022,1,25,16,30,3,365898064.271,58086963.1231,304039.1467,44297014.72,52032.96
2022,1,25,16,35,3,408422818.23,54317547.6151,695102.4,49033529.7067,58410
2022,1,25,16,40,3,402341485.552,52649621.9835,1482141.6,60640694.5333,58784
2022,1,25,16,45,3,377454307.092,55896454.4334,1538710.6133,55907083.3067,64518.6667
2022,1,25,16,50,3,360503471.047,54816230.5636,2062197.76,52239454.4,41646.4267
2022,1,25,16,55,3,377691369.406,53794569.5085,424518.24,55309332.32,31906.4
2022,1,25,17,0,3,382692761.308,62389913.8514,195497.28,49155318.4,24783.4933
2022,1,25,17,5,3,361842999.382,58854176.5412,136220.08,54757840.16,213031.76
2022,1,25,17,10,3,349196524.149,56660032.7635,278272.64,56508652.5867,233232
2022,1,25,17,15,3,393551328.083,60192708.5511,280200,56531536,93414.96
2022,1,25,17,20,3,348186797.772,60164583.0755,217124.3733,92901869.0133,143386.6667
2022,1,25,17,25,3,401662340.683,58556977.905,140012.5333,49372224.9333,156898.24
2022,1,25,17,30,3,454138498.516,57836774.0044,82677.3333,38130346.56,193716.56
2022,1,25,17,35,3,403859684.688,58935578.2926,859373.8667,46837696.4267,153286.0267
2022,1,25,17,40,3,438858376.02,61434221.3731,2823172.16,49575703.8933,34157.52
2022,1,25,17,45,3,428978510.727,65786107.1302,289652.4,45706491.6,48588.8
2022,1,25,17,50,3,422799973.789,63350136.4734,475703.2,51653064.9333,142514.56
2022,1,25,17,55,3,433787660.749,63718197.412,410698.9867,57207074.9867,35916.6933
2022,1,25,18,0,3,424846701.33,66712980.8604,900836.8,51522053.0667,5624.64
2022,1,25,18,5,3,443435096.234,69965886.8977,150547.52,66959980.3733,41106.2667
2022,1,25,18,10,3,435084890.262,68591064.6323,101686.4,68537209.6,134651.2533
2022,1,25,18,15,3,446616592.265,66656975.8505,41650.4533,74188085.9733,48832.7733
2022,1,25,18,20,3,477869286.492,71211053.157,217208.7467,73611728.32,46952
2022,1,25,18,25,3,490542909.065,75007640.4299,71181.5467,67846146.1333,47656
2022,1,25,18,30,3,444557981.867,71362880.8224,367488.7467,76279046.6133,47362.56
2022,1,25,18,35,3,452357414.303,73808221.1097,238203.6,79714937.8667,43636.32
2022,1,25,18,40,3,463368194.098,66856710.4663,135077.6,75123676,28070.24
2022,1,25,18,45,3,473295363.001,64292211.3545,137062.08,81528622.1867,274343.2533
2022,1,25,18,50,3,497298156.05,66559863.4635,70547.52,80136634.6667,46134.5067
2022,1,25,18,55,3,505177697.377,59754536.7073,47799.2533,64900345.6,37037.6
2022,1,25,19,0,3,513750356.126,56331475.974,116119.68,63419567.52,275293.28
2022,1,25,19,5,3,526474859.889,52686879.4438,91243.0933,70870330.3467,182760.1067
2022,1,25,19,10,3,493883350.77,47941393.9964,84936.4267,66926271.4667,79724.72
2022,1,25,19,15,3,492005367.399,48114857.7511,1112331.2,60792652.0533,58206
2022,1,25,19,20,3,469781492.848,45142495.21,38980.3733,58489951.4667,36628
2022,1,25,19,25,3,475674770.376,45979790.6933,19181.0133,58583648.32,46708.8533
2022,1,25,19,30,3,447759737.07,47982028.0148,72147.3067,41219599.8933,26258.6667
2022,1,25,19,35,3,468741746.455,49499864.0498,48533.76,38318240.24,35819.2
2022,1,25,19,40,3,477017990.873,49927407.9728,32193.4933,54239326.1867,61049.28
2022,1,25,19,45,3,466796917.486,51093255.904,227809.6,55619035.6267,61055.3333
2022,1,25,19,50,3,487861050.752,58161347.8648,197619.7333,45660641.4933,62468.48
2022,1,25,19,55,3,494856219.854,63100346.3801,173764.8,48890232.6667,73852.96
2022,1,25,20,0,3,497050485.73,61295159.406,1987666.4533,50661680.1067,37188.3733
2022,1,25,20,5,3,497695034.715,56822063.5796,1462799.6,52288979.3333,159421.4933
2022,1,25,20,10,3,485075174.188,59662354.4074,2357071.52,46830645.44,128939.44
2022,1,25,20,15,3,493579911.724,59506468.1989,816865.7333,41061728.8,100764
2022,1,25,20,20,3,508071604.657,56874074.5668,44322.7733,44773884.0533,274465.6
2022,1,25,20,25,3,520902413.333,54473484.3865,573330.9867,50211604.6933,297256.6667
2022,1,25,20,30,3,497070679.778,56514247.4204,3032277.44,65272182.2933,429082.24
2022,1,25,20,35,3,487317053.844,56124829.9544,774799.8667,69887510.9333,134692.6667
2022,1,25,20,40,3,494393556.074,54970186.008,191809.6,56667483.7333,342334.4
2022,1,25,20,45,3,520859112.534,61308018.4182,1587472.32,62246026.4533,99730.6667
2022,1,25,20,50,3,507749535.207,52407430.3364,1314791.0667,65015396.4,115461.3333
2022,1,25,20,55,3,564504177.535,54011146.0077,216258.24,65182912.7467,88718
2022,1,25,21,0,3,638217340.321,55354519.6357,395416.9333,65454363.0667,57844.88
2022,1,25,21,5,3,632383911.943,55053525.2398,1314133.3333,72351986.6667,85361.36
2022,1,25,21,10,3,603170540.355,55647674.0185,1228263.5733,75202987.7333,87640
2022,1,25,21,15,3,596559703.137,55081012.6709,121269.44,83718714.24,144136
2022,1,25,21,20,3,624297566.041,58003556.7645,106328,83833288,59538.88
2022,1,25,21,25,3,610376322.949,56517126.9451,689554.8,145827931.333,132825.3867
2022,1,25,21,30,3,618237630.222,51468521.3785,536080.8,72359564,59230
2022,1,25,21,35,3,603836199.526,52105185.2131,1053458.9867,76524694.4,68360.3733
2022,1,25,21,40,3,584217198.897,52345504.3876,2415449.7067,77438356.48,422478
2022,1,25,21,45,3,619334844.693,52707509.109,1303537.28,71715039.5733,338074.3467
2022,1,25,21,50,3,614511846.486,50282117.3429,297232.32,86142885.8667,161171.1733
2022,1,25,21,55,3,598264086.002,51616560.7029,142596.6933,68632128.7467,147400
2022,1,25,22,0,3,588367363.753,52465988.1639,224530.9867,83541899.0933,36042.2933
2022,1,25,22,5,3,528284964.019,60955521.0051,231931.3067,78026396.2667,22356.1067
2022,1,25,22,10,3,498419279.308,57233644.0842,162647.7333,122296760.667,28540.0533
2022,1,25,22,15,3,507599874.497,50890346.6418,119376.8533,107912183.68,16874.32
2022,1,25,22,20,3,544595622.176,47396497.1043,127091.6,123343812.133,76603.52
2022,1,25,22,25,3,610674249.45,48148809.5751,108500.9067,131348449.6,41194.56
2022,1,25,22,30,3,584955244.541,52336505.3139,195263.1467,117918730.453,16918.8267
2022,1,25,22,35,3,509095596.092,46468368.9236,592290.8,122660429.467,31764.24
2022,1,25,22,40,3,497957122.784,49330981.2031,1071503.4667,129764283.467,119632.32
2022,1,25,22,45,3,467143785.484,49466502.2715,1088896.9333,117214154.8,26173.5467
2022,1,25,22,50,3,477313503.082,49923318.9503,164004.6933,129363454.507,22700
2022,1,25,22,55,3,454122766.241,49716893.9446,182380.6667,121435814.667,17247.6
2022,1,25,23,0,3,425573556.221,45596166.2025,238102.08,112433802.773,4691.2
2022,1,25,23,5,3,406181059.106,42435035.3582,174939.2,111105514.933,21989.12
2022,1,25,23,10,3,419933245.632,48264790.625,201253.76,103002795.413,7785.3333
2022,1,25,23,15,3,425635065.98,56744447.7559,2984158.4,98740227.7333,104246.4
2022,1,25,23,20,3,388328152.554,59927876.553,1712229.4667,96653361.4667,55676.7733
2022,1,25,23,25,3,354890919.801,55965649.71,2157978.24,94111637.76,34783.04
2022,1,25,23,30,3,356103192.822,45078704.2707,1882109.44,83945087.8933,32915.2
2022,1,25,23,35,3,334415835.502,44247222.8343,1081639.04,77881362.64,16454.4
2022,1,25,23,55,3,332000501.861,34536849.9265,996854.2933,85862342.8267,13945.7067
2022,1,26,0,0,4,326854743.973,36307826.2083,662730.24,80185890.24,47919.6
2022,1,26,0,5,4,339623287.792,34263443.9643,447031.8933,82810019.52,6260
2022,1,26,0,10,4,304774430.961,28243213.2341,1709194.0267,83005197.6533,15429.44
2022,1,26,0,15,4,295247898.565,36561893.1648,1604833.28,74336335.5733,31995.92
2022,1,26,0,20,4,280924563.352,32497745.221,1096440,61075481.28,33536
2022,1,26,0,25,4,271031229.495,27480339.2864,229408.1067,62190649.92,4173.3333
2022,1,26,0,30,4,260368599.491,28302134.5067,347528.8533,51507593.9733,20051.2
2022,1,26,0,35,4,248331449.732,26622938.0155,136584.4267,54106592,23562.3733
2022,1,26,0,40,4,271741857.73,26231016.2757,2534.2667,44826689.7333,97853.3333
2022,1,26,0,45,4,284982370.006,30009927.7651,150174.24,38227367.84,26940.48
2022,1,26,0,50,4,249359526.034,24560865.7151,286411.4133,37304693.3333,3451.9467
2022,1,26,0,55,4,198484981.399,21799193.3276,36931.9467,46089868.8,10129.92
2022,1,26,1,0,4,213538318.326,22026164.5465,826.0267,39099700.16,36768.64
2022,1,26,1,5,4,212897364.703,22591536.7921,42747.52,47236497.0667,211335.3333
2022,1,26,1,10,4,198086922.838,23843646.8245,934.4,37434454,30465.92
2022,1,26,1,15,4,196669456.587,26371506.321,58982.4,33489803.76,19549.92
2022,1,26,1,20,4,166700264.538,26914403.6103,58573.5467,44683782.5067,114313.92
2022,1,26,1,25,4,165095120.348,24555158.1556,49325.28,36641844.88,122520
2022,1,26,1,30,4,191532659.031,25452547.0217,49232,36559080,127743.68
2022,1,26,1,35,4,172501845.121,21587455.0482,1426.2667,71661090.6667,11019.84
2022,1,26,1,40,4,165641451.852,21301062.8293,269.8667,38573797.4667,1923.3867
2022,1,26,1,45,4,153248721.757,17870879.2712,30865.3333,31504714.9333,3790.6667
2022,1,26,1,50,4,165351235.28,20141651.8295,483372.0533,36219478.6133,31451.28
2022,1,26,1,55,4,129392977.321,24063255.9655,6881.6,37304514.4533,35320
2022,1,26,2,0,4,155496333.366,22526081.6626,265.28,34536298.56,20804.8
2022,1,26,2,5,4,112085975.195,23242364.5636,421.8667,33101386.6667,2219.84
2022,1,26,2,10,4,92091578.0562,22850613.882,234.56,37640154.1333,744
2022,1,26,2,15,4,127693796.608,19981491.3657,23951.4667,33504637.6533,18053.2533
2022,1,26,2,20,4,145181393.203,133730496.436,592,28017204.0533,2408.56
2022,1,26,2,25,4,124381933.809,21332431.5029,343.04,39094751.68,1903.3333
2022,1,26,2,30,4,112630670.371,27138253.6143,18624.96,32463866.88,38319.0933
2022,1,26,2,35,4,98667873.3538,26932158.2045,542.6667,20042105.0667,41192
2022,1,26,2,40,4,80736279.1176,24630138.7029,366.64,20058832.08,5302.6667
2022,1,26,2,45,4,93298660.6664,27703247.3146,218.0267,19295616.5333,17625.8667
2022,1,26,2,50,4,71519996.1322,25295674.7258,255.3333,17018649.3333,31385.1733
2022,1,26,2,55,4,93000002.2622,31708591.3838,311.2533,10524629.8667,3297.28
2022,1,26,3,0,4,76876985.7817,25471149.4983,367.2533,13795531.7333,34342.1867
2022,1,26,3,5,4,84917794.4324,34127084.3684,304.8533,17154864.8533,4544.4267
2022,1,26,3,10,4,77428877.8514,40396131.1435,26620.3733,8788717.2267,26565.3333
2022,1,26,3,15,4,78596317.4894,54323408.5326,706.9867,11155117.6533,28712
2022,1,26,3,20,4,54035784.378,50966711.6928,48485.5467,7781364.16,30692.1067
2022,1,26,3,25,4,51807434.073,55400290.758,986.6667,8935469.76,21133.76
2022,1,26,3,30,4,60332021.6975,50853525.8708,336,9086184.4,30328.6667
2022,1,26,3,35,4,60799684.5414,50388439.4117,48777.3867,6991749.9733,3250.88
2022,1,26,3,40,4,64145980.5088,48906155.4464,206809.28,5055613.12,368
2022,1,26,3,45,4,67160742.2638,52524511.5634,3022.6133,3669392.32,17683.0933
2022,1,26,3,50,4,67798519.5221,54560545.611,382.08,2092579.84,1693.12
2022,1,26,3,55,4,58346236.3492,58392012.1241,234.0267,379426.1333,597.6
2022,1,26,4,0,4,62964192.2749,54755647.3482,265574.2933,116357.9733,16865.4933
2022,1,26,4,5,4,57639790.5264,56838952.8382,25900.48,38294.88,1507.8133
2022,1,26,4,10,4,72789583.9933,59884366.7179,584.9333,265908.2667,608.7467
2022,1,26,4,15,4,92119124.9365,60823273.4694,240,4688945.7067,16665.3333
2022,1,26,4,20,4,99292124.2898,58331868.2059,374.1867,1591938.4533,20041.3333
2022,1,26,4,25,4,111313767.633,58992301.5967,391.7867,9914879.36,1452.32
2022,1,26,4,30,4,123582552.035,61270130.1454,233.6,7406843.6,17476.16
2022,1,26,4,35,4,123109858.939,63791065.3513,350.4,4602648.7467,10515.76
2022,1,26,4,40,4,92394548.6002,62532000.4864,30512.4267,10527846.5067,1401.92
2022,1,26,4,45,4,84428570.4505,62741358.6667,102370.4533,12959650.6667,17226
2022,1,26,4,50,4,103852960.356,60870192.3602,1559.36,7947213.0133,28360.48
2022,1,26,4,55,4,107347015.893,61449441.6704,397.12,9349386.56,3093.3333
2022,1,26,5,0,4,103347559.643,61878934.2779,226.3467,7536589.76,43672
2022,1,26,5,5,4,92436078.3702,54126725.2981,381.3333,9201890.8,41991.68
2022,1,26,5,10,4,88831150.8501,57610186.7991,210.3467,7164724.3733,3534
2022,1,26,5,15,4,89916144.9135,58846487.4789,436.9067,8147565.12,17578.88
2022,1,26,5,20,4,90275007.3068,68038699.711,273.68,5300939.76,18896
2022,1,26,5,25,4,74344373.2566,57583949.8579,398.2933,9599670.6133,18445.4133
2022,1,26,5,30,4,98079874.6276,61214269.5317,400,9658152,18408
2022,1,26,5,35,4,90184959.2405,62046770.8288,613.12,14343437.3333,32554
2022,1,26,5,40,4,81586359.5509,57462930.6891,292.3733,5629981.0133,3803.9467
2022,1,26,5,45,4,65768107.3555,59551912.1387,1495664.2133,6484426.6667,25464.72
2022,1,26,5,50,4,78056118.9799,63298057.4709,236626.1333,5335984,11555.3333
2022,1,26,5,55,4,97184752.1158,62129605.994,3944.2667,3559189.4667,20415.7867
2022,1,26,6,0,4,103629706.421,62450419.1651,296.96,9350362.4533,28060.3467
2022,1,26,6,5,4,76415536.8039,59503707.8073,20352.96,6153953.7067,3469.44
2022,1,26,6,10,4,81554651.8695,60531376.148,535.4667,5888366.9333,680.56
2022,1,26,6,15,4,66126280.4672,63143882.7258,343.2,6006607.44,25325.92
2022,1,26,6,20,4,73944792.4459,61770125.1473,41305.7333,4714268.8,2589.28
2022,1,26,6,25,4,84302886.4578,58391077.858,1014.6667,8385358.5333,1267.52
2022,1,26,6,30,4,111750946.501,57144416.3989,19587.6267,5543071.1467,16854.16
2022,1,26,6,35,4,94573675.274,57709494.4562,564.5867,3427301.0133,38469.12
2022,1,26,6,40,4,102853183.945,58151374.2987,335.5733,7878130.4533,16948.4267
2022,1,26,6,45,4,121078632.457,75275257.9335,336,12110495.7867,36284.8
2022,1,26,6,50,4,116274822.034,60124713.5211,217.6,7088411.84,35440.5333
2022,1,26,6,55,4,118838466.956,61445018.5198,429.12,5537258.1333,35200
2022,1,26,7,0,4,140139727.488,54249644.6394,313.6,5222897.3867,21409.0933
2022,1,26,7,5,4,135732587.137,54232741.0314,335.6,7055865.3333,27889.2533
2022,1,26,7,10,4,126215907.681,50237697.6502,17493.2,6031450.6667,29702.08
2022,1,26,7,15,4,101878748.487,44806198.8632,540.2667,5233855.3333,29776
2022,1,26,7,20,4,129018841.125,45401608.6081,153725.9733,5342000,9012.08
2022,1,26,7,25,4,172029338.968,57404109.5394,25150.4,5057686.6667,7288
2022,1,26,7,30,4,181519655.537,50458286.3947,708.3733,4481852.0533,29019.4133
2022,1,26,7,35,4,195967499.974,49814159.2599,344.8533,2506233.28,23525.6
2022,1,26,7,40,4,186658882.266,50031182.7986,383.3333,11753165.6,15304
2022,1,26,7,45,4,177679694.967,48772114.8408,297.1733,7484244.16,126962.0267
2022,1,26,7,50,4,219748481.434,49458087.2244,319.52,7908834.24,65952.7467
2022,1,26,7,55,4,201713310.378,49227744.697,36962.9333,6772169.0667,73877.28
2022,1,26,8,0,4,177224689.894,39587237.138,23304.96,6372593.0667,75352
2022,1,26,8,5,4,167773900.164,41870038.4427,758.08,8282094.5067,55287.8933
2022,1,26,8,10,4,150462286.772,37068358.4469,463.8933,9039553.7067,12675.84
2022,1,26,8,15,4,160843210.849,45408722.3237,432.64,9273436.64,31932.8
2022,1,26,8,20,4,147895718.866,47398993.6273,463.5733,5186995.9467,34096
2022,1,26,8,25,4,151287506.353,38198753.0357,378183.68,13692616.1067,67100.1867
2022,1,26,8,30,4,162871552.847,48642628.5831,36652.2667,8475307.52,117220.6667
2022,1,26,8,35,4,173741369.372,49308156.8217,40539.2267,11988872.4267,21058.24
2022,1,26,8,40,4,204140119.713,53343278.9965,38549.2,7364566,31277.68
2022,1,26,8,45,4,180566158.015,58139455.0279,142593.4933,8935042.56,32704
2022,1,26,8,50,4,196862093.766,58381901.7179,28249.2,10775126.56,5040.9333
2022,1,26,8,55,4,187816270.346,58965498.1734,661.0133,6708624.8533,17959.44
2022,1,26,9,0,4,211727743.396,56044962.7622,366.9333,4428722.8,19840
2022,1,26,9,5,4,201946359.122,53595970.1872,59690.5333,9597718.8,101634.1333
2022,1,26,9,10,4,228896706.791,61576436.957,134924.9067,7239358.2933,149398.6133
2022,1,26,9,15,4,240641269.191,59047380.6065,83329.0667,9777406.6133,42292.6933
2022,1,26,9,20,4,257723020.564,41468956.7875,42040.4,8824428.16,40218.08
2022,1,26,9,25,4,274442341.595,41953549.0057,143853.84,14038557.5733,40218.08
2022,1,26,9,30,4,232716488.752,64509389.3154,24184,17916736,97993.3333
2022,1,26,9,35,4,223209406.053,45035401.8241,193075.6,13902117.5467,58691.2
2022,1,26,9,40,4,237396850.293,42613996.5565,47143.2,13219470.96,30485.4667
2022,1,26,9,45,4,226489587.36,46885779.5372,707220.8,15876819.4133,15034.6133
2022,1,26,9,50,4,256476270.967,66620611.9881,725464,15950176,8904
2022,1,26,9,55,4,259801696.301,63412434.7317,67160,23976180.48,25967.2
2022,1,26,10,0,4,284913551.003,63743841.2903,80949.44,15218966.4,41780.6133
2022,1,26,10,5,4,309764758.198,64099557.7638,110721.8133,16621712.96,28911.7867
2022,1,26,10,10,4,313876422.013,59209420.4858,25995.84,21219889.6,27744
2022,1,26,10,15,4,295491683.033,60761825.2988,75274.4533,23115851.7333,57765.44
2022,1,26,10,20,4,302320754.546,58444084.8057,43328.8533,14793198.08,37748.5333
2022,1,26,10,25,4,289599665.319,60336979.2641,38688.7467,11952345.4933,26360.0267
2022,1,26,10,30,4,313014330.568,62442071.6097,958.5333,16578824.2667,21937.6533
2022,1,26,10,35,4,278166875.985,63539111.7658,71686.4,18355766,36620.2667
2022,1,26,10,40,4,251035387.461,63612203.072,21581.7333,15446029.3333,63528.5867
2022,1,26,10,45,4,281146219.359,61236700.7649,762.1333,13049306.2667,50969.5733
2022,1,26,10,50,4,286902566.994,65723069.1698,384.6667,11665712.5333,34156
2022,1,26,10,55,4,269965952.588,65927704.0524,446.9333,11093756.1333,19840.72
2022,1,26,11,0,4,256574843.972,68182836.0224,38585.6,12719943.7333,25048
2022,1,26,11,5,4,277685966.821,70431245.6434,685.36,10261077.04,25640
2022,1,26,11,10,4,291866230.059,69531682.3039,445.9733,11537491.7333,55995.2
2022,1,26,11,15,4,299761344.799,66175901.5314,31074.1333,15469897.0667,59120
2022,1,26,11,20,4,287337487.719,64519912.7787,25923.2,16078814.2933,48268.9867
2022,1,26,11,25,4,267746846.317,64305116.5077,40363.84,14455581.12,47368
2022,1,26,11,30,4,297118072.662,65275412.9393,22081.2,22814336.6667,49362.6133
2022,1,26,11,35,4,301651682.909,64616371.7927,374234,26436306.2667,25458.56
2022,1,26,11,40,4,307331241.965,61058450.8868,39350.1867,20815711.04,28403.6267
2022,1,26,11,45,4,294238992.926,59696329.5396,15476.3733,25287035.52,28924.16
2022,1,26,11,50,4,295761578.161,58491208.0908,20907.0933,19407847.04,19465.1733
2022,1,26,11,55,4,291271470.061,62543474.2594,735.2,32205804.8,17818.16
2022,1,26,12,0,4,291645646.442,61124049.8271,18335.8667,24036553.4667,23940.0533
2022,1,26,12,5,4,317284866.481,61052695.8244,176964.5333,24971826.4,74293.7067
2022,1,26,12,10,4,290451010.637,63654436.2293,3689.8133,21154101.6533,21691.3333
2022,1,26,12,15,4,276109879.276,59807927.6295,19759.3333,22674173.4667,33284.6667
2022,1,26,12,20,4,267627283.887,61376279.1746,751.4667,27624515.4667,19921.44
2022,1,26,12,25,4,274551489.264,62293270.0398,321.3867,23358599.2533,7881.92
2022,1,26,12,30,4,262585283.654,60391809.5701,48437.76,16747465.3867,22628.96
2022,1,26,12,35,4,256484475.423,59404064.9988,1025.4933,19991074.88,50173.76
2022,1,26,12,40,4,282077134.076,59748227.2343,437.0133,23608594.8267,45549.6
2022,1,26,12,45,4,297967192.54,57412285.3532,4829.6,19187222.5333,40252
2022,1,26,12,50,4,306377568.148,55955500.711,499.52,22255973.6533,28639.04
2022,1,26,12,55,4,286721273.531,56026495.728,127333.2267,16270657.28,52705.68
2022,1,26,13,0,4,258926103.059,50429097.588,22290.6667,21785383.8933,36724.0533
2022,1,26,13,5,4,295166587.438,49127742.0699,725.0667,18007875.3333,39635.68
2022,1,26,13,10,4,344134741.816,48863459.1602,480432.8533,25953330.4533,24680.0533
2022,1,26,13,15,4,282517359.186,47952848.3893,58485.6533,22420776.1067,117381.8933
2022,1,26,13,20,4,306441013.377,51717432.7744,52696,22371576,123736
2022,1,26,13,25,4,305313664.428,48256032.1924,157314.24,36827963.4133,231979.52
2022,1,26,13,30,4,346947540.507,162774240.895,13222.2933,18073952.5333,66741.28
2022,1,26,13,35,4,359689333.579,54732456.9086,264766.1867,13954598.5067,47816.16
2022,1,26,13,40,4,348233760.899,48416992.3561,750916,17178381.2,108313.52
2022,1,26,13,45,4,367855389.162,51700642.5956,68835.2,19948516.9067,58029.92
2022,1,26,13,50,4,389528197.201,48747182.794,99089.7067,14511998.2933,47030.8267
2022,1,26,13,55,4,387846880.551,49711033.4215,37685.0133,22164642.3467,25880.4267
2022,1,26,14,0,4,345383145.469,52642855.7278,203176.32,21191884.3733,44813.7333
2022,1,26,14,5,4,364378321.853,55109575.7106,101174.9333,21954358,10082.1867
2022,1,26,14,10,4,380722406.999,57359285.8498,62206.72,22840175.4667,24396.16
2022,1,26,14,15,4,354955631.917,53634343.7489,26626.0267,27874251.3067,31136.96
2022,1,26,14,20,4,383277093.261,54187690.0954,77788.8,34831660.1333,26726.24
2022,1,26,14,25,4,347628764.085,55610177.6138,49289.8667,41281106.5333,35416.0533
2022,1,26,14,30,4,354231856.592,58569733.0724,66496.7467,39613742.4,43746.72
2022,1,26,14,35,4,388765120.813,54982929.5001,230080.64,43550950.4,45742.5333
2022,1,26,14,40,4,392738464.678,55884467.446,482254.08,58622296.5333,52535.4133
2022,1,26,14,45,4,396454286.037,54639044.9771,168367.36,71078921.7067,238881.92
2022,1,26,14,50,4,379646425.873,53629173.6644,351546.6667,63094724.2667,176500
2022,1,26,14,55,4,400380075.202,56907135.671,193900.5867,69428085.76,143724.6933
2022,1,26,15,0,4,388349028.105,56617261.7041,34866.8,62561427.8667,333968.64
2022,1,26,15,5,4,398503102.371,57917820.4997,66192,63607992,146168.32
2022,1,26,15,10,4,493087031.99,60002381.8336,139757.6533,63048957.2267,37619.3333
2022,1,26,15,15,4,476674912.782,60043383.5915,107457.8133,52360958.72,135734.72
2022,1,26,15,20,4,415325116.951,57799992.9593,270526.2933,58551371.4133,67640.6933
2022,1,26,15,25,4,419492836.439,56380698.8033,237721.4667,52515198.9333,58889.6
2022,1,26,15,30,4,385806539.193,57143998.1823,457186.24,58438386.7733,141001.3333
2022,1,26,15,35,4,396440999.99,67354007.3864,386491.52,45124940.0533,41870.88
2022,1,26,15,40,4,440974942.156,69266207.7721,224258.56,51753548.16,6762.08
2022,1,26,15,45,4,467811279.402,69007491.3673,84394.8,50170239.2,21328.64
2022,1,26,15,50,4,465159874.781,63067595.9369,126888.5333,44756503.4667,4864.8533
2022,1,26,15,55,4,442104874.956,65617763.1764,143387.3067,45927455.04,111932.6667
2022,1,26,16,0,4,408513918.202,62404918.8766,47072.4267,48345577.1733,59992.6667
2022,1,26,16,5,4,377375900.109,58574480.6261,702170.5333,42387565.2,19510.32
2022,1,26,16,10,4,391671380.424,61252865.5,52968,39401207.3333,26828.6933
2022,1,26,16,15,4,396589683.775,56254268.459,137812.2667,35490085.4667,78611.6267
2022,1,26,16,20,4,395823362.966,58387782.4447,666525.2267,35124835.2,132283.2
2022,1,26,16,25,4,397895382.495,54863195.29,222101.9733,46510848.2133,23838.8
2022,1,26,16,30,4,415466213.694,55246731.2323,222835.6267,47010093.44,133143.1467
2022,1,26,16,35,4,443628127.1,61069589.2161,199217.8667,41177709.0667,168937.28
2022,1,26,16,40,4,413074840.709,59150756.7552,884857.1733,43586211.7333,55004.6667
2022,1,26,16,45,4,400272139.527,53183166.3545,941385.3867,38657249.4933,347090
2022,1,26,16,50,4,397684725.627,52812551.3049,1049397.0133,39127222.72,396099.52
2022,1,26,16,55,4,402898021.313,61164518.9112,863333.9733,32583226.4533,263700.16
2022,1,26,17,0,4,416268776.475,54921166.0111,263853.7333,36159547.8667,60045.76
2022,1,26,17,5,4,417801491.373,54267010.3177,135280.7467,33119741.8667,128008
2022,1,26,17,10,4,413395011.237,55902962.811,417603.7333,26360886.4,36771.7333
2022,1,26,17,15,4,438435295.1,51875864.5784,188996.2667,41074227.7333,47091.4667
2022,1,26,17,20,4,422776034.865,54723586.5934,185040,41325536,48424
2022,1,26,17,25,4,440002419.185,55248379.1616,1055643.0933,65138664.96,118108.48
2022,1,26,17,30,4,454498510.289,55331733.1665,1854192.6667,30118323.3333,88628.48
2022,1,26,17,35,4,459337686.532,58698352.136,2061449.2,37290862.6667,72006.4
2022,1,26,17,40,4,454672764.988,56654997.2084,2776472.6667,50217654.4,12080.96
2022,1,26,17,45,4,498023333.82,58547231.0459,2500309.2,45529732,23272.6667
2022,1,26,17,50,4,512671866.186,61259372.6287,2277236.48,54531305.7067,49491.2
2022,1,26,17,55,4,493815028.199,63021039.6424,1107716.4,39690853.8667,13451.84
2022,1,26,18,0,4,487509669.273,61361949.5564,421708.1333,60470747.8667,183133.6
2022,1,26,18,5,4,490861922.58,63125375.3462,309950.8,58199679.0667,29687.4133
2022,1,26,18,10,4,487571773.595,64710280.6075,669980.9333,41528676.5333,8748.5867
2022,1,26,18,15,4,475658504.487,64353314.6951,308898.3467,46755992.4267,207454.5067
2022,1,26,18,20,4,473213953.501,62899193.7623,1190336.2667,57757830,39577.92
2022,1,26,18,25,4,464039292.265,65843709.3271,2414867.8667,44735779.8667,20670.6667
2022,1,26,18,30,4,487988366.976,61999408.4914,1264210.1333,55744033.3333,46500
2022,1,26,18,35,4,456568743.11,57581172.3917,345435.6267,47090527.8933,56421.04
2022,1,26,18,40,4,419116815.758,59606960.8188,112779.84,53640211.7333,9962
2022,1,26,18,45,4,395214543.614,62354635.7186,146180.3733,47702418.3467,23347.68
2022,1,26,18,50,4,395835551.556,60340990.9826,443064.4,48752548.5333,16909.92
2022,1,26,18,55,4,427576135.934,59808131.5724,154053.44,44129579.7333,16128
2022,1,26,19,0,4,429806000.183,60427087.3878,51013.76,51198402.08,117642.1867
2022,1,26,19,5,4,441834192.272,62955963.9259,155465.1733,46207980.9067,40399.04
2022,1,26,19,10,4,456382147.05,62577927.413,137711.68,50976334.24,34283.7333
2022,1,26,19,15,4,443130491.788,51213814.807,201370.4,59228840.4,65460
2022,1,26,19,20,4,440284883.009,50400086.4129,55278.5333,43937769.0667,23389.68
2022,1,26,19,25,4,452421980.118,52327832.0979,315868.8,61588163.2,146274.88
2022,1,26,19,30,4,466286514.035,56168385.5406,794712.2667,56562703.8667,66798.6133
2022,1,26,19,35,4,489255567.991,49963705.1895,71869.0133,64659457.92,105014.5067
2022,1,26,19,40,4,475913024.256,52389975.7131,19786.3467,54082940.8,125684
2022,1,26,19,45,4,461253299.832,51046037.104,34071.2533,50483686.9333,98545.0133
2022,1,26,19,50,4,432402504.739,52294342.747,103157.12,42701793.8133,66859.2
2022,1,26,19,55,4,442493722.313,53648640.6997,81966.9333,40243085.3333,172315.84
2022,1,26,20,0,4,420891333.307,55634914.2297,243365.8667,36395345.28,83684.64
2022,1,26,20,5,4,443773500.543,58927982.0942,222156.16,39333140.6933,233898.96
2022,1,26,20,10,4,436452654.015,58958386.5799,75694.9333,48108464.4267,32128.64
2022,1,26,20,15,4,447486529.989,57039071.5103,269190.5067,45681724.9067,44283.7333
2022,1,26,20,20,4,441874503.159,58077926.584,660830.8,45272174.6667,14314.1333
2022,1,26,20,25,4,592737275.38,58529443.354,462418.3467,44679901.76,15174.2933
2022,1,26,20,30,4,506977305.556,55279906.0531,751029.3333,62700189.2,96743.3333
2022,1,26,20,35,4,535114789.971,54003012.0449,96277.2,55867743.2,275803.1467
2022,1,26,20,40,4,543103604.706,56337362.2241,885424.7467,51548161.8133,101564.96
2022,1,26,20,45,4,572761543.442,55246430.7851,1159639.6,46999077.4667,94148.6667
2022,1,26,20,50,4,561508189.891,53949992.6876,1112829.0667,50265891.7333,210570
2022,1,26,20,55,4,539457536.5,53988253.6088,1109055.2533,50594311.5733,235765.0133
2022,1,26,21,0,4,552026912.335,53285376.0255,684074.4,63767594.2667,76604
2022,1,26,21,5,4,596283557.938,51466153.3689,29847.5733,59626426.1333,79713.84
2022,1,26,21,10,4,542725529.992,58261306.395,119975.8933,65264098.24,49203.3333
2022,1,26,21,15,4,508661600.723,50259183.5918,237707.0933,69085061.6533,221625.0133
2022,1,26,21,20,4,519292720.576,49740005.8318,239280,69135656,233480
2022,1,26,21,25,4,549034214.906,46355268.17,1404643.84,123963799.147,2666622.4
2022,1,26,21,30,4,585213118.962,44704670.021,732630.08,81061659.0933,6393129.92
2022,1,26,21,35,4,585896303.404,49176206.6379,1978447.04,81221431.04,4629364.8
2022,1,26,21,40,4,578359743.891,50088995.3874,1953881.1733,92518876.6933,6236027.92
2022,1,26,21,45,4,598171876.389,50051786.0312,1012995.0933,68737021.6533,6389918.4533
2022,1,26,21,50,4,611531599.606,52703552.2783,847627.4667,70451326,4017841.04
2022,1,26,21,55,4,617298668.36,56412132.7657,462781.6533,89746852.3733,2016581.44
2022,1,26,22,0,4,647060024.178,59782375.0844,633613.6533,85378769.4933,1835001.2533
2022,1,26,22,5,4,624504436.901,53492587.4396,1062563.52,105235445.333,3505010.0533
2022,1,26,22,10,4,620365055.976,52273115.6075,1286507.6267,103551316.053,2102670.7467
2022,1,26,22,15,4,583999342.453,50941687.9857,141150.8,109829793.733,2267714.4
2022,1,26,22,20,4,542555425.636,43655936.2125,202934.9333,105297407.333,3950451.9467
2022,1,26,22,25,4,559134170.675,41248884.757,113595.36,96505964.48,4131823.36
2022,1,26,22,30,4,535366996.057,42796849.4989,218090.88,90717199.68,2210907.84
2022,1,26,22,35,4,534097964.859,43223131.6234,95470.6667,92107754.1333,1395005.7067
2022,1,26,22,40,4,502581430.808,47105619.8969,153791.4667,94723981.44,228165.3867
2022,1,26,22,45,4,506014760.354,55043803.1349,118014.5067,83773113.92,81698
2022,1,26,22,50,4,474525312.425,54801730.666,52107.9467,96825537.7067,44974.4
2022,1,26,22,55,4,458233557.242,60469129.2728,113724.6667,90274726.2667,15582.96
2022,1,26,23,0,4,444608299.412,52525238.61,202999.8933,81992840.1067,14631.68
2022,1,26,23,5,4,424703585.593,51007353.978,198496.5333,64195404.6667,24753.3333
2022,1,26,23,10,4,404907176.976,62888641.9374,189109.5467,79219449.28,23524.9067
2022,1,26,23,15,4,405570252.912,62064603.8271,444815.8667,72040845.0667,29639.2
2022,1,26,23,20,4,414463697.494,56690944.6805,859439.5733,69118724.48,41278.1333
2022,1,26,23,25,4,344439064.395,55116280.1769,1630218.9867,71733490.56,18598
2022,1,26,23,30,4,329713118.601,56820406.2422,1412442.4,69216594.8,5094.08
2022,1,26,23,35,4,306951755.482,51190338.1156,1373150.72,51510581.76,22386.6667
2022,1,26,23,55,4,287355937.303,43654778.1194,1394523.7333,54463114.24,25989.0667
2022,1,27,0,0,5,287421977.06,41432836.8916,1644703.4667,42638195.0933,24261.3333
2022,1,27,0,5,5,319356900.229,43662053.6192,1440148.3733,67075386.6667,24024
2022,1,27,0,10,5,291852139.053,36393925.9654,1535291.2,54140096,15603.2
2022,1,27,0,15,5,275009063.991,41308747.1118,1372312.8533,39086428.6933,20111.6
2022,1,27,0,20,5,314341164.004,41370366.8772,1209135.04,48401074.4533,37234.6667
2022,1,27,0,25,5,282852212.4,41563026.2455,1434865.92,50204015.28,19492.16
2022,1,27,0,30,5,257867395.409,38541940.694,1194763.7333,42175458.56,16323.76
2022,1,27,0,35,5,243116166.576,36378200.8458,1400969.4667,33838934.2667,16200
2022,1,27,0,40,5,249777492,33070905.9031,1427608,35821413.2267,48265.52
2022,1,27,0,45,5,257503722.826,41025578.1052,1410207.36,28105930.7733,56209.4667
2022,1,27,0,50,5,245962511.111,33433458.4736,1478821.5467,26115783.68,15164.48
2022,1,27,0,55,5,223224273.216,36254205.3518,1417797.2267,26143820.8,3501.9733
2022,1,27,1,0,5,197347737.83,38719353.446,1439395.7333,28835085.6,13795.0933
2022,1,27,1,5,5,204444154.877,35855624.3407,1425678.5067,23871831.2533,14720
2022,1,27,1,10,5,191643785.673,24942448.9764,1599357.0667,19703856.4,284835.4133
2022,1,27,1,15,5,191929260.011,29407639.4651,1347256.24,10410490.4,28646
2022,1,27,1,20,5,199574619.526,32318511.8247,1428750.8,14646590,91777.2267
2022,1,27,1,25,5,196147915.706,34040371.7991,1510648.7467,12196792.32,26486.72
2022,1,27,1,30,5,196402054.419,28899383.8844,1440830.2933,18027155.9467,26702.4
2022,1,27,1,35,5,205641929.033,30181514.2741,1439872,18106400,27176
2022,1,27,1,40,5,193768603.948,32165618.7371,2883807.36,34449136.2133,34521.28
2022,1,27,1,45,5,208962206.724,32134320.9212,478022.2933,19455899.7333,16517.12
2022,1,27,1,50,5,193348394.242,34406036.6521,30642.7733,22968553.3867,12843.04
2022,1,27,1,55,5,191093453.178,32191651.621,602.24,22037919.1467,24392.1867
2022,1,27,2,0,5,182502724.584,37801540.9632,23549.44,26412110.1867,15445.5467
2022,1,27,2,5,5,183109313.888,36261181.8411,21724.9067,21427978.3467,3162.24
2022,1,27,2,10,5,174854991.732,33018279.0788,15239.2533,32263224.7467,21359.1733
2022,1,27,2,15,5,159685570.554,40484216.2388,438.8267,24622397.5467,22952
2022,1,27,2,20,5,143724373.201,38872413.106,381.6,34896833.2,12250.56
2022,1,27,2,25,5,116497403.502,40789742.081,234.0267,25292501.6533,11320
2022,1,27,2,30,5,121608358.427,35745733.0798,247.7867,21493274.88,15116.7467
2022,1,27,2,35,5,118520936.449,44666924.5339,319.04,17498339.9467,97202.4
2022,1,27,2,40,5,112998961.934,34879241.771,296.24,26161752.24,137313.2533
2022,1,27,2,45,5,104984094.136,31840407.6323,34335.0667,19390814,140080
2022,1,27,2,50,5,93035209.1276,35220120.0852,849.3333,23313086.4,30835.52
2022,1,27,2,55,5,84807875.2445,32103124.0344,224.48,15024177.76,14658.4533
2022,1,27,3,0,5,100423004.11,35244357.8455,294.8,13389971.6,10254.72
2022,1,27,3,5,5,105518873.057,42639331.1754,182126.8267,12944252.2667,9920
2022,1,27,3,10,5,117866654.554,42554228.5578,3398.9333,14514466.1333,933.12
2022,1,27,3,15,5,123008063.072,36528387.5101,209.6,9152839.36,12905.52
2022,1,27,3,20,5,129639361.041,31388132.7172,326.4,8227670.2933,11333.1733
2022,1,27,3,25,5,145277436.523,32954843.4219,328,15224634.7733,10672
2022,1,27,3,30,5,156406667.232,35538016.1824,343.7867,13644860.16,23423.36
2022,1,27,3,35,5,150497762.852,42912653.4969,217.7067,11880717.9733,11642.32
2022,1,27,3,40,5,130813737.819,31134104.217,12482.24,13551377.4933,10024
2022,1,27,3,45,5,98119875.972,37337977.9195,478.2667,20036148.6667,11377.6
2022,1,27,3,50,5,89727233.8542,46494496.8921,279.8933,12583361.3867,1070.6667
2022,1,27,3,55,5,85393877.4212,50839184.6361,280,18447099.3067,15639.36
2022,1,27,4,0,5,95462210.841,30350266.5265,335.2533,17351447.5733,4745.0667
2022,1,27,4,5,5,91654439.3867,27418879.5966,288.8,13519203.8667,943.8933
2022,1,27,4,10,5,87629929.441,60613859.5309,288,14052440,681.92
2022,1,27,4,15,5,101988308.379,68834831.7639,240.64,12696457.28,680
2022,1,27,4,20,5,86714914.6091,59554125.7376,429.44,14885947.2,13572
2022,1,27,4,25,5,86017194.7829,59365653.0592,274.1333,24875039.4667,34063.1467
2022,1,27,4,30,5,98850494.4032,59646269.7465,208.8533,18028862.6133,35592
2022,1,27,4,35,5,95767403.2106,65819537.7205,484.2667,18697150.2933,12261.8133
2022,1,27,4,40,5,75808682.57,71943356.8632,21901.0667,11616836,10639.84
2022,1,27,4,45,5,91910167.9488,58922121.9933,723.0933,16495709.2267,14618.32
2022,1,27,4,50,5,110161585.265,64326309.7593,226.7733,14925910.4,1095.8933
2022,1,27,4,55,5,109873957.201,65695647.3237,421.3333,18422726.72,0
2022,1,27,5,0,5,119733253.886,62752647.9409,258.24,20013971.3067,9874.56
2022,1,27,5,5,5,123033536.409,66198414.4897,256,23107894.96,781.44
2022,1,27,5,10,5,158679439.667,53964243.5363,224.4267,15877637.6533,0
2022,1,27,5,15,5,147119605.243,45066717.6711,413.44,20910147.0933,12983.04
2022,1,27,5,20,5,156606119.595,49182031.957,337.3333,20673655.4667,14112
2022,1,27,5,25,5,157692748.918,45085513.8282,336,27374292.8,1709.7867
2022,1,27,5,30,5,165957757.419,55618465.7437,328.1067,25478807.2533,13112.24
2022,1,27,5,35,5,145985175.42,58343571.7506,328,25451968,10941.8667
2022,1,27,5,40,5,119720081.325,48858092.4826,15203.8667,48051674.1333,10720
2022,1,27,5,45,5,139297255.933,44289197.4062,16497.92,25606347.52,23622.08
2022,1,27,5,50,5,117735934.633,51836643.3804,25439.36,23398664.7467,2532.2933
2022,1,27,5,55,5,139347437.371,59863356.8559,786.24,26610553.44,50.4533
2022,1,27,6,0,5,141822565.947,50334725.9383,346.56,26232889.4933,31680
2022,1,27,6,5,5,121890866.503,39774110.3602,18001.3867,21200387.84,24772.6667
2022,1,27,6,10,5,100756340.683,52866733.3668,558.9333,19347441.8133,32924.48
2022,1,27,6,15,5,108239905.906,46692034.5796,327.8933,16068519.7867,16197.6
2022,1,27,6,20,5,109924099.158,50684226.0206,312.2133,20917439.68,14744
2022,1,27,6,25,5,109691408.87,53847291.5431,453.6,13931290,11016.64
2022,1,27,6,30,5,115672211.966,40944169.6203,290.24,13598750.5067,15124.32
2022,1,27,6,35,5,170469549.371,52628176.9913,551313.7067,9503707.52,15496
2022,1,27,6,40,5,177902030.422,34356860.9767,977753.92,8134467.9467,21472.32
2022,1,27,6,45,5,162114850.445,34818661.7003,13491.0933,10328487.1467,21992
2022,1,27,6,50,5,137482422.05,53675017.7397,273.4933,12885687.1467,21383.3333
2022,1,27,6,55,5,129226649.431,55773610.3992,295.76,15193790.8,21328
2022,1,27,7,0,5,123674825.337,54217228.6789,272.32,7488405.2267,11588.2133
2022,1,27,7,5,5,90143310.341,40731236.0043,256.2133,6472256.4267,10664
2022,1,27,7,10,5,146982956.675,28742736.5422,311.2533,5402071.4667,23743.52
2022,1,27,7,15,5,135846708.349,25319311.6548,343.4667,7075309.7333,24728
2022,1,27,7,20,5,130359621.448,44600125.4272,15980.6933,8812518.72,33751.36
2022,1,27,7,25,5,147724097.577,55540869.4095,718.2667,7356517.3333,5743.2
2022,1,27,7,30,5,142281357.002,43094675.7019,274.4533,3057484.2667,19261.8667
2022,1,27,7,35,5,146924932.333,30963047.1099,97110.6667,8527209.8667,20456
2022,1,27,7,40,5,181831815.859,35578718.7666,18866,6139765.0667,47149.7333
2022,1,27,7,45,5,193974568.56,36212215.0183,541.3333,8480930.3467,25227.0933
2022,1,27,7,50,5,195372441.776,34921845.8323,374.9333,5536153.3333,3407.2
2022,1,27,7,55,5,208990623.675,29309460.7083,20432.96,5968325.9733,107036.6933
2022,1,27,8,0,5,196019377.406,37889922.1009,48929.6,5400880.2667,120108.5867
2022,1,27,8,5,5,183806962.777,51977780.4239,19129.1733,4714574.9333,34929.2
2022,1,27,8,10,5,174851972.526,36444911.058,541.6533,4503638.9333,11745.84
2022,1,27,8,15,5,184204840.87,43808906.6366,280.2667,11672212.5333,18857.0667
2022,1,27,8,20,5,231042288.901,60858407.9357,413.7333,9580119.3333,19936
2022,1,27,8,25,5,247916119.316,59846678.172,37333.12,9923066.56,3832
2022,1,27,8,30,5,257548898.38,57817145.4937,54776.8,6952649.2,2368
2022,1,27,8,35,5,296415792.745,55802753.5929,34546.1867,11705462.6667,12716.56
2022,1,27,8,40,5,268829811.736,58243331.0705,42575.6,9191561.4667,7122.88
2022,1,27,8,45,5,277271373.712,59447093.7011,85286.5333,11641897.7333,22354
2022,1,27,8,50,5,316443835.064,58864607.4179,18070.08,10223112.2133,103631.1467
2022,1,27,8,55,5,283425373.838,61505658.5774,726.4,7338658.4,111840
2022,1,27,9,0,5,269684140.322,62740858.3071,353.6,5699928.1333,52759.4667
2022,1,27,9,5,5,259816410.778,54552847.4586,375.6,7213521.0667,125024.1067
2022,1,27,9,10,5,285058504.381,61397410.2836,312.8533,5898152.1067,133168
2022,1,27,9,15,5,309246481.469,60223563.4542,430.4,1526227.0933,27028.96
2022,1,27,9,20,5,394081558.067,60300821.2827,45479.2533,2408877.2267,20224.96
2022,1,27,9,25,5,333519256.635,63787946.9069,1208.6667,13552917.6,16102.8267
2022,1,27,9,30,5,312106711.312,63367794.648,76610.7733,15307266.1333,27571.7333
2022,1,27,9,35,5,320268259.909,59521237.888,77640,15328424,28416
2022,1,27,9,40,5,342841883.264,60271351.8812,388613.6533,26681744.7467,202391.68
2022,1,27,9,45,5,287867915.224,64769567.7311,85749.5467,12286641.7067,157555.04
2022,1,27,9,50,5,281175571.584,64896152.6209,92038.56,9687642.64,122782.72
2022,1,27,9,55,5,268784114.17,62691105.1099,2007.7333,7764362.6667,120192
2022,1,27,10,0,5,340800753.073,73553979.3111,16394.2667,15861251.0667,45745.6
2022,1,27,10,5,5,329003356.054,65367800.3156,686.8,11913455.0667,4610.56
2022,1,27,10,10,5,308611141.258,71944541.7365,305.4933,9752877.2267,2720
2022,1,27,10,15,5,296075725.713,65227533.3318,485.5467,7535676.2667,113020.6133
2022,1,27,10,20,5,318165794.716,70103249.9637,346.4,10971787.4667,124824
2022,1,27,10,25,5,329320472.951,61205696.2661,477.28,6467122.72,34490.8
2022,1,27,10,30,5,333078510.064,60572124.8431,291.84,10460544.96,32832.2133
2022,1,27,10,35,5,340106034.21,60371918.1449,398.1333,4017836,6583.2
2022,1,27,10,40,5,245389784.019,61558460.5387,502.2667,3858191.0667,21042.56
2022,1,27,10,45,5,328654376.099,63158708.9715,30009.28,3714419.6267,47786
2022,1,27,10,50,5,306564366.327,56833661.9684,37898.7733,5432161.1733,52086.72
2022,1,27,10,55,5,292918404.069,60782241.338,838.1867,5593241.28,9737.3333
2022,1,27,11,0,5,350470290.349,58704217.2346,38074.0267,2504824.5333,49190
2022,1,27,11,5,5,337732462.774,64951334.2707,119429.7333,5195652.9333,36481.6
2022,1,27,11,10,5,344530511.735,65317019.5713,284489.6,4733458.8,5687.4667
2022,1,27,11,15,5,337737087.827,69262070.5343,89646.5067,5180340.5867,40194.8267
2022,1,27,11,20,5,301409387.392,67933005.4027,1514.88,5065183.36,9199.68
2022,1,27,11,25,5,285020394.958,68012137.0219,41578.9867,3199612.2667,6248
2022,1,27,11,30,5,267585801.56,64651553.4655,10752.1067,8419828.16,17792.64
2022,1,27,11,35,5,238650872.237,60845039.9061,463.2,5946742.1333,19672
2022,1,27,11,40,5,274213362.923,60370634.1289,484.8,6100471.6,28472
2022,1,27,11,45,5,309064109.109,64222941.7493,48325.2,2118114.1333,6772.2133
2022,1,27,11,50,5,305398251.453,64798355.2228,8114.3467,7252242.9867,18468.48
2022,1,27,11,55,5,366894965.727,57955381.45,35525.52,5981402.8,153569.3333
2022,1,27,12,0,5,357359778.424,51419369.3841,903.6,15657772.1333,165744
2022,1,27,12,5,5,305678204.244,48205061.1954,14157.3333,13366380.8,51178.64
2022,1,27,12,10,5,347074493.668,49156827.477,9000.8533,9370089.4933,18463.6
2022,1,27,12,15,5,310562797.545,52390253.2347,29617.3333,16377815.2,53874.24
2022,1,27,12,20,5,269307304.617,45970405.9963,798.4,16505197.4667,22316.5867
2022,1,27,12,25,5,275079004.982,49056126.3448,406.6133,15275349.3333,18930.6133
2022,1,27,12,30,5,288923185.449,47513135.5756,329.0667,16219638.72,34066.0533
2022,1,27,12,35,5,290862200.463,47216313.1606,398.8,14670304,29219.3333
2022,1,27,12,40,5,285813028.205,46691337.4441,313.4667,8257113.3333,6516.5867
2022,1,27,12,45,5,303532316.609,46682505.4584,469.8667,12146387.4133,51740.88
2022,1,27,12,50,5,297166180.344,47336498.6517,314.1333,12798185.92,8270
2022,1,27,12,55,5,288073996.247,45857878.6997,367.2533,15510527.8933,6902.4
2022,1,27,13,0,5,300258312.768,46276255.0599,431.1467,13294133.12,48841.8667
2022,1,27,13,5,5,283190628.624,43033990.6169,313.6,18468851.9467,28008.8533
2022,1,27,13,10,5,285411385.679,43271966.3303,44996.16,15826182.2933,105264.5067
2022,1,27,13,15,5,324165404.74,42958153.5733,876.3733,17416004.48,161144
2022,1,27,13,20,5,272598412.998,40160789.6263,406.1867,21439414.6133,117728.32
2022,1,27,13,25,5,274954462.366,41576372.7349,305.3867,19648452.9067,302515.52
2022,1,27,13,30,5,290556302.059,46679899.962,398.72,15140872.32,183088.16
2022,1,27,13,35,5,319968871.071,42768029.877,400,15080296,174416
2022,1,27,13,40,5,329289483.381,40068340.3881,27418.88,26550698.56,133287.04
2022,1,27,13,45,5,335928330.217,38723190.6448,76557.3333,12503397.0667,85194
2022,1,27,13,50,5,295462017.75,39630203.0744,461230.1333,16934850.6667,48577.4667
2022,1,27,13,55,5,305759717.359,38343349.1115,298408.2133,19894617.28,58913.76
2022,1,27,14,0,5,303455670.076,40935376.1074,219805.4667,21580438.5333,33952.2933
2022,1,27,14,5,5,332713019.369,41186368.1378,261920.2667,24654616.4,128602
2022,1,27,14,10,5,341800559.438,42393206.3854,175466.24,31869116.48,91324.3733
2022,1,27,14,15,5,356198155.106,44400119.2231,247561.8133,48095315.0933,111824.96
2022,1,27,14,20,5,338486690.787,46419985.1668,222598.72,38918508.3733,32184.64
2022,1,27,14,25,5,353557136.08,46449806.337,124772.1333,37226368.5333,38541.3867
2022,1,27,14,30,5,387469290.34,42016348.6489,103862.4,29433756.5333,30361.44
2022,1,27,14,35,5,400455546.943,44648222.4887,110947.84,31314201.8133,76141.76
2022,1,27,14,40,5,396216319.016,46954525.446,476367.2533,36870640.4267,128321.6
2022,1,27,14,45,5,358962770.342,44179124.3819,189976.8533,38290234.0267,81714.88
2022,1,27,14,50,5,335943084.591,43632782.1465,850942.56,40203916.16,24694.6667
2022,1,27,14,55,5,398607800.232,44185890.9422,304987.4667,43887045.7333,8498.9867
2022,1,27,15,0,5,411329914.212,46356963.3935,171890.6667,51202267.3067,118505.2
2022,1,27,15,5,5,459056260.469,45938427.0289,419890.1867,73146194.0533,60467.52
2022,1,27,15,10,5,413344889.071,43282904.5777,310954.88,47681367.28,53016
2022,1,27,15,15,5,420905170.752,42617905.6973,249541.44,52095497.68,62614.6667
2022,1,27,15,20,5,428970556.347,42537867.7696,121217.44,62822414.64,23051.52
2022,1,27,15,25,5,377433463.046,40911248.1968,228062.48,62016612,17645.9733
2022,1,27,15,30,5,416154082.445,43876607.1755,73478.88,73666149.68,60353.0667
2022,1,27,15,35,5,424499175.176,44701409.4249,200263.68,57696476.08,28717.2
2022,1,27,15,40,5,413088257.335,45125408.0825,204336,57191392,20976
2022,1,27,15,45,5,432772768.971,47322431.5041,330839.8667,94246216.1333,40340.16
2022,1,27,15,50,5,432461342.452,50908706.777,66797.12,69659760.5333,32234
2022,1,27,15,55,5,395149960.141,45776004.3795,170800.2667,68303586.8,9666.6667
2022,1,27,16,0,5,410211073.654,44344925.2478,171147.9467,71573152.1067,32697.92
2022,1,27,16,5,5,395939735.077,48763409.8471,65412.5867,59057261.8667,50173.44
2022,1,27,16,10,5,378542508.633,49832439.2139,89818.88,50311184.5333,30697.28
2022,1,27,16,15,5,370878572.717,50093055.3364,48104.4267,40881667.7333,31478.72
2022,1,27,16,20,5,400124078.045,50529831.4041,48755.3333,41857424.5333,32860.48
2022,1,27,16,25,5,410060004.564,51549182.0011,134687.04,41910439.8933,10805.76
2022,1,27,16,30,5,407082242.032,51502575.2396,370264.2133,45078396.0533,39195.84
2022,1,27,16,35,5,449319809.313,49040172.8499,324037.2,53617144.9333,9970.56
2022,1,27,16,40,5,401065979.689,48512222.1389,213387.9467,53047784,40343.9733
2022,1,27,16,45,5,333552916.621,48297680.4244,103605.92,46400138.56,39915.68
2022,1,27,16,50,5,348809642.408,48318157.0096,38114.48,41338355.84,21919.04
2022,1,27,16,55,5,368717559.927,48689465.664,19285.6533,46084643.2,20706
2022,1,27,17,0,5,303464967.796,51587211.8368,26925.44,47205031.5733,55556.16
2022,1,27,17,5,5,308780294.015,51352007.9908,86102.8,50231411.2,11119.36
2022,1,27,17,10,5,300484606.996,50041397.1675,96623.84,52991460.4,43932.72
2022,1,27,17,15,5,337258081.884,49755110.0162,1652.6933,60721462.2933,133921.3333
2022,1,27,17,20,5,350255375.057,54222864.6475,29923.0667,61954332.1333,34166.5067
2022,1,27,17,25,5,331605421.622,52615667.8011,128198.72,53215984.32,9422.4
2022,1,27,17,30,5,334051778.414,48097776.4714,24578.1333,48595432.64,28845.8667
2022,1,27,17,35,5,370533191.775,48600111.8386,23160,48534592,30320
2022,1,27,17,40,5,382349900.564,42198052.0983,987.6267,106502403.2,55411.0933
2022,1,27,17,45,5,391126531.811,42527018.9314,34561.8667,56977466.8,22062.4
2022,1,27,17,50,5,396907418.471,52031763.674,14084.48,64796328.96,20916.8
2022,1,27,17,55,5,427048641.374,44502317.0641,80824,63837312.6667,16121.92
2022,1,27,18,0,5,412994540.575,54295455.5744,1798.6667,66722092.2667,7102.6667
2022,1,27,18,5,5,376132256.166,52481731.2926,115864.2133,70038788.6933,17870.2667
2022,1,27,18,10,5,436302316.896,51520377.8171,86736.1333,72011480.9333,31338.4533
2022,1,27,18,15,5,471853138.582,53175106.709,222668.0533,72001054.6133,48498.88
2022,1,27,18,20,5,454552744.177,53814561.2221,536724.2667,81670886.6667,33297.92
2022,1,27,18,25,5,422501549.568,46169125.2104,219565.44,76365106.6667,8326.08
2022,1,27,18,30,5,461053490.967,48790215.6478,205650,69611188.4,63562.88
2022,1,27,18,35,5,435459676.085,59561112.0239,712366.2933,66105547.52,60507.2533
2022,1,27,18,40,5,447581741.148,66332612.2155,371412.0533,64640032.7467,26804.5867
2022,1,27,18,45,5,465257150.959,68425215.3707,96152.2133,60041222.8267,113539.4667
2022,1,27,18,50,5,453045815.927,68626705.824,360316.8,64565394.24,17558.24
2022,1,27,18,55,5,454921564.649,62277310.6097,178797.8667,57676995.9467,22821.36
2022,1,27,19,0,5,450316757.526,64928287.7962,675664.1333,54200452.5333,70693.76
2022,1,27,19,5,5,439453920.831,65735097.9599,896821.76,59039449.3867,14509.92
2022,1,27,19,10,5,435720214.034,67702787.223,425139.3333,63004713.6,50834
2022,1,27,19,15,5,441092191.432,58284050.4247,119122.6667,58969053.0133,14026.32
2022,1,27,19,20,5,449073784.398,52713152.2396,2001176.4267,64829622.08,26959.4667
2022,1,27,19,25,5,397604036.725,48153344.6186,2612807.1467,95518470.1867,33481.3333
2022,1,27,19,30,5,406824563.157,46284323.4511,3515702.9333,89117470.2667,11884.6667
2022,1,27,19,35,5,406458573.432,48752748.2564,1969910.08,81658026.4533,52101.0667
2022,1,27,19,40,5,412413849.341,48451784.3541,2042924.9333,80513555.7333,105122.24
2022,1,27,19,45,5,400590715.76,47512848.1764,3068995.7333,75778570.88,86744.64
2022,1,27,19,50,5,394929898.703,45339506.5551,2914044.9333,63771650.6667,27233.8667
2022,1,27,19,55,5,404689940.428,42791615.529,4168323.6267,65585386.56,17186.24
2022,1,27,20,0,5,389206613.001,52956926.0014,3281353.3333,59910533.7333,37318.1867
2022,1,27,20,5,5,386973624.498,48963932.42,2959798.4,59378798.4,53667.3333
2022,1,27,20,10,5,377940237.453,49223192.7738,2453540.6667,69651277.2,103840.56
2022,1,27,20,15,5,374598193.679,54435189.7833,2458271.8667,58526720.9333,25086.1333
2022,1,27,20,20,5,397020955.938,57222549.7283,2285892.48,36200683.3067,8298.6667
2022,1,27,20,25,5,389366027.08,57218157.8249,2709500.6667,52776291.7333,22832.7467
2022,1,27,20,30,5,467945765.916,58900082.9742,2549042,45680444.2667,113628.8
2022,1,27,20,35,5,491411794.734,59517766.952,3279428.4,56191958.1333,278096.64
2022,1,27,20,40,5,487830209.622,59322610.1671,1830481.0667,64971120.2667,369826.5867
2022,1,27,20,45,5,488504508.449,60890647.9029,2353137.6,63051887.6,121328.24
2022,1,27,20,50,5,549644548.065,61116405.5646,1906457.6,58878255.4667,157892.6667
2022,1,27,20,55,5,516834059.8,54378283.1641,2068139.84,84907166.1867,79505.84
2022,1,27,21,0,5,534757342.407,51181761.4784,474415.4667,86489871.5733,203827.6267
2022,1,27,21,5,5,480004588.881,52443184.2823,95714.1333,85810611.84,85552.96
2022,1,27,21,10,5,508330405.964,52641476.2197,165110,77102570.5333,75761.1733
2022,1,27,21,15,5,484562265.306,59445924.1482,104926.2933,79435639.68,76296
2022,1,27,21,20,5,522309492.92,60440009.6626,154631.4667,91827260.6667,189112.4
2022,1,27,21,25,5,512516739.819,59832552.0268,1242376.32,78827424,203056
2022,1,27,21,30,5,508874818.29,59635267.1368,199306.88,89075116.48,258432.5333
2022,1,27,21,35,5,533386952.214,59867031.1412,177720,89287896,270864
2022,1,27,21,40,5,511922979.789,56041163.4403,498522.6667,168742661.067,190972.9067
2022,1,27,21,45,5,469693253.445,55371027.3283,145760.5333,84277894.2933,63887.68
2022,1,27,21,50,5,448017617.894,54232408.6905,126396.2667,86278020.8,34046.9067
2022,1,27,21,55,5,484809847.753,58289652.5319,567847.7867,80209788.16,32432
2022,1,27,22,0,5,487541433.087,50470723.7038,300185.7067,118075110.507,44348.7733
2022,1,27,22,5,5,485162849.829,58637963.2432,167368.8533,92985443.4133,9074.24
2022,1,27,22,10,5,491163271.779,58765468.3666,484522.9333,119850240.4,15635.4133
2022,1,27,22,15,5,489741059.202,56117360.681,94203.2,120577120.933,7977.12
2022,1,27,22,20,5,480775968.414,55729347.8923,264764.48,98316859.2,25348.8
2022,1,27,22,25,5,463857708.295,52491005.7867,190389.44,96034299.52,8473.68
2022,1,27,22,30,5,466710414.736,54341182.6351,677752,98498561.28,7016
2022,1,27,22,35,5,450165746.868,58489636.3369,402300.5333,117938834.4,5454.2933
2022,1,27,22,40,5,446742356.974,56280510.9653,365738.6667,99647776.9333,9102.88
2022,1,27,22,45,5,417613067.454,57983384.2169,517825.4933,87100429.9733,14876.8
2022,1,27,22,50,5,409556975.992,57353749.1338,339119.8667,81391204.9333,8388.8
2022,1,27,22,55,5,404401376.195,64041175.5822,162607.8933,81796003.9467,181993.3333
2022,1,27,23,0,5,379767897.582,60805576.0971,109801.92,61701344.5333,39235.3333
2022,1,27,23,5,5,388094851.108,58427659.6038,264066.1333,54729487.4667,24816
2022,1,27,23,10,5,382442527.931,54268277.0251,1273785.6,58391926.1333,27283.1467
2022,1,27,23,15,5,391951625.208,51034645.0216,1543284.9067,61880113.92,25288
2022,1,27,23,20,5,396247468.821,52741337.9947,1037118.1867,67174258.88,7128.6667
2022,1,27,23,25,5,356217920.619,54214523.2462,1447299.9467,63034619.4133,4816.6933
2022,1,27,23,30,5,329315760.216,52008536.4082,139011.7333,56954546.24,19726.24
2022,1,27,23,35,5,282761806.414,53273970.4761,994653.3333,57937268.0533,11075.0933
2022,1,27,23,40,5,302369890.424,54789242.6222,1084363.2,43067236.6933,16162.88
2022,1,27,23,45,5,318232279.119,46462459.8987,255179.4133,42508038.6133,26300.8
2022,1,27,23,55,5,302083530.664,45808172.6799,1061642.9867,50056055.2533,5391.52
2022,1,28,0,0,6,280180491.505,49880156.324,471793.6533,34519024.0533,21479.68
2022,1,28,0,5,6,256140998.627,47388349.6307,119851.2,36267384.8,24998.6133
2022,1,28,0,10,6,243143155.374,41356602.5484,125802.1333,38200784.1333,6467.44
2022,1,28,0,15,6,246758614.791,43219961.2053,143668.5333,36354092.9333,2248.2667
2022,1,28,0,20,6,271966941.488,45135734.8014,20011.0933,49678652.0533,3283.0933
2022,1,28,0,25,6,238741715.514,46661157.4037,544.4267,44356575.04,3384
2022,1,28,0,30,6,224828118.162,49876958.3789,28270,45262914,15439.92
2022,1,28,0,35,6,203162490.884,53755587.3739,715.0667,41391436,16020.8
2022,1,28,0,40,6,189426103.679,51857547.2958,311.04,52250264.5333,3330.1333
2022,1,28,0,45,6,172131087.302,48897877.6992,17217.4667,50635235.6,11279.2
2022,1,28,0,50,6,148390579.172,47031036.4341,590.6667,44520933.8667,2835.04
2022,1,28,0,55,6,172979886.067,51645894.77,461.8667,38936195.84,2080
2022,1,28,1,0,6,167385994.385,48048560.512,306.1333,44889619.3067,12392.4533
2022,1,28,1,5,6,164403699.426,46066206.7328,852728.7467,31278261.9733,2389.8667
2022,1,28,1,10,6,148164081.39,42806070.7036,1033481.0667,34787911.7867,11222.2667
2022,1,28,1,15,6,135856519.329,43443366.0935,1080515.3067,25895032.7467,12528
2022,1,28,1,20,6,145944215.703,41298088.3,1113593.1733,16431745.1733,12557.12
2022,1,28,1,25,6,161175022.768,41782985.3189,983938.08,22019601.76,42353.28
2022,1,28,1,30,6,153928490.056,39686879.964,1034546.3467,19643821.12,23485.7333
2022,1,28,1,35,6,142281915.988,41436354.3115,1035248,19610936,14704.64
2022,1,28,1,40,6,168766940.857,42995829.9617,2082121.52,38138390,14096
2022,1,28,1,45,6,157984077.991,42125422.7554,1355379.7333,12883917.6533,15886.88
2022,1,28,1,50,6,136849261.012,41769031.3617,1013580.2667,23949806.9333,2381.76
2022,1,28,1,55,6,140043282.466,40606479.5371,798685.36,21403557.12,6153.52
2022,1,28,2,0,6,130566724.675,41748589.4667,1065419.0667,26828013.7333,1207.3333
2022,1,28,2,5,6,136496880.72,39917538.6721,1032711.5733,21015263.36,10361.3333
2022,1,28,2,10,6,138256688.126,40858689.2541,1052472.5333,22433096.4,11240
2022,1,28,2,15,6,139108321.785,40168112.9114,1121617.8667,34430555.4667,11696.32
2022,1,28,2,20,6,122940474.07,44753666.1818,318958.5067,31300811.9467,11494
2022,1,28,2,25,6,110979918.226,40270622.9248,51736.32,24721856.2133,4329.6
2022,1,28,2,30,6,109638133.916,48795074.6235,4464,20703421.9733,3536
2022,1,28,2,35,6,112766036.081,49365614.8326,686,27498835.3333,33740
2022,1,28,2,40,6,114239151.695,46321215.6101,221.5467,21268443.0933,37096
2022,1,28,2,45,6,109336858.923,41950331.3348,389.0667,23911996.4,13567.04
2022,1,28,2,50,6,103722541.762,39502510.9552,249.92,21895538.56,2246.08
2022,1,28,2,55,6,107607840.629,39174895.0738,350.6133,24654042.24,1413.2267
2022,1,28,3,0,6,105153139.852,40741801.0582,273.0667,22705772.8,803.76
2022,1,28,3,5,6,93725917.9987,37973989.1342,406.64,22356259.36,1332.8
2022,1,28,3,10,6,85413169.8044,39017718.0771,242.24,21159535.8933,733.9733
2022,1,28,3,15,6,71137224.128,47372488.6404,318.9333,17831538.9867,694.6667
2022,1,28,3,20,6,68661761.6359,43873775.2513,304.2133,12038606.08,681.28
2022,1,28,3,25,6,82220960.7919,44074118.165,343.3333,16297994.4,694.4533
2022,1,28,3,30,6,105134577.304,41849210.9797,280.8533,11308151.68,3749.8667
2022,1,28,3,35,6,76271001.864,42398518.561,240.6667,21877388.6667,3968
2022,1,28,3,40,6,84753510.5999,41199755.1532,318.9333,16298964.5867,10716.56
2022,1,28,3,45,6,62608435.4656,38471559.9701,20676.9067,14431228.0533,11083.3333
2022,1,28,3,50,6,73268169.424,49801897.9317,539.84,9174991.36,12670.48
2022,1,28,3,55,6,64780883.633,42283008.3306,374.1333,11234896,20910.08
2022,1,28,4,0,6,67544213.6796,43149599.4804,210.8,15504730,6005.44
2022,1,28,4,5,6,85030596.1006,47970354.2772,71338.4,19970579.8667,1092.48
2022,1,28,4,10,6,68109027.1746,45623236.155,1219.84,14350923.7333,697.28
2022,1,28,4,15,6,65328189.0751,41443535.9834,342.8267,20057342.4,696
2022,1,28,4,20,6,63899645.3661,47895632.4989,218.1333,15176931.4667,10522.6667
2022,1,28,4,25,6,76802316.626,48388018.3849,287.04,17054610.24,11416
2022,1,28,4,30,6,72552169.2574,45322436.3816,256.5333,11041998,22998.2933
2022,1,28,4,35,6,68368514.782,42682524.4519,21742.96,13774017.92,389378.4
2022,1,28,4,40,6,54714703.6526,47489902.8744,602,9921478.5333,57122.24
2022,1,28,4,45,6,60929460.1482,42147639.1306,382.08,8846706.9867,48765.3333
2022,1,28,4,50,6,57361955.8407,49461964.0282,281.7333,16191567.7333,27123.8667
2022,1,28,4,55,6,81238051.7944,50104653.646,327.36,12630053.9733,38663.04
2022,1,28,5,0,6,68961853.195,49943967.6117,288.5333,17200863.1467,35683.3333
2022,1,28,5,5,6,71875368.2428,44880591.014,240.64,17289651.9467,36487.0933
2022,1,28,5,10,6,76659697.1186,43357586.7438,374.1867,18282034.24,83496.72
2022,1,28,5,15,6,72251072.0416,40234970.2859,265.4933,14561853.8667,51052.8
2022,1,28,5,20,6,83702213.8684,45915818.9148,303.4667,14576188.48,128646.5867
2022,1,28,5,25,6,112197454.571,45486081.7206,319.7867,17963256.64,44906.9333
2022,1,28,5,30,6,132465389.969,39006805.9584,335.7333,16033640.9333,26538.6667
2022,1,28,5,35,6,93740734.0259,37302847.7877,336,16000160,79511.52
2022,1,28,5,40,6,101804595.487,43720634.0764,541.2267,29123450.24,83968
2022,1,28,5,45,6,90303832.3492,38655999.8023,45709.6533,9684153.7067,42225.9467
2022,1,28,5,50,6,94013204.8992,37284446.1778,700361.6,12889194.3467,41275.3333
2022,1,28,5,55,6,75349460.2425,38982327.4697,104591.6,5886476.9333,35978.7733
2022,1,28,6,0,6,87496966.3897,49808872.6771,31339.4133,5321500.16,35520
2022,1,28,6,5,6,77949604.7558,50617926.2479,948.6667,6610781.7333,52486.08
2022,1,28,6,10,6,88043106.2909,47097101.5071,250.6667,5558769.0667,25849.3867
2022,1,28,6,15,6,89843548.8327,42640191.8738,271.68,5365708.8,79506.24
2022,1,28,6,20,6,90145141.6429,42640314.5897,31237.5467,7219018.6667,7798.4267
2022,1,28,6,25,6,97965916.2363,41213509.1459,1072.16,5616982.4,16000
2022,1,28,6,30,6,105102572.261,37576496.6142,376.96,15719589.5467,24030.4533
2022,1,28,6,35,6,107897077.242,36971629.7293,225.52,17920591.2,24492.9067
2022,1,28,6,40,6,115444590.597,38701496.6835,279.2533,15889883.7333,23825.6
2022,1,28,6,45,6,130569526.707,42112008.6855,524.6933,11322293.5467,25429.0133
2022,1,28,6,50,6,124434262.275,42745111.1691,267.52,12661481.8133,14915.3333
2022,1,28,6,55,6,135805936.549,39431200.9228,248.2133,18150022.2933,1159.68
2022,1,28,7,0,6,152515243.661,37398107.2795,303.0667,21962349.0667,32608.2133
2022,1,28,7,5,6,164736650.889,31624730.528,414.5067,19556345.8133,3679.04
2022,1,28,7,10,6,111410345.89,34574966.5145,30134.4,17711976.96,51371.6267
2022,1,28,7,15,6,168824618.676,33233739.9516,11047.36,9958154.6667,15049.92
2022,1,28,7,20,6,186542505.43,37239436.6172,396.3733,13635889.3867,22077.3867
2022,1,28,7,25,6,232475925.366,39123804.3228,437.5467,13280548.5867,22952
2022,1,28,7,30,6,213622980.54,37470865.2768,258.4533,14824556.8,130290.24
2022,1,28,7,35,6,209323812.341,36565071.9495,303.36,14570223.8933,139624
2022,1,28,7,40,6,213667249.381,35078455.0265,351.36,15677916.9067,223012.08
2022,1,28,7,45,6,225059207.859,38224051.3621,273.0667,14378435.52,77586
2022,1,28,7,50,6,218400788.345,39458139.6569,477.2267,17135525.9733,51993.28
2022,1,28,7,55,6,243036673.855,36351643.2327,235.3067,11824154.0267,41260.48
2022,1,28,8,0,6,240951554.352,31365013.6238,389.8667,12948217.1733,225120
2022,1,28,8,5,6,261896970.257,33598718.4253,431.3333,20065002.5333,58405.04
2022,1,28,8,10,6,248369505.652,41756615.851,368.8533,14417448.64,40087.76
2022,1,28,8,15,6,230409857.691,39391495.6296,86452.9333,17556380.6667,14476.8
2022,1,28,8,20,6,279551096.596,39460964.1798,1448.4267,12359445.6533,112757.84
2022,1,28,8,25,6,299357613.174,49949894.2617,311.5733,10210275.84,13122.1867
2022,1,28,8,30,6,217642296.415,49775430.631,134183.76,15323182.8,102291.36
2022,1,28,8,35,6,206014349.839,48366872.0823,2122.88,11219587.7333,111211.2
2022,1,28,8,40,6,272297745.12,45210490.7609,34837.5467,12006471.5733,13974.08
2022,1,28,8,45,6,277160873.105,44534816.4658,32880.7467,16651155.9467,161649.3333
2022,1,28,8,50,6,288079820.538,48381984.7666,793.1733,25771660.0533,21639.6
2022,1,28,8,55,6,248583855.836,45294422.3749,55179.2,19720403.84,68745.9733
2022,1,28,9,0,6,255909210.468,48320440.9933,28646.2667,18516912.1333,53230.5067
2022,1,28,9,5,6,273658058.412,48837667.805,35240.64,11139857.3867,137838.16
2022,1,28,9,10,6,276539503.566,51990809.5017,880,17684886,42412.1067
2022,1,28,9,15,6,290540964.916,50928775.7997,80154.16,13645764.32,44321.44
2022,1,28,9,20,6,285758343.489,49891643.4261,181113.92,11326223.12,97893.12
2022,1,28,9,25,6,292786826.07,47506213.2584,86508.16,9397150.16,34312.32
2022,1,28,9,30,6,303996191.758,49936224.7915,47980.8,4843796.2667,16510.1333
2022,1,28,9,35,6,329846254.209,53993036.717,56118.4,10766067.4133,7160.48
2022,1,28,9,40,6,302213104.074,56314834.2018,2032.48,6252229.76,20086.1867
2022,1,28,9,45,6,254136967.138,52187293.3952,67761.1733,8712190.72,49666.24
2022,1,28,9,50,6,273508240.809,59081315.3602,69608,8783552,57448
2022,1,28,9,55,6,293260983.611,57191066.6731,57049.7067,9688364.8,54456.4
2022,1,28,10,0,6,307018160.91,56448789.2484,64883.84,5647594.24,116871.04
2022,1,28,10,5,6,298715188.944,58790234.9448,72339.4667,8397676.1333,130629.44
2022,1,28,10,10,6,309818193.539,60653588.9334,21867.7333,11538629.12,64734.24
2022,1,28,10,15,6,264821547.033,60853768.6338,870.56,11835349.6,22536.6667
2022,1,28,10,20,6,313664907.664,66319765.8881,338,10761465.6,92924.6933
2022,1,28,10,25,6,305989896.019,62606099.8025,375.4667,10079701.8667,66567.36
2022,1,28,10,30,6,303794922.879,60392032.0324,297.3333,11577651.0667,63624
2022,1,28,10,35,6,287998705.997,61433867.6851,14204.2667,12775293.8667,41777.0667
2022,1,28,10,40,6,303210589.119,59630680.1527,524.0533,6666120.8533,16908.7467
2022,1,28,10,45,6,295476561.359,59303570.0314,35271.8933,11789020.3733,15016
2022,1,28,10,50,6,297350369.989,62101137.7125,100698.4,12819054.56,49169.2267
2022,1,28,10,55,6,301486550.954,63217597.2499,1936.4,10671986.9333,22295.3333
2022,1,28,11,0,6,323933350.834,61029404.2105,334.72,11643858.3467,46568
2022,1,28,11,5,6,339929042.025,63776347.2099,202263.2533,14664484.9067,44767.9467
2022,1,28,11,10,6,343641519.119,61265246.8058,3754.8,14457500.9333,29552.5333
2022,1,28,11,15,6,314656182.703,63691660.6684,273.2,23913324.6667,43067.8667
2022,1,28,11,20,6,331540772.292,59897836.0467,350.6667,22944923.2,30756.96
2022,1,28,11,25,6,359768003.053,63177803.2578,430.6667,26860022.1333,16184.0267
2022,1,28,11,30,6,334440005.348,60724622.2832,282.5333,21785978.9333,17334.1333
2022,1,28,11,35,6,324404657.108,57343035.4345,51726.08,23626390.4,13644.48
2022,1,28,11,40,6,314642192.457,51488910.2986,1306.4,23597731.68,17222.64
2022,1,28,11,45,6,297764542.316,55121337.033,232.32,19833181.5467,26853.0133
2022,1,28,11,50,6,306407321.283,50649749.9911,52793.7067,23469785.4933,13783.8933
2022,1,28,11,55,6,311517354.75,48961433.3092,997.5467,24274834.3467,15998.72
2022,1,28,12,0,6,336789567.048,59047320.0119,382.72,43811457.4933,36360.96
2022,1,28,12,5,6,326262908.535,55573656.3364,352.5333,38874918.5333,34894.9333
2022,1,28,12,10,6,311499953.694,54969642.7071,249.7333,33272541.6,39640.8
2022,1,28,12,15,6,334384964.557,51228850.2924,263.7333,48652262.6667,30261.2533
2022,1,28,12,20,6,331962515.367,54305172.9534,279.7867,41532177.3867,236462.08
2022,1,28,12,25,6,320587809.14,56223495.3503,398,48320689.6,66340.3733
2022,1,28,12,30,6,326676152.588,53965217.7516,392.1067,39534612.48,142206.7733
2022,1,28,12,35,6,339116618.034,55005092.2404,34917.44,42665496.96,46329.3333
2022,1,28,12,40,6,355034333.81,56298286.2468,66317.9733,38966429.12,140537.3333
2022,1,28,12,45,6,321622172.823,53383365.1766,59182.08,48547324.9067,45383.28
2022,1,28,12,50,6,333443367.516,45314711.517,16277.4667,37750404.6667,60048.32
2022,1,28,12,55,6,330026084.151,44992505.9133,467.84,29768149.5467,21107.7333
2022,1,28,13,0,6,306827226.724,46960297.6711,623655.7867,28502574.5067,56238.6667
2022,1,28,13,5,6,324494069.132,47287285.1381,62165.5467,37347604.6933,18457.3333
2022,1,28,13,10,6,329187485.656,45100148.2692,218495.36,35809144.1067,31103.6267
2022,1,28,13,15,6,361301747.308,44275423.3474,118201.4667,25585344.9333,342157.6
2022,1,28,13,20,6,353866124.403,40079281.4387,84132.9067,24414083.3067,327150.72
2022,1,28,13,25,6,337929226.917,40175872.8135,377288.5333,25452647.04,132970.5067
2022,1,28,13,30,6,329087062.245,43887320.0946,236508.0533,46422645.76,79319.68
2022,1,28,13,35,6,323849811.108,45391388.4075,479545.28,44197804.2667,32743.8933
2022,1,28,13,40,6,334280204.255,45445396.0495,482856,44163912,29184
2022,1,28,13,45,6,339115729.992,38727200.4219,259753.12,86454894.72,44747.7067
2022,1,28,13,50,6,375267499.158,37748270.1476,47092.2667,46921277.3333,41762
2022,1,28,13,55,6,347461134.32,41432542.286,78625.8667,46644620.5333,200460.3733
2022,1,28,14,0,6,376105131.476,43784536.9886,45992.8533,41011307.52,38205.8133
2022,1,28,14,5,6,399757949.456,40553770.57,87426.0267,49380947.2,6102.5333
2022,1,28,14,10,6,397201863.636,43681414.5721,109351.36,50086740.5867,25905.28
2022,1,28,14,15,6,416239627.683,47180073.0825,89454.1333,57602871.4667,22463.36
2022,1,28,14,20,6,406121326.215,45710514.8991,41565.8667,52479883.2,38170.72
2022,1,28,14,25,6,407639154.437,42191749.6456,29101.6,43380046.2667,50787.68
2022,1,28,14,30,6,428940508.342,42924035.3261,36970.9867,43925509.0133,23112
2022,1,28,14,35,6,449862502.716,42389654.4586,463698.88,57120670.5067,19390.6667
2022,1,28,14,40,6,447764073.45,42616870.1475,390828.8,67149307.2,29521.0667
2022,1,28,14,45,6,464532529.339,46602630.76,1369194.9333,69690416.1333,29313.8133
2022,1,28,14,50,6,482218420.273,41045477.8855,629579.2,76647220.9067,24172.3733
2022,1,28,14,55,6,546322085.624,38728489.6736,214747.7333,59184407.04,83900.2667
2022,1,28,15,0,6,413242180.359,41168900.594,66232.5333,63392676.2667,36286.32
2022,1,28,15,5,6,423993854.543,48335702.7172,445302.4,74398951.84,41943.04
2022,1,28,15,10,6,470369356.694,50726891.0706,983401.6,64728764.8,201738.6667
2022,1,28,15,15,6,483086779.483,49940781.1698,587415.6267,63515238.08,71230.2933
2022,1,28,15,20,6,493047362.847,50159636.2664,51409.1733,73490577.4933,45531.3333
2022,1,28,15,25,6,470568844.762,45843883.3705,176012.0533,66532320.8533,113392.1067
2022,1,28,15,30,6,466159586.792,52015015.7863,175140.9333,71928278.4,58916.48
2022,1,28,15,35,6,437394309.145,53512946.2524,261369.7333,77927126.2667,42334.5067
2022,1,28,15,40,6,455018759.226,53592037.9094,149575.6,72826279.6,57209.8133
2022,1,28,15,45,6,429136315.054,56418107.2353,19791.8933,72687697.4933,21100
2022,1,28,15,50,6,422852335.458,57713560.9743,75648,65230131.8667,27328.96
2022,1,28,15,55,6,418428564.214,54505195.2238,98591.1467,76628436.9067,46115.3333
2022,1,28,16,0,6,409392289.317,53495120.0636,427416.4267,75581176.7467,18067.84
2022,1,28,16,5,6,406977084.782,56318772.4242,1479293.44,78312155.2,15488
2022,1,28,16,10,6,367309454.481,56670727.819,1347263.4667,76034709.9733,37030.72
2022,1,28,16,15,6,364926013.825,54776823.8226,544738.24,52300793.92,21146.72
2022,1,28,16,20,6,365365598.875,49018529.0028,132251.9467,74575944,18952
2022,1,28,16,25,6,392788875.275,47526697.6619,124054.9333,81412210.4,131648.32
2022,1,28,16,30,6,384582477.935,46382547.1441,150300.6933,63571585.3867,29812
2022,1,28,16,35,6,389310690.273,47197734.25,194321.92,79201340.9067,12189.76
2022,1,28,16,40,6,351391934.881,48053137.2761,58980.9067,70954297.0667,11736
2022,1,28,16,45,6,410490589.414,51963502.4807,14283.2,68164475.0933,107504.32
2022,1,28,16,50,6,391456239.123,51577859.3223,125410.4533,50946056.7467,49597.0667
2022,1,28,16,55,6,411516025.143,50015371.2181,2189.5467,58081146.1333,62820.1867
2022,1,28,17,0,6,352805389.573,47501769.7092,184118.72,53519824.8533,25196.48
2022,1,28,17,5,6,370244944.226,45177590.9607,59130.56,64977317.8667,34485.3333
2022,1,28,17,10,6,358547425.07,45433392.1378,499781.9733,56111969.8133,35640
2022,1,28,17,15,6,363182606.566,40119656.5669,804897.8667,63776522.1333,24364.8
2022,1,28,17,20,6,384338473.554,44362386.6502,110755.0667,53363205.7333,27571.2
2022,1,28,17,25,6,386013758.608,44352664.4567,1646.4,57350780.08,31208.4267
2022,1,28,17,30,6,458564155.76,48064945.5413,253495.36,72263943.4667,20960.64
2022,1,28,17,35,6,468268219.986,48340384.1945,509940.6933,80894565.6533,11834.6667
2022,1,28,17,40,6,577110871.144,53233314.9224,513360,81008480,11248
2022,1,28,17,45,6,537934002.761,49436880.2625,2096566,143833520.8,71870.3733
2022,1,28,17,50,6,508523072.034,46918842.8737,35862,56176394,21016.6667
2022,1,28,17,55,6,521710913.495,48639076.3649,222306.3467,56534874.56,40562.56
2022,1,28,18,0,6,496818828.564,54352582.6407,742206.8267,61865836.0533,9068.8
2022,1,28,18,5,6,480732311.708,55299985.6149,207922.4533,66444621.44,6144
2022,1,28,18,10,6,519624470.451,61193030.8494,59120,46435465.0667,63713.92
2022,1,28,18,15,6,474486518.334,58848564.7317,160152.8533,44693364.8,67602.08
2022,1,28,18,20,6,453338774.076,53320872.5611,67897.4933,54867633.28,50262.6667
2022,1,28,18,25,6,434387134.662,52390929.1508,236662.2933,53817232.2133,121413.3333
2022,1,28,18,30,6,435646781.825,54640297.2982,13683.52,47494361.2,49223.04
2022,1,28,18,35,6,425466004.264,57081234.9208,73197.0133,43433045.76,29512.96
2022,1,28,18,40,6,440877615.218,56779581.3142,99299.7333,47869891.6,28368
2022,1,28,18,45,6,447465525.636,51941310.2413,648530.2667,63800535.2,42411.3333
2022,1,28,18,50,6,479190740.825,54015927.7918,2251771.6,45407486.72,30499.68
2022,1,28,18,55,6,445799938.47,55754004.4701,358806.1867,46557803.84,7427.52
2022,1,28,19,0,6,423652503.858,54541749.722,98394.4533,48985754.3467,32096.6133
2022,1,28,19,5,6,392190377.037,57765608.5159,50705.6,54911293.2267,31090.8
2022,1,28,19,10,6,401669562.203,50871663.776,62962.24,49660054.8267,6344.5867
2022,1,28,19,15,6,421438817.462,59809251.6242,1110.1867,36501532.3733,52166.72
2022,1,28,19,20,6,467180247.314,59844083.5964,419210.6667,29113054.5067,20808.64
2022,1,28,19,25,6,482261932.83,59504340.3452,1352543.8933,40023255.8933,41377.3333
2022,1,28,19,30,6,436090487.269,61268553.7175,1296589.5467,42520700.9067,65198
2022,1,28,19,35,6,398131512.369,57795013.1188,1805384.6667,39934586.4,43153.7867
2022,1,28,19,40,6,437172194.348,52141362.7637,3185751.1467,33174946.88,56228.96
2022,1,28,19,45,6,434474421.699,55789096.9835,2993520.2133,51928641.3867,20709.7067
2022,1,28,19,50,6,406578915.907,60851230.9645,329543.8667,49806209.6,61809.3067
2022,1,28,19,55,6,389914486.726,57583505.5976,1586358.5067,46883101.0133,31692.3733
2022,1,28,20,0,6,371483670.646,54686921.1054,1716566.1867,62254401.28,53739.4667
2022,1,28,20,5,6,360710002.906,55053761.3465,2223000.8533,47433220.3733,14090.8
2022,1,28,20,10,6,420139488.749,55964315.4812,2619896.7467,53612669.3333,188489.0667
2022,1,28,20,15,6,447346185.172,57313258.1127,2958629.76,50515159.7867,45987.84
2022,1,28,20,20,6,432362442.512,55747835.5033,2256256.4267,55583093.0133,120134.4533
2022,1,28,20,25,6,431553030.747,57544657.2697,1737236.6933,53477870.2933,46993.76
2022,1,28,20,30,6,483702453.853,61862119.3804,2999892.0533,44242911.68,127456.96
2022,1,28,20,35,6,470718309.707,67574331.3735,2793390.8,40395281.6,117574.08
2022,1,28,20,40,6,475909196.535,64888091.8797,2863671.04,49503108.48,128163.2
2022,1,28,20,45,6,450868049.335,60754025.3542,2619260.3733,57426797.8667,498275.84
2022,1,28,20,50,6,477708805.605,57763077.9362,1453066.24,65103688.32,66714.64
2022,1,28,20,55,6,495417747.862,55762793.5068,1444611.52,61791907.3067,20873.92
2022,1,28,21,0,6,473697113.25,48439354.2059,1514795.52,59740237.44,186961.6
2022,1,28,21,5,6,511722093.355,49125342.4334,1332157.6533,80842046.6133,64965.12
2022,1,28,21,10,6,516208641.433,49476262.7516,2202911.5733,87980961.3867,19839.3333
2022,1,28,21,15,6,525716372.528,50813626.3673,2196186.3467,82062171.2,16806.4
2022,1,28,21,20,6,545801087.893,56009240.7239,3516814.2933,82915285.6533,32753.9733
2022,1,28,21,25,6,528153080.731,54816079.8112,3695024.96,80574356.8,41445.6
2022,1,28,21,30,6,537243087.418,57319805.8119,1579742.1867,86139990.9333,17816.0533
2022,1,28,21,35,6,554381525.277,55902153.7685,1327604.5867,99348781.0133,5610.88
2022,1,28,21,40,6,542973245.714,57406992.858,1324584,99526256,4960
2022,1,28,21,45,6,530769331.388,49945802.3804,1137827.7333,207397180.8,417497.1733
2022,1,28,21,50,6,508206890.798,50360008.3477,1507482.56,83183817.8133,92867.76
2022,1,28,21,55,6,495199636.582,48250379.4109,1737199.7333,88628241.6,91434.24
2022,1,28,22,0,6,540204273.227,47012703.4042,1058590.4,99519510.1333,70040.16
2022,1,28,22,5,6,544035330.653,52413370.4294,1005284.0533,84708456.2133,79234.56
2022,1,28,22,10,6,504751878.941,49616647.542,1249894.8267,99647297.7067,114945.6533
2022,1,28,22,15,6,494985123.18,49080592.2357,1177929.28,93597945.0667,51883.84
2022,1,28,22,20,6,523138306.952,58115803.2907,169809.4933,103229525.44,57480.6133
2022,1,28,22,25,6,567955697.683,61062357.8053,869978.3467,108420876.907,78336.6133
2022,1,28,22,30,6,578777980.746,55134493.4911,707729.4667,116638996.8,70287.76
2022,1,28,22,35,6,579171677.403,51866300.9859,970363.52,97368431.68,53275.2533
2022,1,28,22,40,6,532446466.682,48993788.2747,486328.8,111895752.8,101628.9067
2022,1,28,22,45,6,534209151.783,53082219.6765,84298,105653033.467,35678.08
2022,1,28,22,50,6,512945081.329,49864459.088,1555.9467,103306668.373,58821.6533
2022,1,28,22,55,6,518762337.096,49185764.0732,257416.5333,107795791.787,76765.3333
2022,1,28,23,0,6,542746474.087,50568891.3447,113787.84,90460770.3467,68928.08
2022,1,28,23,5,6,522009905.718,53197782.8827,18271.8933,106919748.587,42888.6133
2022,1,28,23,10,6,503943906.607,54560640.5054,37248.9333,100523176.133,44296.5867
2022,1,28,23,15,6,482319610.504,50786078.7057,14859.2,93226258.24,111930.6667
2022,1,28,23,20,6,465955859.545,49831375.9872,44491.4133,80969590.6133,51114.6667
2022,1,28,23,25,6,480646910.95,48114494.6943,1212.4,88203982.1333,30878.88
2022,1,28,23,30,6,491753688.021,47302668.579,511.4667,78724712.8533,6866.3467
2022,1,28,23,35,6,425916999.005,49602569.55,28926.4,76647188.4,14309.0667
2022,1,28,23,40,6,423356774.409,51853607.2847,952.5333,72263070.72,50519.4667
2022,1,28,23,45,6,431657064.435,49110488.3428,339.8667,67805294.9333,19652.2933
2022,1,28,23,55,6,398442515.907,48394319.2561,53800.9333,68764364.6667,61783.3333
2022,1,29,0,0,7,407638087.439,53709429.0398,19868.4267,61941784.0267,44086.6667
2022,1,29,0,5,7,420028452.041,60574526.6833,16067.9467,49648811.52,36658.88
2022,1,29,0,10,7,417467451.46,61619323.3895,64725.8667,48359977.4933,4504.48
2022,1,29,0,15,7,370136731.17,55428976.688,42611.7333,43050843.6267,2120
2022,1,29,0,20,7,336808866.887,49647449.1798,106999.4667,59576979.4667,2679.7867
2022,1,29,0,25,7,361713129.276,47831272.946,1796.48,33802410.56,22634.3467
2022,1,29,0,30,7,363150748.35,46927735.6979,105443.9467,39087106.9867,27192
2022,1,29,0,35,7,301904916.387,38196727.9822,31642.9333,38489633.7333,7467.8667
2022,1,29,0,40,7,298661988.23,40176672.2879,19244.5333,35396394.2667,21980.9067
2022,1,29,0,45,7,287245492.838,38054187.9002,42017.7067,40909465.1733,17044
2022,1,29,0,50,7,273233697.826,36096887.383,18633.6,32646375.0667,96995.36
2022,1,29,0,55,7,254272692.036,35326789.2404,130167.36,36496067.3067,103704
2022,1,29,1,0,7,270351815.616,32414268.9213,1428452.8,39306755.3333,174154.9867
2022,1,29,1,5,7,280898242.286,38894459.0543,260606.72,34644167.36,36864.8
2022,1,29,1,10,7,271210968.649,38473794.5924,3489.28,34033630.5067,3211.2
2022,1,29,1,15,7,248033754.86,40740699.3525,120463.2533,28826530.3467,2102.9333
2022,1,29,1,20,7,208382158.444,40701466.9675,51797.8667,24616857.92,2644.8
2022,1,29,1,25,7,192238422.826,34440733.2014,23063.4667,25629487.8933,110767.5733
2022,1,29,1,30,7,171467621.656,36577886.0512,59905.0667,25637565.9733,21760.5333
2022,1,29,1,35,7,164890168.923,36393362.5646,16481.6,30622798.8267,24028
2022,1,29,1,40,7,185752118.179,41449355.8953,15888,30690168,24936
2022,1,29,1,45,7,165663834.272,38530432.199,791.8667,59806054.4,6462.4
2022,1,29,1,50,7,156526021.478,33083751.4713,204.48,28393127.7867,4856
2022,1,29,1,55,7,158644120.453,39944607.1612,63408.6667,28071235.8667,2437.4933
2022,1,29,2,0,7,158418590.005,37094483.5538,1491.2,19786935.04,11716.32
2022,1,29,2,5,7,166394429.871,35567524.0644,10861.8667,19444585.1733,2605.3333
2022,1,29,2,10,7,126201644.665,40074158.1504,15112.4267,22728721.7067,11440
2022,1,29,2,15,7,146086606.534,44853970.7463,65930.0267,18335961.92,2969.12
2022,1,29,2,20,7,159119005.829,34949103.808,140765.9733,32454928.8533,85411.3333
2022,1,29,2,25,7,135679888.801,39021068.7577,18047.8933,27898806.5067,92976
2022,1,29,2,30,7,138491285.905,38036415.5534,41532.0533,32468350.4,17280.16
2022,1,29,2,35,7,122055602.672,36428098.5138,21649.28,35668560.1067,11465.6
2022,1,29,2,40,7,113245063.439,43511190.7644,506.0267,30888188.5867,2422.4
2022,1,29,2,45,7,124032838.989,47049274.0224,421.3333,28576549.6533,19804
2022,1,29,2,50,7,121811077.703,41626515.2004,188,27912311.7333,22664
2022,1,29,2,55,7,118276434.949,36142278.8192,17659.84,26992666.4533,13459.52
2022,1,29,3,0,7,119589840.689,28145034.4666,7405.76,25153179.9467,39667.04
2022,1,29,3,5,7,107287073.519,34774805.2878,467.2,31071943.4667,41816
2022,1,29,3,10,7,117555734.919,43394507.0699,265.4667,26159457.8667,58382
2022,1,29,3,15,7,106492060.98,44014176.3764,437.6533,26127949.5467,15752.1867
2022,1,29,3,20,7,94709100.8858,46121610.3103,242.6667,22411117.2267,1550.5067
2022,1,29,3,25,7,91697191.269,43154714.12,397.3333,23533084.1333,669.12
2022,1,29,3,30,7,101565999.747,41352464.8635,241.6,17241892.08,678.72
2022,1,29,3,35,7,91236095.7686,42713148.4268,279.4667,14869533.44,665.28
2022,1,29,3,40,7,58637450.5305,36766021.5975,414.1867,14038709.76,20639.68
2022,1,29,3,45,7,75585434.854,40559342.6944,313.3867,13095977.6,3040.08
2022,1,29,3,50,7,58249827.9861,42406411.109,430.4,19104197.6533,21340.16
2022,1,29,3,55,7,54561655.5196,35515562.597,345.1733,13118665.0667,4158.24
2022,1,29,4,0,7,55621043.9243,37497759.1046,272.96,10444454.08,12456.9867
2022,1,29,4,5,7,50223387.8513,36325636.3991,539.4667,11706959.8667,2026.56
2022,1,29,4,10,7,47883560.6105,31941423.8385,267.7333,7782435.3067,1300.48
2022,1,29,4,15,7,71277991.8624,41761616.6894,485.0133,10943585.0667,20362.88
2022,1,29,4,20,7,65978063.5492,44262981.6679,219.6267,7489835.3067,2389.6267
2022,1,29,4,25,7,77987072.3634,30622051.7778,421.2267,5983098.6667,9978.9867
2022,1,29,4,30,7,114807650.256,40439575.5836,226.6667,6409459.84,34895.3067
2022,1,29,4,35,7,60985573.5036,38981961.7337,429.2267,10143383.04,4305.44
2022,1,29,4,40,7,50532040.3257,47512209.0421,242.56,7029520,752.1067
2022,1,29,4,45,7,60455952.2329,42787770.197,500.48,7606733.9733,664
2022,1,29,4,50,7,62125299.2313,42957739.7369,251.4133,4177123.3067,50.9067
2022,1,29,4,55,7,43671567.3734,38668711.4231,342.72,10064729.92,11271.3333
2022,1,29,5,0,7,50864631.0482,31207894.1693,288.9333,6579974.8,1046.6667
2022,1,29,5,5,7,45109083.6471,29616387.5196,375.12,6334556.64,10914.1867
2022,1,29,5,10,7,64463632.3918,28896047.517,281.28,8197353.8133,37213.36
2022,1,29,5,15,7,65111050.442,38418933.4318,414.1867,5885935.8933,39128
2022,1,29,5,20,7,50623184.7413,47848610.9554,305.4933,10107658.9867,13259.8933
2022,1,29,5,25,7,47776270.2844,44099890.278,359.2533,14448682.24,2253.0667
2022,1,29,5,30,7,46891731.5344,46944503.3982,273.1733,14859873.6,1552
2022,1,29,5,35,7,47227652.843,41971564.2261,311.3333,15084332.5333,103.4667
2022,1,29,5,40,7,49938300.3319,36462718.2354,312,15088056,0
2022,1,29,5,45,7,51433696.0228,31717679.4214,673.8667,18703568.1333,31714.24
2022,1,29,5,50,7,60935968.806,30876887.6232,474.7733,8321983.7867,2779.84
2022,1,29,5,55,7,57270661.7063,32667349.3564,290.4533,6798038.8267,24
2022,1,29,6,0,7,86781297.8476,30964403.5919,540.5867,7194265.0667,679.04
2022,1,29,6,5,7,87377275.8216,28840469.7444,322.24,10102647.04,61.3333
2022,1,29,6,10,7,83011198.445,29233216.5638,541.0133,6054272,0
2022,1,29,6,15,7,99264652.2662,30211129.5494,315.8667,12305245.3333,610.88
2022,1,29,6,20,7,83731651.541,35923671.0743,454.56,7831057.44,10849.36
2022,1,29,6,25,7,62168734.9499,39697820.8331,260,10297919.52,11616
2022,1,29,6,30,7,87591346.1702,36795562.5367,453.3333,8736749.9733,11601.1733
2022,1,29,6,35,7,91678760.2983,30161622.9977,266.56,12189108.0533,11776.64
2022,1,29,6,40,7,98376616.6887,33478002.9863,445.5467,18924353.6,21690.1333
2022,1,29,6,45,7,95009647.3572,30645718.277,71653.76,19271766.6133,22512
2022,1,29,6,50,7,102836411.435,37329823.2926,1394.4533,21860993.3867,38424.32
2022,1,29,6,55,7,116908783.195,39763747.2398,40528.4,17295123.8667,4201.76
2022,1,29,7,0,7,106634461.653,53028582.5061,1007.2533,14543600.96,34653.5467
2022,1,29,7,5,7,94874328.262,42320977.3269,321.92,19059849.3867,45123.3333
2022,1,29,7,10,7,99950902.6101,38984954.9584,422.6133,19521402.1333,6250.7733
2022,1,29,7,15,7,94594361.3264,37648864.2656,30364.5333,20139141.4667,14541.3333
2022,1,29,7,20,7,107443077.232,31578226.0694,24762.56,18897463.68,3658.6667
2022,1,29,7,25,7,102224277.216,37126361.9268,768,18549946.88,2800
2022,1,29,7,30,7,114519514.775,34971354.3383,429.9733,25142855.4667,11644
2022,1,29,7,35,7,115053488.206,31908139.1876,626420.6933,19656907.6267,2489.0133
2022,1,29,7,40,7,124041737.589,30516404.1099,1379971.2,18655901.0133,1458.56
2022,1,29,7,45,7,120246597.838,35346607.7497,1321510.08,18594098.1333,43473.4667
2022,1,29,7,50,7,148043914.628,29280714.185,852485.6533,16724117.0133,49024
2022,1,29,7,55,7,143071479.606,29109109.1022,194666.2667,16350048,9749.0933
2022,1,29,8,0,7,133559970.934,28548468.1684,986170.7733,24505961.0667,4367.7867
2022,1,29,8,5,7,144944726.919,35026877.8759,1015375.8933,15673282.9867,4200
2022,1,29,8,10,7,156182824.996,38157531.1476,826572.2667,23895983.8667,3562.4533
2022,1,29,8,15,7,150825861.845,41474573.2314,953805.3333,20384949.44,111398.24
2022,1,29,8,20,7,162838471.51,37384053.7595,13009.28,22185805.12,9926.3733
2022,1,29,8,25,7,171792374.977,43744501.7101,468.6667,13835923.2,12795.3333
2022,1,29,8,30,7,183105785.329,41040715.305,15627.2,13693865.4933,4908.48
2022,1,29,8,35,7,194966030.971,36720369.1982,42932.6667,15496487.0667,13051.7067
2022,1,29,8,40,7,223677042.424,40259343.8469,799194.4533,9773944.5333,13127.2
2022,1,29,8,45,7,224082572.918,38787186.3712,20792.96,6009958.08,10799.36
2022,1,29,8,50,7,187637073.062,34032109.222,703.4667,15606807.68,24556.16
2022,1,29,8,55,7,235658446.153,31209778.8444,22480,12477600.2133,25570.2933
2022,1,29,9,0,7,241953287.654,29881138.2747,15719.36,13493776.64,25544
2022,1,29,9,5,7,226137079.922,30177286.6578,62257.6,16616751.0667,97345.9733
2022,1,29,9,10,7,223592686.771,28616433.8991,1110374.9333,29712013.0133,177078.3467
2022,1,29,9,15,7,199143896.968,29865126.9609,1117321.3867,15604243.3067,125452.88
2022,1,29,9,20,7,208238594.156,36130215.2502,1105328.16,18672386.88,10663.4933
2022,1,29,9,25,7,223855511.341,35696976.4613,1138407.36,15496798.5067,14052.16
2022,1,29,9,30,7,257372850.918,33091428.5593,1162196.5867,18299326.08,14168.96
2022,1,29,9,35,7,236937931.651,32428744.6012,1191630.5067,16800770.4533,13617.6
2022,1,29,9,40,7,249865767.016,31905649.1349,1192024,16780000,13584
2022,1,29,9,45,7,241600110.34,33517790.4107,2895894.72,39734531.6267,152213.52
2022,1,29,9,50,7,234273933.004,35091896.79,504349.3333,20645077.44,34696.16
2022,1,29,9,55,7,210412959.963,31672578.6748,6676.3733,16101860.16,113694.4
2022,1,29,10,0,7,224287518.629,28865435.6622,541.9733,14241865.28,25169.9467
2022,1,29,10,5,7,250687174.506,33302529.2196,526263.68,13035627.4133,13740.48
2022,1,29,10,10,7,240281431.189,31795466.6169,118502.2933,13027265.1733,39199.36
2022,1,29,10,15,7,276551085.654,39524926.3868,1111813.12,15317002.9867,123158.08
2022,1,29,10,20,7,341581170.816,41154849.2132,1259553.92,10016723.52,30706.5067
2022,1,29,10,25,7,297863631.855,36768074.0668,77675.84,7826661.8667,32000.4
2022,1,29,10,30,7,292325720.666,42498357.7063,958528.4267,4431596.48,42464.64
2022,1,29,10,35,7,283034726.493,37096380.3925,1229565.12,9864172.0533,39219.84
2022,1,29,10,40,7,314492611.465,32910484.2169,1145155.9467,8495622.2933,21894.88
2022,1,29,10,45,7,306122951.854,33099148.8177,1206306.32,11101568.4,27406.8267
2022,1,29,10,50,7,282874464.958,33133989.7408,1136882.6667,9525457.1733,14760
2022,1,29,10,55,7,267437525.275,35029736.2756,1139874.7733,13709304.8533,28611.4933
2022,1,29,11,0,7,274488875.38,40411592.2485,303345.1733,20544038.72,20340.7467
2022,1,29,11,5,7,260298395.737,42150768.1536,1186962.4533,20188277.3333,19552
2022,1,29,11,10,7,293327107.056,43488084.7755,2838919.68,19946308.16,19515.4667
2022,1,29,11,15,7,330748239.739,38578422.0047,1726713.28,19817931.7333,40655.4667
2022,1,29,11,20,7,366580902.774,40966643.0128,158024.1333,22419556,19861.44
2022,1,29,11,25,7,394529640.986,43684186.5345,65613.0133,19641923.84,108864
2022,1,29,11,30,7,360585540.716,40816494.5408,47023.1467,17149399.4667,56480.8
2022,1,29,11,35,7,358263125.92,35665176.4974,891631.1467,22060947.52,100249.7067
2022,1,29,11,40,7,353962318.497,39647888.1864,550747.2,23038712.2667,38840
2022,1,29,11,45,7,339909330.867,52830963.9884,1997177.28,22499300.56,16206.4533
2022,1,29,11,50,7,358283048.229,53931297.2155,1800934.8,31338598.4,124595.84
2022,1,29,11,55,7,362791186.192,50929604.6947,1718181.9733,31711190.8267,24938.2667
2022,1,29,12,0,7,358046165.212,49424870.0882,2260710.08,36537902.8267,35911.4133
2022,1,29,12,5,7,364053267.44,47035847.1282,2659612.6933,30143270.8267,19959.6267
2022,1,29,12,10,7,359877592.661,48401202.4864,1986322.0267,30064706.0267,25203.3333
2022,1,29,12,15,7,347940465.695,41592860.2592,78173.8667,26524679.7867,22407.04
2022,1,29,12,20,7,340381732.926,41498790.2489,1134.2933,23571035.6267,227561.84
2022,1,29,12,25,7,402318838.162,42665808.0388,105666.0267,40407438.4,51406.48
2022,1,29,12,30,7,355996673.489,42091099.3991,34035.2,48825823.7867,197855.4133
2022,1,29,12,35,7,351384778.975,43685134.9881,83517.9733,39968264.4267,56669.76
2022,1,29,12,40,7,324155134.745,36713182.4732,20745.4933,40712773.3333,141286.08
2022,1,29,12,45,7,349013589.955,38961698.4718,3651.4133,31847874.0267,47110.6667
2022,1,29,12,50,7,362393447.046,42164159.5044,30182.5067,32000705.7067,17242.24
2022,1,29,12,55,7,341260874.734,43271913.862,50750.9333,36564678.5067,4042.9867
2022,1,29,13,0,7,349313360.969,40805868.2617,1130.24,48067185.4933,5307.84
2022,1,29,13,5,7,370083259.34,42866818.9546,34184.2133,49790149.9733,2917.3333
2022,1,29,13,10,7,338704702.755,34157605.5365,53748.1333,50922219.6,32749.3333
2022,1,29,13,15,7,338468865.801,35126979.5588,36948.96,43090142.08,7390.88
2022,1,29,13,20,7,347867876.091,36813894.204,89014.08,44501219.7333,40025.68
2022,1,29,13,25,7,365219594.022,37499352.7032,29501.76,50028736,7372.48
2022,1,29,13,30,7,362291750.483,39723133.6012,714.1333,50610882.5333,42614.4
2022,1,29,13,35,7,359519904.556,45475617.6317,72424.5333,44498823.68,30746.56
2022,1,29,13,40,7,352344319.133,39681605.5503,118810.3467,46267272.32,73761.44
2022,1,29,13,45,7,374417947.838,46432929.2859,119424,46292288,76592
2022,1,29,13,50,7,344304781.278,41100259.0447,1133172.6933,94880253.8667,201603.2
2022,1,29,13,55,7,376746012.149,40745272.1611,1511607.1467,57290932.6933,110673.92
2022,1,29,14,0,7,364081512.16,42667256.8316,1769256.8533,57671362.7733,53342.72
2022,1,29,14,5,7,400614790.75,39116042.4318,1583887.1467,51228880.4267,20247.12
2022,1,29,14,10,7,390761960.414,36314469.5855,1647518.2667,62491234.2667,15908.3733
2022,1,29,14,15,7,388688533.495,38704083.1703,1565497.2,75831293.7333,15736
2022,1,29,14,20,7,389949978.373,45399225.3045,3369664.32,84835319.36,66020.6667
2022,1,29,14,25,7,369283739.65,46701047.9353,2406994.7733,56901132.5867,42987.68
2022,1,29,14,30,7,384809013.577,50061538.1855,1492387.3067,67823675.2,38984
2022,1,29,14,35,7,402720245.282,41128900.3647,1273023.6,66830218.8,7115.2
2022,1,29,14,40,7,383708241.974,41485355.5331,1108298.56,49687681.3867,23047.04
2022,1,29,14,45,7,372215966.288,40182669.1783,145169.8133,69271451.52,29763.28
2022,1,29,14,50,7,374727344.36,40715097.2409,129050.3467,54887302.9333,15506.1867
2022,1,29,14,55,7,356779072.545,47234447.3486,146507.52,60034416.7467,37663.7067
2022,1,29,15,0,7,350441875.462,40863504.8387,114247.1467,67375626.56,38826.6667
2022,1,29,15,5,7,329973901.575,37235964.6263,801291.7333,65553012.6667,38672
2022,1,29,15,10,7,346660374.611,35567044.4749,1362446.4,62714006.9333,29230.64
2022,1,29,15,15,7,359389983.918,41148685.0609,323335.8933,66236665.7067,18631.68
2022,1,29,15,20,7,356023500.731,42880534.3428,649204.9067,75332487.4667,3347.84
2022,1,29,15,25,7,360283230.374,43551081.4791,1315119.2533,76632105.8133,27824.9867
2022,1,29,15,30,7,385106728.838,38018063.2025,2196340.3733,78974883.84,12579.1733
2022,1,29,15,35,7,374195865.809,38349551.0361,2276610.56,80702802.6667,25025.9733
2022,1,29,15,40,7,335566917.742,33865431.461,2040830.72,78652820.2667,318220.7467
2022,1,29,15,45,7,314830643.026,36378756.7015,1848855.04,84442092.0533,46570.6667
2022,1,29,15,50,7,316901695.402,37964712.2453,1260681.8133,83704067.6267,16970.88
2022,1,29,15,55,7,315242285.092,38929049.0226,1232174.2933,74859531.6267,15499.52
2022,1,29,16,0,7,323715600.782,39900092.5184,1378798.8267,70787549.6533,6394
2022,1,29,16,5,7,336990389.61,42233537.8475,1309475.6267,71687563.84,1763.52
2022,1,29,16,10,7,364611522.944,41412352.7204,1259068.16,89593513.8133,5268
2022,1,29,16,15,7,345156366.496,37825939.1361,1219122.7733,100314682.88,14212.6933
2022,1,29,16,20,7,364292454.334,39135116.0513,248713.44,92859320.32,35524.8
2022,1,29,16,25,7,377454163.7,38806268.9687,894510.8,116181190.267,126351.92
2022,1,29,16,30,7,327551433.493,42244150.2907,1046101.8667,79405910.1333,67630.08
2022,1,29,16,35,7,311139399.132,43457121.1871,1068744.5333,75189017.8667,35329.3333
2022,1,29,16,40,7,320791766.007,48997043.8911,1013006.5333,61625916.6667,15127.04
2022,1,29,16,45,7,342431019.715,44313705.7453,1081274.8,77381878.9333,28499.28
2022,1,29,16,50,7,345801467.085,54016747.9471,701551.8667,73825942.1333,3891.2
2022,1,29,16,55,7,305872222.687,52120010.1989,368248.8533,71303688,6289.12
2022,1,29,17,0,7,309920498.655,37985363.4067,22445.3333,59347528.96,53492.32
2022,1,29,17,5,7,324403444.252,37908598.7371,21552.9333,49105565.7333,57360
2022,1,29,17,10,7,323520089.564,36308023.9244,262587.7333,57681162.9333,33508.48
2022,1,29,17,15,7,318037354.138,40582661.6751,4649.0667,48198971.7333,30401.6
2022,1,29,17,20,7,332820900.529,38988308.9351,125767.8667,64393100.6667,39456.1867
2022,1,29,17,25,7,370733393.357,40856477.5636,22443.3333,55993725.3333,16966.08
2022,1,29,17,30,7,377919369.647,37814594.9951,668310.8,49830795.8667,36192.48
2022,1,29,17,35,7,351489579.237,36642474.7664,30132.3733,47504151.2533,68580.16
2022,1,29,17,40,7,374934610.878,39636223.7735,14634.88,43634447.04,42777.0667
2022,1,29,17,45,7,383016440.755,41158986.6574,14544,43582560,40744
2022,1,29,17,50,7,372302864.381,42040472.6546,38894.9333,89591631.7867,86964.8
2022,1,29,17,55,7,386325420.026,37559987.3569,28149.6533,44361618.3467,66710.6667
2022,1,29,18,0,7,372165074.4,40753823.0496,22345.12,66864012.32,82480.6933
2022,1,29,18,5,7,394835477.237,43389980.9742,686.1333,72139039.3333,85088
2022,1,29,18,10,7,427114060.935,50021806.7556,53592.1067,79308967.7867,35759.84
2022,1,29,18,15,7,383104132.303,52456032.6293,22430.8267,77867153.7067,19836.48
2022,1,29,18,20,7,362559796.476,48853972.9646,295496.1067,72519852.0533,26337.28
2022,1,29,18,25,7,366355777.484,54328892.2005,20659.9467,57836420.0533,135405.12
2022,1,29,18,30,7,365816102.472,53262402.9468,715077.12,52117170.88,49528
2022,1,29,18,35,7,372852198.694,45678692.4183,1284954.4533,46937459.7333,283293.68
2022,1,29,18,40,7,369256217.438,46052516.1491,1302927.7333,48031267.6,116970.56
2022,1,29,18,45,7,383921703.494,44043688.9074,1261956.0533,50195555.2,68361.3333
2022,1,29,18,50,7,366573469.215,43721812.3541,1326314.7733,49721967.4667,59395.44
2022,1,29,18,55,7,358334402.465,49880100.4406,1794280,40725616.5333,57544.2667
2022,1,29,19,0,7,340058245.391,46927754.9621,1446828,29230147.4667,70509.3333
2022,1,29,19,5,7,316099575.965,49803759.8627,1761332.9067,41662541.5467,72520
2022,1,29,19,10,7,338387655.529,49410891.312,1489784.1067,31170253.2267,174269.76
2022,1,29,19,15,7,316581291.7,48181452.5969,1058111.04,28863465.6,244188
2022,1,29,19,20,7,327349535.791,43894818.0458,1563456.8,32050912.1333,243806
2022,1,29,19,25,7,349615726.623,48642515.597,1278519.5733,34645206.72,55806.4
2022,1,29,19,30,7,379631764.342,44914840.1042,270393.7067,37751960.64,125472.2667
2022,1,29,19,35,7,385184195.219,55121540.9589,380520.4267,25404285.5467,266400.64
2022,1,29,19,40,7,383601858.036,50593360.906,81448.1067,24748653.44,128007.3333
2022,1,29,19,45,7,398221741.248,49488328.1668,47460.3733,26942669.9733,209907.3333
2022,1,29,19,50,7,365060600.162,50939748.2823,42785.7067,25081473.1733,266679.2
2022,1,29,19,55,7,408786254.176,46459521.8148,116214.9333,22852306.56,435068.96
2022,1,29,20,0,7,405465563.72,44419950.7966,146086.5333,28010610.4,397368.2667
2022,1,29,20,5,7,379025485.416,50333441.6742,86113.0667,29402056.96,184611.9467
2022,1,29,20,10,7,368990169.717,50800852.534,43161.3867,32886092.48,62551.2
2022,1,29,20,15,7,390045932.667,52439575.8244,209259.7333,30851329.8133,22425.12
2022,1,29,20,20,7,428850447.949,48635861.7817,52634.9867,37914404.9067,86591.5733
2022,1,29,20,25,7,456050817.918,54586072.2532,931995.2,42210638.6667,28621.0133
2022,1,29,20,30,7,434069447.752,55785323.5778,1229050.4,49336580,22008
2022,1,29,20,35,7,479903107.946,54597265.6969,1180850,47243337.3333,8929.0667
2022,1,29,20,40,7,478594201.488,57476831.6632,973178.24,48443790.8267,125773.2
2022,1,29,20,45,7,473590540.363,57692359.0809,1959529.1733,75520216.4267,43236.96
2022,1,29,20,50,7,481276463.802,55209962.2386,1379783.04,80435992.1067,22094.6667
2022,1,29,20,55,7,498718370.822,48821056.9132,2761089.3867,57789765.0133,41408.32
2022,1,29,21,0,7,404290325.3,47750921.2617,1294944.1333,75942784.6667,43160
2022,1,29,21,5,7,415736785.913,41554388.033,1489802.6667,67471860.0533,31003.04
2022,1,29,21,10,7,431821990.516,50438958.2663,1429084.6933,62541249.8133,16091.3067
2022,1,29,21,15,7,420965408.692,47089502.6208,2148127.5733,60159988.48,212133.6
2022,1,29,21,20,7,383226066.551,46526413.4479,1217988.9067,68389511.2533,65795.7333
2022,1,29,21,25,7,431347605.798,50298301.2221,1120461.7333,56081998,68712.6667
2022,1,29,21,30,7,437251811.729,43167229.2059,1150999.8933,71120397.8667,37637.76
2022,1,29,21,35,7,432758384.095,38602699.7699,1072057.3333,81837896.1333,23180.16
2022,1,29,21,40,7,431114304.41,44314682.4995,1255098.8,96180823.2,9128.64
2022,1,29,21,45,7,437448099.639,38881192.872,1258224,96420904,8040
2022,1,29,21,50,7,393191490.791,44346723.6452,3755098.4533,175656654.613,135913.9733
2022,1,29,21,55,7,383042454.007,39973561.9847,832976.1067,80261008,20037.0667
2022,1,29,22,0,7,410998684.335,43157392.8938,1227812.5867,80983003.0933,21864.08
2022,1,29,22,5,7,434969007.919,38296631.6483,35526.64,88548980.48,8125.76
2022,1,29,22,10,7,432929557.806,50954459.5704,941.0667,77358849.8667,11536.6933
2022,1,29,22,15,7,406812832.202,53467717.1071,96788,77224753.68,27252.4
2022,1,29,22,20,7,458406184.996,48902135.7461,62058.4533,88837810.56,174692.0533
2022,1,29,22,25,7,480426680.996,56392348.9468,1215.68,88644493.0133,53693.6533
2022,1,29,22,30,7,409856758.005,47079632.0882,17252.2667,93240010.4533,345427.6267
2022,1,29,22,35,7,427973255.43,45373041.0999,746.1333,92587655.68,109016.64
2022,1,29,22,40,7,482292121.356,49307619.7381,49828.2667,98985730.4,26842.9333
2022,1,29,22,45,7,421741041.35,54356689.6956,24987.2,91280305.2,22728
2022,1,29,22,50,7,433812303.622,51115629.3399,747.4667,93237573.2,30853.76
2022,1,29,22,55,7,438403158.103,43536961.3488,288.7467,71749292.8,31824
2022,1,29,23,0,7,425125699.598,45466811.5597,59846.5333,93888202.4,31140
2022,1,29,23,5,7,399270790.464,37456335.0941,33401.3333,79953961.0667,20568.64
2022,1,29,23,10,7,407613390.197,37585313.8832,467582.4,79776227.2,61207.7333
2022,1,29,23,15,7,406197382.068,41748021.7056,1095150.72,76480224.4267,34420.1067
2022,1,29,23,20,7,412999802.608,47277697.131,753020.72,94921775.68,21868.6667
2022,1,29,23,25,7,414018806.664,42353703.504,130547.9467,74984237.5467,17652.48
2022,1,29,23,30,7,416014309.875,35930903.0218,530403.52,72784436.0533,8438
2022,1,29,23,35,7,402382155.678,38069555.0124,920214.24,72033624.8,35825.6
2022,1,29,23,40,7,372479499.123,41031953.685,182143.4667,52430209.2,53167.3333
2022,1,29,23,45,7,355394913.951,50623316.4913,152107.9467,52953630.4,13148.5333
2022,1,29,23,55,7,317095844.962,55562974.4174,427749.9733,40600065.6,6163.5733
2022,1,30,0,0,1,322671990.042,48431475.4642,29612.16,41303866.1333,60149.6
2022,1,30,0,5,1,291461831.744,43627169.53,14482.7733,43651023.7867,19738.9333
2022,1,30,0,10,1,317592879.674,41759338.0306,126934.6133,41062044.9067,7179.3067
2022,1,30,0,15,1,294115863.937,36785569.109,187379.7333,42043151.2533,6376.2133
2022,1,30,0,20,1,271652531.205,49476751.2789,191041.28,35829016.4267,16074.08
2022,1,30,0,25,1,289791156.152,54487655.6903,263777.6,42641521.8133,14782.1867
2022,1,30,0,30,1,278804718.763,54657693.6783,120083.0933,50009626.4533,35068.8
2022,1,30,0,35,1,289239754.966,41818276.3101,29756.64,47864168.32,24571.36
2022,1,30,0,40,1,268931689.122,38176034.5814,51480.6667,44692878.5333,33361.4933
2022,1,30,0,45,1,265263049.348,37945324.8059,744748.6933,40887644.9067,36009.9733
2022,1,30,0,50,1,274751479.082,37008620.3492,2038136.32,45511304.96,46259.84
2022,1,30,0,55,1,265853926.354,39532392.1425,1193330.7733,34603330.6667,103086.72
2022,1,30,1,0,1,250257750.352,35007791.4003,254900.1333,36001800.2667,95294.6667
2022,1,30,1,5,1,248770392.519,33663365.5697,1430439.2,36075694.4,93804.2133
2022,1,30,1,10,1,222365464.713,35207562.1339,418256.7467,33659647.7867,30384.32
2022,1,30,1,15,1,239364438.501,41981620.965,1011602.8,30687547.36,13726.88
2022,1,30,1,20,1,216307158.593,38877712.8332,1423954.9333,28100756.6667,3034.1867
2022,1,30,1,25,1,202616333.291,40693962.1046,1588252,27665522.2667,1536.4267
2022,1,30,1,30,1,212182708.455,42116989.3878,1516343.7867,21269321.3867,12570.3467
2022,1,30,1,35,1,203242499.125,38595453.6102,1425399.36,29352347.0933,22534.9333
2022,1,30,1,40,1,213805412.649,33396101.2409,999965.04,24386103.2,3506.5067
2022,1,30,1,45,1,200875096.656,38500960.9143,995680,24334824,2176
2022,1,30,1,50,1,181737598.583,41781406.9517,17782.8267,61269790.8267,2168.6133
2022,1,30,1,55,1,182857918.806,34029122.4939,2207.8933,24933109.12,10116.8
2022,1,30,2,0,1,176513375.327,39345405.6748,2286.5067,24222760.5333,21460.96
2022,1,30,2,5,1,192550422.711,36400007.6258,2295.8667,22293939.2,22304
2022,1,30,2,10,1,204563033.32,38945115.9762,2634.2667,28756236.2667,12015.2
2022,1,30,2,15,1,210980337.785,33986454.2919,20257.92,30208360.32,11315.2
2022,1,30,2,20,1,201735734.369,41407746.3486,2530.7733,23573844.6933,11352
2022,1,30,2,25,1,186827331.972,39419562.9269,2500.4,26137433.6,14524.16
2022,1,30,2,30,1,173760541.845,40366154.9852,2417.4667,32371681.0667,14800
2022,1,30,2,35,1,177392327.813,44637434.0273,2455.4667,27971353.4933,1792.08
2022,1,30,2,40,1,183423319.785,50511647.3118,2053.44,26093347.7333,10751.3333
2022,1,30,2,45,1,173458703.479,44749251.6409,20256.08,25621525.84,5230.2133
2022,1,30,2,50,1,166717467.242,45426401.0121,2561.6,24336961.92,21589.3067
2022,1,30,2,55,1,159858870.052,39817605.6147,2185.36,23532804.08,83851.2
2022,1,30,3,0,1,172996141.923,40696627.4641,2341.8667,19155146.1333,31842.7467
2022,1,30,3,5,1,163941782.476,40984502.2728,2304.4,30555599.44,23593.0133
2022,1,30,3,10,1,160995336.056,45373584.3949,2217.1733,26869362.24,23312
2022,1,30,3,15,1,162793290.076,43275377.6828,2326.5067,31765154.3467,2497.92
2022,1,30,3,20,1,168368625.721,41025098.7332,2201.7067,26147166.1867,665.84
2022,1,30,3,25,1,150292482.964,43138346.8036,2728.8533,25464159.68,671.36
2022,1,30,3,30,1,163266212.86,49308151.4107,2500,17077236.4,22210
2022,1,30,3,35,1,164213100.276,48580000.9011,22726.6133,22413378.88,3662.4
2022,1,30,3,40,1,156853108.306,39597864.0913,25090.88,16871732,10861.0933
2022,1,30,3,45,1,152079168.619,42551879.4129,2521.28,24185897.3867,12275.8667
2022,1,30,3,50,1,147896170.483,44207023.898,2231.7867,23785129.8133,12328
2022,1,30,3,55,1,136625281.036,46038613.3191,2184.64,19811020.8,11710.48
2022,1,30,4,0,1,109956976.466,36952144.6366,2128.7467,21857468.8,1580.8
2022,1,30,4,5,1,99814486.3065,34109521.9291,5209.12,23146966.88,669.2
2022,1,30,4,10,1,93633943.0881,39401578.3264,2794,15567352.2667,10564
2022,1,30,4,15,1,99438856.4217,34199107.639,2128.4267,16907247.36,11664
2022,1,30,4,20,1,91207058.5214,34163127.861,2214.4,24310599.8667,1690.4
2022,1,30,4,25,1,101354179.036,26780708.5388,2263.36,17762956.8,704
2022,1,30,4,30,1,88990975.856,39850513.3781,2579.7333,23513969.0667,9359.9733
2022,1,30,4,35,1,95947084.5294,47070945.1076,2323.52,17851656.4267,10975.1733
2022,1,30,4,40,1,97125206.8377,46941172.3591,2146.3467,12353333.2267,2087.12
2022,1,30,4,45,1,76936836.8915,37591369.9819,2365.0133,12600241.4933,680
2022,1,30,4,50,1,82947583.9067,42758428.2543,2360.1333,6059178.8,33194.88
2022,1,30,4,55,1,81652331.2609,36825363.2293,2234.1333,3956211.2,35768
2022,1,30,5,0,1,70506868.2907,45654611.8507,2263.4667,3841515.7333,4418.9867
2022,1,30,5,5,1,83389558.2151,37037843.8467,2397.7333,4240046,1816
2022,1,30,5,10,1,73213082.7949,33365904.8494,2495.04,2586293.04,92479.84
2022,1,30,5,15,1,85754877.6741,31304625.8405,2267.0933,4271622.6133,18748.8
2022,1,30,5,20,1,78116561.6672,25954169.6736,2208.7467,5671718.6133,11049.8667
2022,1,30,5,25,1,62257121.61,23985052.9177,2136.96,2592170.9867,10984
2022,1,30,5,30,1,49018674.2718,34736179.8736,2404.3733,3448194.3467,812.9067
2022,1,30,5,35,1,55928386.6233,35372826.4803,2140.5333,2491367.0667,8
2022,1,30,5,40,1,51826070.7294,29793443.5828,2467.52,5779488,21387.7067
2022,1,30,5,45,1,58759013.6,30221939.5154,2472,5824144,22672
2022,1,30,5,50,1,71083313.5993,26630320.4025,4508.48,11903786.6667,2183.4667
2022,1,30,5,55,1,74015731.5815,21609834.6517,2231.0667,4705178.8,720
2022,1,30,6,0,1,71675001.6778,28379193.2244,2317.8667,5127620.4,720
2022,1,30,6,5,1,87189980.7243,34547995.9525,2123.3333,4414499.6,720
2022,1,30,6,10,1,81824500.388,21410169.986,2262.08,5041402.88,690.88
2022,1,30,6,15,1,77641840.1841,25857406.0687,2113.52,4182285.2,688
2022,1,30,6,20,1,81118139.9622,25123106.152,2112,4088619.3067,688
2022,1,30,6,25,1,78032751.889,22566952.4022,1994.4,6010341.76,688
2022,1,30,6,30,1,80570425.9963,25838992.1658,2434.0267,6546319.36,20788.6667
2022,1,30,6,35,1,94428697.1851,26244653.8428,1950.6133,3759399.7867,12598.56
2022,1,30,6,40,1,123643180.5,33337431.9246,2386.0267,3509546.24,11648
2022,1,30,6,45,1,116520272.275,29456525.2032,2320.96,14297656,7052.1067
2022,1,30,6,50,1,106983429.504,25017415.6769,2256.8533,7937076.3733,20533.76
2022,1,30,6,55,1,109488793.765,22492531.3501,2193.0667,7093841.8667,21744
2022,1,30,7,0,1,90758697.6986,22898129.623,2192,5313596.3733,6857.3333
2022,1,30,7,5,1,85314048.1454,23021333.5289,1915.7333,3351180.3733,11612.24
2022,1,30,7,10,1,87911506.1172,23479733.7475,2038.2933,1863951.68,1028
2022,1,30,7,15,1,81320188.8505,27316474.9323,2559.2,2394434.1333,24
2022,1,30,7,20,1,110633828.444,22378867.2784,2048.8,4241578.5333,11929.8133
2022,1,30,7,25,1,102466280.942,25484738.4524,2345.76,2875969.28,12872
2022,1,30,7,30,1,101981398.74,21451893.1291,2217.8133,2971728.7467,112643.7067
2022,1,30,7,35,1,92209470.8836,21182262.7972,2081.8133,3549116.16,20375.68
2022,1,30,7,40,1,141877715.84,24010059.0908,2032.64,4413401.6,11632
2022,1,30,7,45,1,135686684.012,23277178.0053,2158.2933,4807526.4,56683.28
2022,1,30,7,50,1,107779906.135,23175387.158,85403.0933,8174032.5333,26002.1333
2022,1,30,7,55,1,102498508.21,24369550.5579,3087.5733,6594960.64,23144
2022,1,30,8,0,1,111162286.45,25888012.351,2173.12,6152048.64,13186.7733
2022,1,30,8,5,1,101145304.198,26978127.983,2467.0667,4428272.1333,22071.4667
2022,1,30,8,10,1,115248188.042,27436416.043,41592.9333,11200121.3333,22840
2022,1,30,8,15,1,170473571.658,29029031.938,2868.2667,5176999.2533,2600
2022,1,30,8,20,1,165914165.31,25962028.3214,2249.1733,4832589.2267,737.92
2022,1,30,8,25,1,175434096.88,28689521.5374,53594.1333,5716811.3067,699.2
2022,1,30,8,30,1,183836417.179,28445197.1701,27308.5867,6710888.64,5067.84
2022,1,30,8,35,1,168337219.182,26215531.4073,21166.08,6039129.1733,23053.12
2022,1,30,8,40,1,170431351.736,33299014.6713,828694.4,7270625.0667,33890
2022,1,30,8,45,1,192764898.235,27270724.2148,250362.7733,22273508.9067,5575.68
2022,1,30,8,50,1,173751545.92,26212321.1595,43393.28,19537051.84,48696.9867
2022,1,30,8,55,1,169200897.479,30195995.4076,2855.4667,14979365.6533,69034.1333
2022,1,30,9,0,1,213139414.422,30297269.5771,83531.92,13491246.8,17989.3333
2022,1,30,9,5,1,235255574.077,26683463.8242,54136.32,17390654.5067,99820.16
2022,1,30,9,10,1,240945924.691,25874937.818,469138.3467,14873190.5067,102292.16
2022,1,30,9,15,1,265812804.243,32011735.1236,68545.28,12121744.32,8392.24
2022,1,30,9,20,1,250431050.273,32473003.2992,318342.1867,14526432.1067,3635.52
2022,1,30,9,25,1,241153890.051,28325756.7769,25949.8667,19787881.1733,8190.1333
2022,1,30,9,30,1,262309803.646,29999878.3986,118858.4533,14012512.32,6410.6667
2022,1,30,9,35,1,289816704.508,36110994.7797,30507.6267,17393396.8,19120.5067
2022,1,30,9,40,1,240371885.204,31640134.3449,83310.08,22416038.2933,181484.3733
2022,1,30,9,45,1,239545480.453,31756788.7068,84040,22483280,198088
2022,1,30,9,50,1,271709715.064,30054068.1893,384278.72,36673993.6,707131.3333
2022,1,30,9,55,1,263385774.116,28385181.4482,306019.2,14915950.6667,2169501.44
2022,1,30,10,0,1,272994702.348,31252375.223,6477.0133,9661940.6933,6500807.3333
2022,1,30,10,5,1,291031214.478,35902417.6074,18834.56,5958656.8533,7034726.4
2022,1,30,10,10,1,337599207.437,36719852.4733,54466.32,5240937.2,7016864
2022,1,30,10,15,1,319247211.298,37747945.5516,60223.04,5960323.3067,7230286.08
2022,1,30,10,20,1,299091957.781,38241594.698,62166.72,9667310.1867,6872685.44
2022,1,30,10,25,1,266450022.747,33508253.7829,62381.44,17451862.5067,7373768
2022,1,30,10,30,1,271297434.442,32793164.9171,125965.76,13281223.44,7045112.8
2022,1,30,10,35,1,265567704.28,34274115.3825,76548.48,17901010.88,7136504.6933
2022,1,30,10,40,1,241843168.866,32915111.7586,592711.68,13624616.64,7208450.32
2022,1,30,10,45,1,231883078.507,31092172.4497,1522142.5067,10806103.5733,7162395.9467
2022,1,30,10,50,1,244845529.584,34183101.785,1122961.0667,13999168.1333,6991155.2
2022,1,30,10,55,1,233006839.017,30364473.8297,890108.4,15537290.1333,6592023.5733
2022,1,30,11,0,1,252087981.768,27959094.3524,1226545.8133,12364487.4667,911840.4
2022,1,30,11,5,1,262701261.665,28808503.2391,1929356.6933,8728092.48,92426.88
2022,1,30,11,10,1,253295494.658,29940527.451,1766938.3467,9518731.52,51618.6667
2022,1,30,11,15,1,265614417.079,33319175.4123,1435921.8133,5438515.3067,139687.2
2022,1,30,11,20,1,323592503.996,32798937.0098,135347.3067,6842780.2667,102704.96
2022,1,30,11,25,1,339572683.714,35618380.2449,64488.8533,13062227.9467,98600
2022,1,30,11,30,1,332030241.357,39112357.2597,69959.0667,30641852.2667,142632.4
2022,1,30,11,35,1,349760055.309,42063726.1821,1273.6,33597734.9333,148448
2022,1,30,11,40,1,328920807.625,43120575.8973,54918.5067,36450479.04,128448.8
2022,1,30,11,45,1,286683549.914,39902702.3561,249939.0667,40078985.0667,191520.96
2022,1,30,11,50,1,331969832.038,39974676.9501,451875.6267,32278537.8133,113216.5067
2022,1,30,11,55,1,307194576.451,34347348.2875,39639.04,39760583.68,178976
2022,1,30,12,0,1,285707764.875,33546465.5795,999.8667,42430422.5333,142116.48
2022,1,30,12,5,1,299664885.853,41122305.1507,526.5333,33255949.0667,289542.8
2022,1,30,12,10,1,292346877.475,37969857.6063,17238.1867,36530288.8533,167085.2267
2022,1,30,12,15,1,281942765.664,33518886.8631,246796.9067,41638003.3067,166814.88
2022,1,30,12,20,1,299856465.374,37592993.6888,85262.4,38731155.8667,133854.72
2022,1,30,12,25,1,307798524.845,36952289.104,1665.6,35936850.4,132081.9467
2022,1,30,12,30,1,346674085.674,33458918.4507,75941.8667,32830194.9333,171096.56
2022,1,30,12,35,1,369628774.254,33301974.7584,77097.7067,35732155.4133,172115.4133
2022,1,30,12,40,1,387189955.143,37451279.1113,1725.4667,37880181.3333,235030.24
2022,1,30,12,45,1,402024934.522,41363127.6393,81102.08,41184249.28,121538.88
2022,1,30,12,50,1,393371724.127,36679756.9006,1506.3467,43341350.8267,110648
2022,1,30,12,55,1,380433564.358,34816985.8361,28916.9333,58593902.1333,89280.48
2022,1,30,13,0,1,377341277.221,31209640.9372,102127.3333,52623565.6,125496
2022,1,30,13,5,1,374532224.233,33432988.2073,40623.7867,48739824.4267,86875.2533
2022,1,30,13,10,1,377536600.063,32448462.9234,94326.8267,35174757.76,96679.7867
2022,1,30,13,15,1,362086531.921,37825876.0562,36242.88,42286681.0667,152822.4
2022,1,30,13,20,1,365491226.151,35849036.3392,859.4133,41212196.16,173844.48
2022,1,30,13,25,1,334023287.695,32407676.9781,328.8533,44177813.8667,175296
2022,1,30,13,30,1,360637649.61,36108804.4185,430.6133,47530351.8933,145790.9333
2022,1,30,13,35,1,329321515.8,34226431.2822,392.5333,53492925.5467,82594.9867
2022,1,30,13,40,1,369004610.741,31884798.6161,329.0667,59398933.6,289410.24
2022,1,30,13,45,1,397268811.7,33407330.0366,328,59497680,359446.2933
2022,1,30,13,50,1,395113313.302,34543691.7194,537707.8667,122089505.6,363648
2022,1,30,13,55,1,386688362.094,35810674.3422,833005.3333,74497599.4667,259632
2022,1,30,14,0,1,393048372.509,37051601.1364,762288.8,54259852,237776.5867
2022,1,30,14,5,1,417533568.633,40046735.73,111221.3333,63674492.9333,184800.32
2022,1,30,14,10,1,425840979.325,36462998.1379,89480.96,53006213.6533,180296
2022,1,30,14,15,1,418567436.336,38222229.2153,64795.6267,76149688,171800
2022,1,30,14,20,1,401261119.682,36462817.0785,14581.4667,56040834.4,206791.2
2022,1,30,14,25,1,457256532.447,38926338.5196,167537.2,56302348.4,210784
2022,1,30,14,30,1,453774998.64,39817811.3375,80110,53926389.0667,213003.52
2022,1,30,14,35,1,445685320.366,39982970.9378,1505.6,46899752,213232
2022,1,30,14,40,1,430007377.485,36970798.2222,1038334.72,54581224.5333,174027.3333
2022,1,30,14,45,1,439046636.442,41413849.2103,1763352,52258125.2267,169832
2022,1,30,14,50,1,450265198.721,42487853.7383,956410.4533,60649803.52,325863.2
2022,1,30,14,55,1,460612390.089,39397850.3996,21374.5067,60866616.5333,226372.6667
2022,1,30,15,0,1,454187853.966,41898280.8178,15368.4267,58602313.4933,243299.9467
2022,1,30,15,5,1,435516039.884,40723718.8149,471753.8133,63129361.92,401818.8
2022,1,30,15,10,1,417226447.836,39625596.1422,36935.2533,70906093.3333,303560.6667
2022,1,30,15,15,1,441309199.974,41078326.4786,799.7867,70720216.7467,304889.9467
2022,1,30,15,20,1,469783168.364,43228385.2188,289.3867,64511938.6667,249816.8
2022,1,30,15,25,1,466848419.445,41231658.5778,29524.9067,72345725.0133,202480
2022,1,30,15,30,1,468609508.33,43396244.9436,667.3067,80693975.68,183572.4533
2022,1,30,15,35,1,477786272.18,43569418.5803,47276.8,84686488.1067,147219.1733
2022,1,30,15,40,1,440253466.275,44421019.9742,118407.36,101700154.347,373324.1067
2022,1,30,15,45,1,470810539.483,42449216.2842,55659.44,83847699.04,275995.36
2022,1,30,15,50,1,459027462.344,47911849.908,1213267.9467,87483653.3333,122486.4
2022,1,30,15,55,1,470272489.265,46812940.3072,2545709.5467,81456726.2933,125922.2933
2022,1,30,16,0,1,457708558.832,45893448.4611,1430384.4267,108151667.52,109570.24
2022,1,30,16,5,1,475141192.023,42065686.012,1492889.0667,114476870.267,125412.6667
2022,1,30,16,10,1,447729638.644,41321988.1735,1510609.28,102441239.84,87161.6
2022,1,30,16,15,1,434882812.734,47766646.4229,999456,105511080.533,131842.2933
2022,1,30,16,20,1,455887253.609,48177414.8048,926681.28,97128604.32,132529.2
2022,1,30,16,25,1,458984540.613,47142346.6836,645518.5067,91922498.4533,220336.64
2022,1,30,16,30,1,481133932.191,49203153.2469,1238637.6533,81090664.96,91697.68
2022,1,30,16,35,1,500156112.433,56750716.6105,1535410.56,79129599.4667,81168
2022,1,30,16,40,1,490413779.32,46876111.4476,169787.0933,88382296,155513.3333
2022,1,30,16,45,1,433759915.952,46993851.7827,29826.8,79976081.6,108875.0933
2022,1,30,16,50,1,436082066.831,48107223.2642,67225.3333,64950230.8,156942.72
2022,1,30,16,55,1,451105068.482,49965317.6549,55905.8133,50334511.8933,161680
2022,1,30,17,0,1,479553600.793,49305196.198,188209.92,53222226.0267,93736.0533
2022,1,30,17,5,1,486393502.699,47989780.4756,85729.0667,84079090.1333,77063.68
2022,1,30,17,10,1,508688155.098,50562988.9181,89724.4,68150804.9333,106970.88
2022,1,30,17,15,1,490456668.251,47090745.8039,35064,77718555.3333,83130.48
2022,1,30,17,20,1,463734444.902,46906120.4449,195333.6533,80185438.6133,42571.9733
2022,1,30,17,25,1,449065833.967,43463695.9672,3567.2,92215719.7333,73912
2022,1,30,17,30,1,442251543.823,46902326.0218,28238.1333,78375168.6667,41842.24
2022,1,30,17,35,1,431026971.915,41991569.6203,160761.8667,68038436.4,36592
2022,1,30,17,40,1,434895394.598,39777992.04,73718.5067,77588582.9333,42528
2022,1,30,17,45,1,478130365.117,37915232.184,72512,77719952,42952
2022,1,30,17,50,1,437462335.188,38001894.8898,201757.44,130222955.947,417555.1467
2022,1,30,17,55,1,454361066.864,45774527.3419,48005.3333,64798857.28,447200
2022,1,30,18,0,1,459471853.698,44852620.619,510276.6933,74475596.2667,198438.6667
2022,1,30,18,5,1,493742390.314,46703086.4665,765902.4,76502073.4933,82371.52
2022,1,30,18,10,1,485093650.718,45590187.2096,1076867.3067,81950500.5867,74924.2933
2022,1,30,18,15,1,447844454.675,43827758.5572,1098531.4133,92285243.6267,47453.6
2022,1,30,18,20,1,474399364.952,45304035.9065,1180361.3867,93368807.1467,11441.68
2022,1,30,18,25,1,439375205.744,45661739.1259,606819.7333,113696975.2,134677.92
2022,1,30,18,30,1,427931292.191,44495020.975,1195520.96,112138142.4,89576.3733
2022,1,30,18,35,1,466874351.255,47040953.0752,1195935.68,103810263.36,83416
2022,1,30,18,40,1,484002305.672,43670711.9927,1327630.1333,132912276,118007.1467
2022,1,30,18,45,1,477795141.524,45003954.0222,2004446.4,109653449.867,46060.9067
2022,1,30,18,50,1,487826060.389,44875635.8959,834824.2133,111063457.173,38896
2022,1,30,18,55,1,612484228.783,44619077.2704,544499.6267,135611796.693,59759.3333
2022,1,30,19,0,1,496466744.365,45026795.5773,874798.4,108328917.973,68162.24
2022,1,30,19,5,1,479060032.29,41111795.4185,92346.4,114670392.533,97579.2
2022,1,30,19,10,1,450633717.713,40952356.9319,88551.04,114982275.307,95281.1733
2022,1,30,19,15,1,469881291.969,40850010.4053,18816.1333,124111976.667,140966.72
2022,1,30,19,20,1,485647151.159,40850836.041,186486.1867,103041782.827,172482.24
2022,1,30,19,25,1,477861483.183,41776493.9658,74984.5333,109811383.6,85603.3333
2022,1,30,19,30,1,446056519.048,42099886.5045,237639.8933,110756579.307,123045.0667
2022,1,30,19,35,1,437503175.311,49410211.5616,269440.32,116974106.133,47102.6133
2022,1,30,19,40,1,400858735.661,44646260.9668,41754.24,110521625.067,79267.7867
2022,1,30,19,45,1,384841193.34,39700817.8336,23406.2933,98995153.4933,222400.5333
2022,1,30,19,50,1,421935339.697,36954565.4168,70575.7867,84280415.04,156658.6667
2022,1,30,19,55,1,444793415.312,38451530.8395,35084.4,110414474.933,176523.68
2022,1,30,20,0,1,443410757.556,40956721.5121,20083.8667,88620835.8667,178648
2022,1,30,20,5,1,441584251.606,39281720.4994,234264,97787959.04,338265.3333
2022,1,30,20,10,1,443784854.346,38946586.6404,238640,97982736,352776
2022,1,30,20,15,1,461893981.427,39570725.949,1612103.68,175671338.027,292589.44
2022,1,30,20,20,1,451949972.491,44531396.9956,1305363.9467,95126463.36,125576.32
2022,1,30,20,25,1,457529123.771,39071564.2425,17780.3733,99151072.96,149606.6667
2022,1,30,20,30,1,488903831.522,41006227.9079,250121.92,98397937.8133,28459.84
2022,1,30,20,35,1,476359195.284,35826714.2585,245800,109762451.307,24324.2133
2022,1,30,20,40,1,507217092.83,42122475.3582,3899.52,119138004.693,107078.6667
2022,1,30,20,45,1,498552176.87,43889202.5774,161498.1333,106471240.533,95117.0667
2022,1,30,20,50,1,526846197.601,46229395.0963,321917.5467,103022477.013,77547.52
2022,1,30,20,55,1,530190339.352,44706209.664,471729.0667,120444937.733,535972.08
2022,1,30,21,0,1,540632490.279,42852188.6898,1414912.2667,104528877.467,115824.96
2022,1,30,21,5,1,567014099.74,41907534.0004,2498724.5333,115403105.733,179426.4
2022,1,30,21,10,1,564878583.641,44883102.6328,1250526.6667,133782110.267,127111.3333
2022,1,30,21,15,1,560363414.99,46277243.4186,116411.84,112394973.653,171001.6
2022,1,30,21,20,1,583084552.188,45054094.2957,9931.7333,114992378.027,151139.6267
2022,1,30,21,25,1,593351595.046,47713944.4689,363364.6667,111963408.533,120342.4
2022,1,30,21,30,1,608358542.32,48828373.9684,162144.4,124717924.4,48351.4667
2022,1,30,21,35,1,585885486.108,48683191.0938,99435.3333,119471591.867,58267.3333
2022,1,30,21,40,1,595719286.376,46057142.7559,102113.6,126701159.467,89585.8133
2022,1,30,21,45,1,546223382.043,39851991.1438,25247.5733,126587800.96,3015270.1867
2022,1,30,21,50,1,544638841.109,35658357.6352,24208,126584592,3190848
2022,1,30,21,55,1,565171993.632,38158433.2678,265807.1467,218895925.547,6682797.6
2022,1,30,22,0,1,579640834.757,39918962.036,47822,132280166.933,591136.32
2022,1,30,22,5,1,558189714.736,42341360.2681,66844.2667,128304670.507,158133.52
2022,1,30,22,10,1,558056532.301,42669918.6197,130882.7733,129674506.667,29955.4667
2022,1,30,22,15,1,567541837.621,38874694.4537,574189.0133,117413300.267,27052.8267
2022,1,30,22,20,1,538939309.324,39060008.0725,66817.1733,132244890.56,30478.2933
2022,1,30,22,25,1,489405217.929,35051884.4711,221432.8533,126012054.293,20877.3333
2022,1,30,22,30,1,608887954.357,35010360.1321,3994.4,125005828.667,105419.4667
2022,1,30,22,35,1,524268706.098,34585615.8982,14290.4,125528162.8,13385.5467
2022,1,30,22,40,1,507684593.407,39872033.7121,80340.5333,106800587.067,26475.76
2022,1,30,22,45,1,490689927.766,35528765.0971,27741.8667,127938887.787,28938.24
2022,1,30,22,50,1,469368194.488,34788566.5476,589.12,125043619.413,281185.1733
2022,1,30,22,55,1,446263097.258,34820273.9147,213450.1333,102768030.8,75869.0133
2022,1,30,23,0,1,394985729.945,37097012.7601,3154.6667,113885740.48,38456.8
2022,1,30,23,5,1,377013354.682,32760325.2587,311.36,118070255.573,35414.4
2022,1,30,23,10,1,423588727.247,38015365.0542,241674.3467,100830734.293,14510.1867
2022,1,30,23,15,1,407157925.428,38084420.0779,24980.3733,108432207.253,55170.24
2022,1,30,23,20,1,386965051.124,40764877.4216,23484.0533,108852850.453,9491.44
2022,1,30,23,25,1,365740974.894,42911734.5026,1395.6,109053594.4,25771.04
2022,1,30,23,30,1,363800330.229,52747214.9389,16579.0933,106902970.24,37098.72
2022,1,30,23,35,1,334461564.16,50326293.0746,101461.0667,88626680.6667,37872
2022,1,30,23,40,1,336538457.269,45690677.3163,639638.6667,96501801.4667,27951.7067
2022,1,30,23,45,1,330097712.875,51024699.1257,1064296.32,76072514.0267,15405.36
2022,1,30,23,55,1,297406214.708,50349300.8067,1177394.7733,77162221.76,28092.6667
2022,1,31,0,0,2,296086449.474,47697223.4245,1104039.76,81471765.44,107939.7333
2022,1,31,0,5,2,302045373.031,47937649.9934,1139905.28,79250529.28,89873.2267
2022,1,31,0,10,2,300523559.752,47442773.7008,1237724.8,69165723.7333,87848
2022,1,31,0,15,2,309162934.204,48132938.0106,1290810.5333,63797775.3333,26636.1067
2022,1,31,0,20,2,265293909.338,42753163.8836,1272815.04,52716184.8533,19678.1867
2022,1,31,0,25,2,256210620.949,38663790.9714,1326779.3067,64599045.3333,89839.8667
2022,1,31,0,30,2,243801466.459,46018736.4885,1111889.8133,67095082.88,20464.9067
2022,1,31,0,35,2,234324935.729,39361447.4411,839979.0933,81571715.9467,96270.16
2022,1,31,0,40,2,279619984.699,32862024.3159,60658.24,77633520.7467,60472
2022,1,31,0,45,2,245722036.684,39010741.9482,24208.1333,81240950.4,16832.5867
2022,1,31,0,50,2,215238420.658,37543559.0813,52476.0533,83576430.5067,1020.5333
2022,1,31,0,55,2,206675084.913,41454990.7332,1186.3467,82825964.5867,12330.8
2022,1,31,1,0,2,195591425.385,37450621.2423,21705.28,77488765.6533,25421.8133
2022,1,31,1,5,2,225943109.006,44035994.9141,43596.0533,64562964.2667,5933.3867
2022,1,31,1,10,2,212636263.721,45476629.8155,121124.2667,63163366.1867,17390.6667
2022,1,31,1,15,2,203495497.822,44796846.8255,29547.6267,63444852.2667,18432
2022,1,31,1,20,2,173543332.102,47916283.4165,150677.7333,48532633.7333,99804.16
2022,1,31,1,25,2,174126230.222,45885725.0214,87482.0267,48437445.8667,66696.5333
2022,1,31,1,30,2,152885138.455,45115742.1819,174958.4,44951944.4,39548.6667
2022,1,31,1,35,2,141342875.719,46639822.8587,124328.4267,47274384.8533,84813.7867
2022,1,31,1,40,2,153365617.266,47819650.1771,36521.0667,44181652.5867,29695.36
2022,1,31,1,45,2,157396151.279,47291993.4386,67027.84,45581835.9467,2848.24
2022,1,31,1,50,2,147273461.727,46872316.9887,67456,45601328,51172.48
2022,1,31,1,55,2,139322189.37,42745615.484,182773.4667,88056933.4667,55488
2022,1,31,2,0,2,167370738.163,44823344.7697,48812.6933,34804282.56,45434.7467
2022,1,31,2,5,2,148798330.856,32757830.8917,1076.2667,50985534.2933,44600
2022,1,31,2,10,2,141611085.847,29967090.5089,266.56,45989103.4667,34997.8667
2022,1,31,2,15,2,120764755.603,34563821.0163,539.3333,33799848.8,4710.08
2022,1,31,2,20,2,111457338.227,37583808.9135,237.2,29011288.6667,2136
2022,1,31,2,25,2,103690754.703,37393450.6411,461.68,26858726.4,20639.6
2022,1,31,2,30,2,101536582.038,37851388.3255,68030.9333,26930451.52,10561.92
2022,1,31,2,35,2,89818167.1078,34485932.1171,1448,21524881.0667,9552
2022,1,31,2,40,2,103667007.205,32928709.9517,264.5333,22658680,2837.76
2022,1,31,2,45,2,84977998.1927,30802741.0268,24496.5333,22678263.1467,18981.2267
2022,1,31,2,50,2,66818069.1022,31415562.7752,21327.2533,17337098.4533,22137.12
2022,1,31,2,55,2,62941853.3138,30656611.7529,458.32,18045626.08,22288
2022,1,31,3,0,2,54703904.7261,33297592.636,18284.2667,12981327.04,3122.56
2022,1,31,3,5,2,58428818.5999,34313674.9301,115213.44,8513971.4133,12334.08
2022,1,31,3,10,2,65699828.2904,34366549.9782,2288.1333,7224063.3333,4962.6133
2022,1,31,3,15,2,63573045.2545,34080171.6275,264.88,9897037.6,12018.9333
2022,1,31,3,20,2,67434735.6957,29224255.9826,25689.0667,7428194,3560.6667
2022,1,31,3,25,2,59610125.9053,33639401.9709,600.8533,15729149.2267,41396.5333
2022,1,31,3,30,2,62809311.4091,27881694.6816,13872,14081327.4667,44456
2022,1,31,3,35,2,69234539.5162,21832004.9616,28366.6133,15717180.3733,195822.8
2022,1,31,3,40,2,57532546.2566,25960980.1191,24734.08,15593462.56,19924.2133
2022,1,31,3,45,2,50406679.5905,24477393.3076,49273.6,15226680.48,800.2667
2022,1,31,3,50,2,50899980.0917,33404959.7042,22226.9333,14254708.2667,20217.12
2022,1,31,3,55,2,47922109.8933,26023652.3732,614.4,15303081.8667,12554.96
2022,1,31,4,0,2,48465106.9621,32336954.3066,29895.4667,12551546.7733,11784
2022,1,31,4,5,2,42186343.0244,32783902.9604,853.8667,13569940.16,1575.68
2022,1,31,4,10,2,45652038.8508,24482031.8652,471.7867,7871265.92,673.2267
2022,1,31,4,15,2,49008276.1698,26109634.0622,424.64,11015175.4667,21125.68
2022,1,31,4,20,2,46130657.8495,22432060.9863,250.9333,10506086.4,22824
2022,1,31,4,25,2,34941269.9273,24834764.7847,422.24,8015605.76,2355.7867
2022,1,31,4,30,2,36127984.3114,34214379.9574,408.2667,6820668.4,9785.3333
2022,1,31,4,35,2,41014827.2432,35077034.0363,281.7067,6009549.12,1474.24
2022,1,31,4,40,2,39788896.7006,31280568.1042,699.76,7982610.08,50808.96
2022,1,31,4,45,2,41393092.8684,31291221.777,325.12,4550411.84,17347.76
2022,1,31,4,50,2,57862380.3992,32804552.6861,540.2667,12849506.6667,14240
2022,1,31,4,55,2,49664394.5948,30143904.7406,425.6,8474726.1867,128669.3333
2022,1,31,5,0,2,41396510.0793,34223930.5202,376.64,11900749.6533,23414.64
2022,1,31,5,5,2,43666722.5121,30797923.7938,502.2933,18338464.64,40613.76
2022,1,31,5,10,2,53419108.7982,29513608.2806,393.12,16025697.6,43104
2022,1,31,5,15,2,44617399.7763,29418155.9528,494.96,17578248.88,13759.68
2022,1,31,5,20,2,50017689.5521,29736100.4802,250.48,17419777.6,12089.6533
2022,1,31,5,25,2,34707315.5836,29147171.6384,405.8667,15351059.84,12184
2022,1,31,5,30,2,36914148.067,29288330.7543,400.1067,12065825.6,11157.2533
2022,1,31,5,35,2,51626007.9429,31338776.3146,321.3333,12745848.1333,11331.4667
2022,1,31,5,40,2,46746735.3259,33301658.358,272.64,17792211.7333,11352
2022,1,31,5,45,2,37675794.7744,38183585.5097,485.12,15185410.3467,41942.9333
2022,1,31,5,50,2,45757393.7675,42609127.4148,488,15149264,44128
2022,1,31,5,55,2,51247137.3285,37974798.2835,803.7333,28842713.3867,22687.7333
2022,1,31,6,0,2,43926282.0397,38006329.7749,206.08,15304673.04,111205.44
2022,1,31,6,5,2,49684643.5115,38267174.7754,342.08,15103217.1733,18840.4267
2022,1,31,6,10,2,45878996.0171,33784046.4871,430.8267,12229589.3333,10816
2022,1,31,6,15,2,53140109.824,27056781.8404,400.4267,11405468.16,20253.1733
2022,1,31,6,20,2,51331604.2517,32669531.0196,486.8267,10989193.92,95771.2267
2022,1,31,6,25,2,52241712.8228,34013320.8251,362.9867,15600313.76,110368
2022,1,31,6,30,2,81352442.4751,31364165.8382,422.9333,7967219.8667,53783.5733
2022,1,31,6,35,2,86460213.5876,30817956.984,455.4667,13767718,43187.9467
2022,1,31,6,40,2,89274823.3524,26517578.8333,322.2667,9815420.1333,33668.9067
2022,1,31,6,45,2,81693882.3454,34529065.1949,367.2,12518941.3333,32696
2022,1,31,6,50,2,104455212.226,27769177.7567,296.96,8541859.3067,11915.84
2022,1,31,6,55,2,95101233.3426,25636258.8953,477.5467,8614546.88,894.96
2022,1,31,7,0,2,106071452.41,26854487.0016,314.24,8934136.4267,32288.6667
2022,1,31,7,5,2,104897643.589,21523001.2188,469.8667,8933348.6933,13210.24
2022,1,31,7,10,2,96811536.1856,18047365.5524,52418.0267,7723626.6667,21791.36
2022,1,31,7,15,2,110838552.715,22804344.3227,1134.5067,6873759.7867,22704
2022,1,31,7,20,2,113894624.743,24926331.8478,345.76,6698577.28,20052.24
2022,1,31,7,25,2,117149595.353,30901393.6673,210.2667,9299145.8667,15337.6533
2022,1,31,7,30,2,119899135.625,24903439.2726,389.5467,6513780.48,1933.3333
2022,1,31,7,35,2,139726670.5,35308691.8382,534.08,3338251.84,14180
2022,1,31,7,40,2,118928890.279,28241134.155,272398.1867,3038304.4267,31502.9333
2022,1,31,7,45,2,128618931.628,31332851.7753,3988.8,7139752,36932.16
2022,1,31,7,50,2,142229614.715,28020737.0389,102925.3333,3739293.76,16680
2022,1,31,7,55,2,156201075.536,28231077.0684,28362.3467,4969346.56,14888
2022,1,31,8,0,2,149923774.772,27514957.029,40091.6267,4646697.28,39374
2022,1,31,8,5,2,164695881.311,30445021.6977,868.3733,4733272,33882.72
2022,1,31,8,10,2,155167949.575,30216629.8434,170035.7333,7044078.6667,18151.4933
2022,1,31,8,15,2,164481129.391,36615772.9361,97096.5333,5733953.3867,43872.1067
2022,1,31,8,20,2,165727238.487,45650333.3685,60528.32,1546200.8533,4678.6667
2022,1,31,8,25,2,166212470.815,46192673.7333,1092.6933,2759798.6133,115648.16
2022,1,31,8,30,2,197655408.006,42723420.6565,32848.1067,2406786.3467,109289.8667
2022,1,31,8,35,2,223304528.722,39676184.336,66957.3333,4534712.6667,19794.6133
2022,1,31,8,40,2,215703089.827,41220066.8119,25156.5867,4237425.92,17012.6933
2022,1,31,8,45,2,185643550.448,44320240.0036,31924.8,3301767.1467,34387.2
2022,1,31,8,50,2,191787842.871,47696440.7484,734.8267,2905433.8133,35840
2022,1,31,8,55,2,196852850.28,56091979.7184,572.48,2343065.4933,6564.7467
2022,1,31,9,0,2,221650468.271,43716372.1125,315.52,2207892.9067,4248
2022,1,31,9,5,2,206220861.488,44379212.5078,445.7333,1307928.4,43017.1733
2022,1,31,9,10,2,221641563.04,47744378.375,274.3467,2777305.8133,21083.2
2022,1,31,9,15,2,231848905.203,52022691.6625,517.76,2851189.44,23242.72
2022,1,31,9,20,2,207503443.068,50211223.482,22892.32,7072117.2,20243.04
2022,1,31,9,25,2,213913908.629,54926102.9629,932.5867,9070862.5067,127367.4667
2022,1,31,9,30,2,207568523.156,55470081.5105,412.5333,5634763.2,61781.6533
2022,1,31,9,35,2,200885646.606,52908341.0701,497104.1067,2156628.8,57348.8
2022,1,31,9,40,2,219901327.737,55958417.2562,952892.32,3773182.24,37112.16
2022,1,31,9,45,2,229029450.807,56007361.3897,29540.24,14401988.32,45163.52
2022,1,31,9,50,2,203458723.172,47024666.3775,328,14830185.6,31601.92
2022,1,31,9,55,2,201085595.967,57027278.9585,320,14833672,23584
2022,1,31,10,0,2,226336349.265,45650395.2581,784.1333,19933647.7333,36287.6
2022,1,31,10,5,2,205155642.52,53291824.7696,45768.2133,20245647.8933,23317.92
2022,1,31,10,10,2,211364230.746,48893972.139,36556.6933,28309991.5733,21968
2022,1,31,10,15,2,205926007.649,46106850.9732,106943.04,30458936.32,45721.9733
2022,1,31,10,20,2,201049808.837,53975499.8156,28923.2,26386327.7867,47976
2022,1,31,10,25,2,225355803.848,50520679.2162,64672,32372315.4667,6112.9067
2022,1,31,10,30,2,258310591.35,64108836.0885,51664.2133,27546304.1067,2800
2022,1,31,10,35,2,253416793.281,50101452.4078,28573.5467,39933134.4,158650.5067
2022,1,31,10,40,2,243061991.988,49141610.5269,7054.6133,30401725.0133,166386
2022,1,31,10,45,2,212293193.099,47270018.4425,368.64,27971955.12,75281.04
2022,1,31,10,50,2,207013021.414,48987796.2769,351.36,34199885.0133,22556.8
2022,1,31,10,55,2,214693580.313,49064399.3965,280.96,34553877.8667,18752
2022,1,31,11,0,2,206726658.873,52157520.7263,335.0667,42306776.6667,19561.6
2022,1,31,11,5,2,202570013.788,50271544.0895,304.4267,33027372.2667,35262.9333
2022,1,31,11,10,2,200693367.39,52472928.6212,343.4667,39667438.8267,36872
2022,1,31,11,15,2,233335943.22,49945027.8244,36653.3333,38796067.0933,18612
2022,1,31,11,20,2,204252366.944,50405536.7201,35154.88,33654812.5867,7275.4667
2022,1,31,11,25,2,218166390.81,48658072.9261,636.4,40643491.28,6472
2022,1,31,11,30,2,269928184.714,51982847.5042,18908.4,44126329.2,15751.04
2022,1,31,11,35,2,245823447.092,47329017.8388,501.0133,35599228.48,23503.2
2022,1,31,11,40,2,270000260.423,45017677.5805,38815.2,58525022.8,25913.8133
2022,1,31,11,45,2,259204483.408,56097900.0039,1766.72,42384736.32,49910.6667
2022,1,31,11,50,2,283499126.658,47200907.1079,19437.8667,32461348.5333,34181.3333
2022,1,31,11,55,2,259879068.37,44239309.0331,134138.96,28893954.88,24354.24
2022,1,31,12,0,2,238715241.32,43717742.3335,22433.0133,26811215.3067,8934.48
2022,1,31,12,5,2,240074325.892,40621319.6255,1181.44,30570311.68,24308.8
2022,1,31,12,10,2,236704885.933,35346088.4946,348.08,42120331.2,28276.48
2022,1,31,12,15,2,218632183.619,40523615.591,344,42472608,26920
2022,1,31,12,20,2,251193733.204,46424207.0016,667.6267,49778929.92,59289.28
2022,1,31,12,25,2,255393869.442,50491788.1112,411.52,45377319.4667,69530.8267
2022,1,31,12,30,2,268579895.888,44970616.0238,15724.4,46522660.6667,21533.52
2022,1,31,12,35,2,265172197.03,48973970.0132,39489.6,43329964,44766.8267
2022,1,31,12,40,2,244532256.298,35925444.4875,762191.1467,57962660.9067,31946.56
2022,1,31,12,45,2,233998009.453,36892172.4085,1506513.4933,57274312.1067,29307.3333
2022,1,31,12,50,2,257167012.173,43731673.0404,2836465.8133,61165376.1067,28620.6667
2022,1,31,12,55,2,252387300.431,44282689.6818,1334490.0267,65127830.08,46040.64
2022,1,31,13,0,2,257790881.969,41718381.4773,1115805.6533,60234267.2,136022.72
2022,1,31,13,5,2,241845133.134,45186876.5252,348129.8133,64513169.7067,75494.08
2022,1,31,13,10,2,286374752.197,45267481.2721,29952,60768074.9867,44934.64
2022,1,31,13,15,2,296868197.834,41703770.233,16889.92,54400313.6,56341.3333
2022,1,31,13,20,2,302346397.322,38083198.4572,547.6267,61489284.9067,103600
2022,1,31,13,25,2,323689388.245,38122095.8169,391.1467,57909600.32,28643.92
2022,1,31,13,30,2,343679699.096,36878657.1544,30805.0133,62261440,7426.88
2022,1,31,13,35,2,328218943.975,37982079.0499,945.0667,44794010.2667,54354
2022,1,31,13,40,2,298559561.974,36546584.96,19217.6,41670608,19510
2022,1,31,13,45,2,258134785.462,29821450.1026,23553.7067,42277171.84,147788.6133
2022,1,31,13,50,2,272569215.866,29985104.7616,23608,42286016,158736
2022,1,31,13,55,2,263324047.258,27994913.0236,44714.7733,103096153.387,126813.44
2022,1,31,14,0,2,293729122.927,33479099.6343,1031362,54455757.6,56051.4933
2022,1,31,14,5,2,281553206.596,32993698.3053,1380057.8133,51364761.28,185782.24
2022,1,31,14,10,2,405584822.977,37597922.9132,155912.2667,40202475.3333,22783.7867
2022,1,31,14,15,2,314059628.84,40431050.5268,223564.3733,55155218.24,33967.7333
2022,1,31,14,20,2,318757459.126,44114287.9908,83761.3867,63265542.08,46782.08
2022,1,31,14,25,2,292119597.838,43295799.4848,74523.0933,47971740.6933,39684.6667
2022,1,31,14,30,2,322810222.69,49879050.2066,82633.0667,48841442.88,34971.52
2022,1,31,14,35,2,358646798.15,47479622.7683,601888.5333,50167982.6133,66642.4
2022,1,31,14,40,2,361101351.811,45172992.4229,161439.12,68552072.24,70200
2022,1,31,14,45,2,380846927.488,49438588.8516,138062.96,110623222.4,57405.68
2022,1,31,14,50,2,377002551.595,48400301.6247,170424.7733,65287370.56,44991.2
2022,1,31,14,55,2,414818374.003,49340942.6104,59283.4667,55136973.0667,29448
2022,1,31,15,0,2,384310602.378,47514036.9101,179169.0667,59757108.3467,47862.9067
2022,1,31,15,5,2,373623259.271,48549524.9479,183880,59943512,57520
2022,1,31,15,10,2,364682554.126,51406199.1769,148825.7067,84706793.0667,47494.1333
2022,1,31,15,15,2,383940196.016,53584361.6833,309516.4,62477149.4667,30786.6667
2022,1,31,15,20,2,371578833.378,53416664.0407,1404827.4133,69675619.2,81081.92
2022,1,31,15,25,2,354951754.431,45092257.5065,2283320,51904178.9867,88304.1067
2022,1,31,15,30,2,381557151.129,49122866.0884,444992,57253527.4667,33781.6
2022,1,31,15,35,2,377428843.609,54491871.4488,195619.04,46169890.56,77581.44
2022,1,31,15,40,2,383209002.405,56647539.066,297601.8667,51150695.6,30966.32
2022,1,31,15,45,2,365309447.879,49309412.0353,95496.1333,51955959.7333,29329.4667
2022,1,31,15,50,2,347799010.839,50493533.06,231262.6133,47779159.4667,7578.9333
2022,1,31,15,55,2,346143388.358,53113156.1596,104024.8533,37486216.8533,51676.5867
2022,1,31,16,0,2,334956938.682,50594668.8442,1805.76,34387177.6,56064
2022,1,31,16,5,2,338775871.988,53554557.816,122019.4667,41444293.7333,44803.9733
2022,1,31,16,10,2,324177339.868,49688795.4146,116834.8,45661001.2,42565.8933
2022,1,31,16,15,2,308993258.814,52081316.2815,679238.2933,45305218.1333,42947.52
2022,1,31,16,20,2,312912157.396,49745962.4548,138087.5733,44978347.52,42984
2022,1,31,16,25,2,336545841.175,50476399.7536,217230.2933,46169042.88,11335.3867
2022,1,31,16,30,2,397738796.172,55306899.0012,187608.1067,39505671.7867,14271.12
2022,1,31,16,35,2,376107120.139,51055139.8251,17830.5333,39839326.9333,7038.16
2022,1,31,16,40,2,372236588.578,53525418.9969,66054,41240438.1333,6080
2022,1,31,16,45,2,355580246.892,49072206.4182,70090.2667,44590232.2667,34495.92
2022,1,31,16,50,2,301738044.934,58463856.0367,107990.5333,40794529.4667,7427.2
2022,1,31,16,55,2,296293821.82,46259390.6807,144080.96,45063090.4533,4768
2022,1,31,17,0,2,301323171.233,45905597.4348,51662.5333,48537378.4,39714.56
2022,1,31,17,5,2,304352541.947,44317461.2526,206574.4,46243569.92,38012.16
2022,1,31,17,10,2,315964891.66,47905687.7013,369901.8667,56643728.6667,32596.32
2022,1,31,17,15,2,315683275.76,56268548.2385,50980,52880330.08,31800
2022,1,31,17,20,2,298870783.29,48840933.1501,1016562.9333,67596160.1333,19811.2
2022,1,31,17,25,2,340942755.188,47410173.9678,2469895.04,55162096.8533,8150.4
2022,1,31,17,30,2,361554054.54,48453654.2411,3132805.3333,47451345.3333,17426.32
2022,1,31,17,35,2,384541453.251,50853583.7401,3965700,51651855.0667,6054.2667
2022,1,31,17,40,2,374021483.797,45915895.2997,511135.5733,52835689.6,27595.52
2022,1,31,17,45,2,398205168.27,46949455.0646,106924.9067,50931581.9733,9877.6
2022,1,31,17,50,2,413638642.106,44636882.6572,21494.16,49819792.24,4744
2022,1,31,17,55,2,430331014.787,43358348.9587,122456.64,53780741.44,101594.24
2022,1,31,18,0,2,403874404.109,53254946.8646,86875.4133,42551772.16,22639.3333
2022,1,31,18,5,2,375288385.886,48824569.9748,25716.1333,42322250,30056.32
2022,1,31,18,10,2,352407415.624,46662614.4263,146032.2133,41928811.0933,20956.6667
2022,1,31,18,15,2,342583567.839,45119333.7878,105513.7067,45120422.5067,20008
2022,1,31,18,20,2,366034146.387,45406821.4758,27182,54182812.4,8194.96
2022,1,31,18,25,2,379910767.946,52189195.6111,87648.8,41483828,29918.1867
2022,1,31,18,30,2,408568268.428,43597381.0591,155655.1467,37166107.9467,65092.48
2022,1,31,18,35,2,368478603.763,51261202.0367,77184.64,43967808.4267,68504
2022,1,31,18,40,2,367707134.532,49815588.1403,45998.4,44363968,32494.4
2022,1,31,18,45,2,351100775.21,48732310.3986,38605.0133,43627020.2667,18364
2022,1,31,18,50,2,365777138.026,57782899.3113,322800.4,20770152.16,29040
2022,1,31,18,55,2,360449830.565,54246685.7856,181808.1067,25817071.7867,213880.72
2022,1,31,19,0,2,342614436.006,57981430.7335,63295.2533,28890329.28,61718.08
2022,1,31,19,5,2,350748744.725,52963344.15,34748.48,33424602.24,12487.2
2022,1,31,19,10,2,344150970.92,55653777.9981,261360.9333,31552818.4,8292.2667
2022,1,31,19,15,2,359695087.808,46167766.9591,23608.8533,28563221.3333,17833.44
2022,1,31,19,20,2,341796515.32,49026935.5779,19381.0133,30493953.0667,36357.28
2022,1,31,19,25,2,352523086.925,50628367.6729,58975.92,29107877.76,8702.72
2022,1,31,19,30,2,374488838.647,52020692.7565,29397.12,17746104.64,18467.2
2022,1,31,19,35,2,330232143.897,55449587.6284,614.64,23375841.04,50345.7867
2022,1,31,19,40,2,326459945.066,58436568.4348,75448.8533,28247957.9733,11717.44
2022,1,31,19,45,2,345573641.731,66596919.3111,39687.3333,27400034.1333,19570.56
2022,1,31,19,50,2,345548347.961,67454779.0443,54669.12,32378143.1467,18436.96
2022,1,31,19,55,2,342457999.12,65280656.1351,66514.8,29499887.7333,19073.6
2022,1,31,20,0,2,371930379.347,62593990.1018,91062.9333,25247604.5867,19247.4133
2022,1,31,20,5,2,410282686.269,65107677.2228,38056.7467,33152979.2,45726.08
2022,1,31,20,10,2,427615781.828,63299731.5971,2041204.1333,32810508.2667,26081.6
2022,1,31,20,15,2,403077576.501,56900206.271,870463.7867,42337726.72,29235.44
2022,1,31,20,20,2,470696558.598,55937742.2567,1299454.8267,44068157.0133,123867.52
2022,1,31,20,25,2,432627978.415,58000799.0229,2908363.3067,48413736.4267,68568
2022,1,31,20,30,2,433303003.812,58459737.41,2784265.7067,60586153.4933,23023.4133
2022,1,31,20,35,2,468728154.549,57883189.4626,2894419.6,52953965.7333,53717.6
2022,1,31,20,40,2,505546318.197,61830586.1866,3083944.5333,40307662.4,18239.3333
2022,1,31,20,45,2,496468917.741,61780353.6612,4526610.7733,40975024.32,30469.0133
2022,1,31,20,50,2,495795787.283,64541413.6793,2783814.2933,41499891.9467,20028.9067
2022,1,31,20,55,2,531301634.504,65258724.4864,2932548.2667,52260772.48,9046.4
2022,1,31,21,0,2,523140438.971,58531763.8928,4903002,66736912.8,29886
2022,1,31,21,5,2,508676593.091,54016583.3724,3718572.8,48377393.12,77293.3333
2022,1,31,21,10,2,526300191.74,49510546.9411,4988542.4,61464907.4133,184205.3333
2022,1,31,21,15,2,526563875.808,48787948.7456,5657792.5333,66279690.6667,68977.2533
2022,1,31,21,20,2,533145276.943,49177711.6305,3096451.7333,64098142.4,56436.72
2022,1,31,21,25,2,535447970.395,49609131.6416,2147257.6,84216335.6,45103.4667
2022,1,31,21,30,2,579891623.442,47607115.4407,2203282.6667,80922544.6667,43640
2022,1,31,21,35,2,573366456.89,46830090.3628,2276561.6,96643351.36,113953.68
2022,1,31,21,40,2,564593644.196,47433813.8112,2479731.52,83512227.9467,27924.0267
2022,1,31,21,45,2,531551578.129,47642945.9716,1672410.6667,81352618.9867,30078.88
2022,1,31,21,50,2,568140764.899,52552121.6076,1661464,81325872,31288
2022,1,31,21,55,2,545186795.152,50962470.5733,2985416.1333,119248287.2,27164.72
2022,1,31,22,0,2,548910764.512,49838012.4467,2133696.2667,106933696,23954.6667
2022,1,31,22,5,2,531775827.372,52095411.618,1564453.0667,110598718.667,16995.4133
2022,1,31,22,10,2,566052260.461,51274749.933,2114914.3467,106056210.987,11867.8667
2022,1,31,22,15,2,560718495.034,48110863.3509,1755992.5333,101866156.8,28648.64
2022,1,31,22,20,2,545300923.773,51306010.3981,1486484,107754484.4,40907.3333
2022,1,31,22,25,2,534861136.364,55735837.8524,1481557.9733,111291018.453,15152.08
2022,1,31,22,30,2,542488212.214,57702322.8198,1639892.2667,127155796.4,39915.2
2022,1,31,22,35,2,512661289.947,58117842.1797,1609937.0667,103122651.307,44577.3333
2022,1,31,22,40,2,508877601.442,54335433.8233,1931415.7333,113610088.8,38195.84
2022,1,31,22,45,2,490715093.083,47688494.205,1781851.4667,96637584.6667,40591.2
2022,1,31,22,50,2,503502495.966,52341625.7688,1375738.4,98224307.68,36151.4667
2022,1,31,22,55,2,440786996.293,49581175.4889,2522779.0667,100172107.867,111953.44
2022,1,31,23,0,2,482336484.679,50497720.9933,3027245.6,76189222.1333,42453.12
2022,1,31,23,5,2,442328587.249,52781402.4087,3548514.88,75861527.7867,41235.6267
2022,1,31,23,10,2,424467680.823,56893465.9417,4013079.7867,74947478.5067,10062.64
2022,1,31,23,15,2,427514450.861,50669729.2658,3426372.0533,75380738.0267,29765.6
2022,1,31,23,20,2,439195502.536,50672706.8304,3583954.24,66352437.44,32992
2022,1,31,23,25,2,410731392.529,51938704.2585,2878034.6667,77760942.2667,22411.2
2022,1,31,23,30,2,398162695.742,51682381.4111,2484784,52697148.9067,5260.9867
2022,1,31,23,35,2,367727942.866,53799438.2144,2348208,44638274.9867,3992
2022,1,31,23,40,2,355512574.337,50083201.9541,2617962.6667,47902487.68,14545.92
2022,1,31,23,45,2,370995352.935,49726746.8466,2335553.92,39843354.3467,15922.6667
2022,1,31,23,55,2,371058685.471,44586383.2611,612445.4667,42303845.0667,31748.3733
2022,2,1,0,0,3,368609418.806,47363347.5247,8051.2,54393727.8933,18335.3867
2022,2,1,0,5,3,335239003.379,46816976.6487,555.7333,40847817.2,18063.68
2022,2,1,0,10,3,350025953.585,47101820.0181,104483.6267,44652864.4267,22740.3467
2022,2,1,0,15,3,342374126.908,54834459.6818,1719.68,48036689.92,67674.1333
2022,2,1,0,20,3,290906720.903,58040188.0487,19319.1467,38129986.3467,9853.6533
2022,2,1,0,25,3,313770693.246,55398326.1383,537.28,28079054.08,37026.9867
2022,2,1,0,30,3,289773519.192,55502104.7255,97020.6933,30600025.92,8122.0267
2022,2,1,0,35,3,288540634.747,43763748.6817,17262,22691656.2667,2696
2022,2,1,0,40,3,280763010.145,51567217.4531,590.72,28582960.2133,15673.4933
2022,2,1,0,45,3,267822099.531,53024186.1705,17313.0667,20229028.2667,17904
2022,2,1,0,50,3,269993409.368,53203625.4965,17165.8667,25145319.5733,4180.4533
2022,2,1,0,55,3,240918101.068,52835335.5908,505.0667,18477848.8533,11966.9867
2022,2,1,1,0,3,239908659.781,52102054.6893,374.72,18779138.4533,12912
2022,2,1,1,5,3,225922175.943,49315987.5669,431.0667,19449857.7333,17809.36
2022,2,1,1,10,3,213466637.638,50360175.7417,258.3467,18080221.0133,13483.52
2022,2,1,1,15,3,202864562.278,45797260.8757,263.8933,17060251.2,46817.6
2022,2,1,1,20,3,177558447.301,50176482.6048,445.5467,16870438.1867,15658.08
2022,2,1,1,25,3,161308776.412,54687201.8496,424.32,7680808,3205.6
2022,2,1,1,30,3,160416868.859,58002563.3038,266.1333,4521693.0133,15292.16
2022,2,1,1,35,3,136069903.669,55500944.5109,413.9733,11320300.6933,13200.96
2022,2,1,1,40,3,124481715.267,44820066.0926,431.7867,6955765.2267,2446.72
2022,2,1,1,45,3,122597424.257,45193697.2398,282.5333,6209428.9333,24664.6667
2022,2,1,1,50,3,120566613.14,46713676.9833,587.84,9898407.7867,3068.2667
2022,2,1,1,55,3,114382939.949,42864027.1708,592,9948416,1376
2022,2,1,2,0,3,105291194.655,43454472.9321,58536.96,28698658.3467,26127.68
2022,2,1,2,5,3,123064255.021,43636384.49,981.28,14375335.44,13280.96
2022,2,1,2,10,3,157902545.704,38392230.8004,13258.1333,11506056.32,12092.6933
2022,2,1,2,15,3,160342422.162,41814040.1823,565.8667,12409075.9467,26573.6533
2022,2,1,2,20,3,158438357.032,36470273.1689,25785.6,12868319.4667,27720
2022,2,1,2,25,3,153091649.286,36631772.2854,728.4267,13402854.8267,14963.2267
2022,2,1,2,30,3,133070715.267,39767020.6021,16154.88,9746395.84,23800.8
2022,2,1,2,35,3,91461512.0682,44483721.3362,540.2667,9601056.2667,24584
2022,2,1,2,40,3,99751432.8164,44242740.3582,414.08,8710816.32,1884.7733
2022,2,1,2,45,3,123913166.647,50870943.611,234.4533,17395524.8,12781.92
2022,2,1,2,50,3,124963137.895,41045674.9934,421.44,26244803.3067,13744
2022,2,1,2,55,3,136524908.327,46835374.9223,1481.7067,14829069.2267,1579.6
2022,2,1,3,0,3,101548976.518,45922081.3984,20913.6,10065885.12,24601.6533
2022,2,1,3,5,3,106896417.88,43245669.5812,748.0533,18039653.0133,2038.7467
2022,2,1,3,10,3,98603612.2025,40310738.5169,290.4533,12257563.84,13288.4
2022,2,1,3,15,3,96090403.8734,53256710.0692,398.1333,12938603.7333,1746.56
2022,2,1,3,20,3,120859108.008,57589131.6738,257.92,12922622.1867,10418.3467
2022,2,1,3,25,3,99450437.4046,42569007.5907,429.6533,11261932.48,11584
2022,2,1,3,30,3,119946979.385,36862481.6876,282.5333,14837095.7333,14590.64
2022,2,1,3,35,3,107666684.796,36656750.6797,14661.6533,8861953.1733,12302.6667
2022,2,1,3,40,3,119361420.988,39841422.3456,521.7067,9692450.7733,12088
2022,2,1,3,45,3,91866840.0537,37956892.6507,462.1867,11627015.7867,14675.2533
2022,2,1,3,50,3,94081082.6112,39706416.5259,930859.0933,10224448.64,12411.36
2022,2,1,3,55,3,94086875.8807,41461067.7597,439497.92,9208523.84,12216
2022,2,1,4,0,3,107457709.367,40278854.1267,21725.4667,10791934.2667,44656.7467
2022,2,1,4,5,3,101690159.759,46061208.328,647.2,11979341.2,4735.7333
2022,2,1,4,10,3,90176659.6368,43336577.7511,297.4933,12075762.7733,1294.9333
2022,2,1,4,15,3,81185740.4164,44079781.691,398.6133,10010846.2933,13715.3333
2022,2,1,4,20,3,76785958.8722,41967985.8023,447.36,12420239.36,1187.2
2022,2,1,4,25,3,77512788.6631,41722379.9836,376.96,10199992.4267,13626.9333
2022,2,1,4,30,3,78192079.7764,40461824.2651,360.2133,10607529.28,14920
2022,2,1,4,35,3,68396092.2842,38760621.6793,470.1333,12584118.8,1293.0667
2022,2,1,4,40,3,61292916.1431,38262333.7298,259.6,7315583.3333,1192.4
2022,2,1,4,45,3,74126344.4016,35626026.0163,405.4667,5837906.2667,23731.1467
2022,2,1,4,50,3,71735509.1107,39706770.5001,471.1467,8019702.4,65649.8933
2022,2,1,4,55,3,57374753.6246,31160497.4127,376.96,9253431.12,16215.3067
2022,2,1,5,0,3,59102425.2034,37819370.6233,407.5733,5986922.3467,22085.8667
2022,2,1,5,5,3,70330485.0386,44344274.4615,518.5067,3838237.5467,22920
2022,2,1,5,10,3,78564184.3428,38511693.2841,306.88,10686250.9867,2533.3333
2022,2,1,5,15,3,142479971.878,38484272.4419,382.6667,12483426.4,52.1333
2022,2,1,5,20,3,138157941.12,48929691.4317,226.1333,11081045.44,11976.5333
2022,2,1,5,25,3,142525707.204,42749361.5753,467.8667,7291690.5333,12832
2022,2,1,5,30,3,85530810.3317,50221096.2988,456.2133,12818008.5333,24596.48
2022,2,1,5,35,3,84943173.5929,42059911.5509,566.5067,10953544.32,2922.64
2022,2,1,5,40,3,55495582.3733,35619555.0795,425.92,9614445.6533,13207.36
2022,2,1,5,45,3,54927909.4165,40477092.7655,392.4267,8930175.1467,12361.4933
2022,2,1,5,50,3,61451538.9479,33725970.6176,265.7067,5443404.8,38644.9867
2022,2,1,5,55,3,70767062.4391,32663964.3545,264,5396408,40432
2022,2,1,6,0,3,63719491.9822,26536951.3991,682.3467,10162915.7333,13581.04
2022,2,1,6,5,3,74521007.3477,42357774.6333,411.7333,3219839.7867,11560
2022,2,1,6,10,3,62917372.6216,33043570.2241,360.8,6939258,34134.88
2022,2,1,6,15,3,68669401.6586,35033278.5447,407.2,5565192.9333,15946.2933
2022,2,1,6,20,3,62477126.2368,42139896.1294,226.4533,4437209.4933,14208
2022,2,1,6,25,3,73808098.8166,43681756.2271,529.76,5661674.56,41737.84
2022,2,1,6,30,3,101861479.464,39958482.6938,284.2667,5164786.5333,6241.6
2022,2,1,6,35,3,116266247.422,37749620.3075,460.9333,4748969.7333,66521.0667
2022,2,1,6,40,3,94634306.1181,37451565.2795,28359.04,6663451.4133,11041.0933
2022,2,1,6,45,3,112598079.39,45130975.0349,29829.4667,5615568.8,11787.52
2022,2,1,6,50,3,119395191.502,36657890.5964,713.7067,2463714.6667,11724.8533
2022,2,1,6,55,3,106763967.7,35292334.8171,454.1867,7510823.5733,12204.48
2022,2,1,7,0,3,97438838.3016,24632085.7056,337.6,5555417.8133,12256
2022,2,1,7,5,3,113358703.834,25751187.0648,485.4667,5147663.4667,26981.3333
2022,2,1,7,10,3,109061666.964,27406328.1206,11380.8,12263070.72,27163.52
2022,2,1,7,15,3,110802906.521,35679743.2508,14890.56,19925316.6933,27072
2022,2,1,7,20,3,112405154.829,26104387.6355,21818.9867,21271028.3733,15835.04
2022,2,1,7,25,3,123559686.323,27083646.4058,884.4,23860106.1333,3182.0267
2022,2,1,7,30,3,126240504.362,28849135.4346,385.92,20018013.3333,14239.7867
2022,2,1,7,35,3,169357059.745,34369832.1326,273.4933,15107536.2133,1994.48
2022,2,1,7,40,3,192936607.34,32220416.3577,279.8933,23642361.3867,10855.28
2022,2,1,7,45,3,173233857.044,30182342.1554,469.44,24048632.4267,1500.16
2022,2,1,7,50,3,184205858.28,35317588.7296,377.28,18481926.72,680
2022,2,1,7,55,3,172081204.992,30029891.8141,446.56,22776460.16,13620.1067
2022,2,1,8,0,3,153241686.223,24065786.0583,19068.3733,17199986.88,12392.8
2022,2,1,8,5,3,142140959.487,24358531.6626,636.48,19063415.8933,113496.32
2022,2,1,8,10,3,167787873.278,25332741.5495,102705.28,20768275.6267,24613.68
2022,2,1,8,15,3,172385873.785,29202135.4279,162127.68,16166437.5467,4994.7733
2022,2,1,8,20,3,192804606.656,34366651.9605,18353.4933,26840534.9333,17294.1067
2022,2,1,8,25,3,201317990.316,39646540.7666,88868.6933,34576161.1733,54600.8267
2022,2,1,8,30,3,225133073.562,37658898.2976,77187.0933,33237121.28,29340.96
2022,2,1,8,35,3,210910379.326,40509504.4822,63384.2133,22986514.4533,7290.88
2022,2,1,8,40,3,234625950.517,42726999.0415,30372.4,23425519.8667,39619.8133
2022,2,1,8,45,3,223747218.593,40915582.7369,25411.52,12722977.1733,6144
2022,2,1,8,50,3,211837189.546,37329183.7429,45566.8267,11359777.3867,45114.8
2022,2,1,8,55,3,212759344.121,39508011.2427,35026.1333,8613970.9867,12547.36
2022,2,1,9,0,3,163018682.196,39781088.1939,851.84,5747549.0133,20583.2
2022,2,1,9,5,3,154815661.582,42443191.1835,305.4667,4643441.6,9147.5733
2022,2,1,9,10,3,154886272.147,44712284.6109,19611.0933,5204107.3067,17016.7467
2022,2,1,9,15,3,166751890.47,37211108.6404,833.6,4913924.48,17736
2022,2,1,9,20,3,182327367.639,35441839.0743,59694.2133,14928305.12,84307.2
2022,2,1,9,25,3,217565624.584,35242885.2724,3423.2,4167690,121003.2
2022,2,1,9,30,3,213396231.224,37808720.8614,320,3577448,125528
2022,2,1,9,35,3,224670084.024,38826323.9193,20242.7733,13025657.4933,47512
2022,2,1,9,40,3,188745667.621,38316891.3987,13786.88,7726156.2667,5469.84
2022,2,1,9,45,3,224481800.667,38429573.8556,17786.6667,9693657.4667,19268.2133
2022,2,1,9,50,3,231612335.958,40396954.4337,106103.4667,23877024.32,26063.6
2022,2,1,9,55,3,225873010.3,39153842.6037,107296,24068224,26696
2022,2,1,10,0,3,213751117.55,37588182.2161,37376.8533,44079876.2667,19594.0267
2022,2,1,10,5,3,226123878.336,41133390.3806,1047.7333,9114284.6667,19032
2022,2,1,10,10,3,210828916.24,46418153.7515,503.0667,7389377.3333,43928.6667
2022,2,1,10,15,3,241886318.288,45941408.6662,24239.2533,7135224.2133,33010.24
2022,2,1,10,20,3,243258248.261,40573455.4862,1108.9067,12397990.6133,17681.6
2022,2,1,10,25,3,224905542.678,41174324.1282,56723.04,15227244.48,16504
2022,2,1,10,30,3,255943548.161,40603257.1693,20007.8667,13284299.4667,5736.32
2022,2,1,10,35,3,254006262.334,43889849.803,41745.7067,11733884.16,3562.4
2022,2,1,10,40,3,244037643.815,47085290.5252,31439.36,18850307.0933,17866.3467
2022,2,1,10,45,3,246528414.576,51920317.0441,17506.3467,16187676.8,5944
2022,2,1,10,50,3,236495421.997,48117409.3256,961455.28,13373030.16,4778.3467
2022,2,1,10,55,3,254517250.267,47762328.8751,596067.12,11703706.48,29417.92
2022,2,1,11,0,3,227271750.323,50430450.0263,27922.4533,19869152.1067,16823.6533
2022,2,1,11,5,3,283737895.594,43446520.0277,13073.6,16495847.36,4443.52
2022,2,1,11,10,3,336954553.286,42363216.7374,39623.8933,17498005.12,34867.4667
2022,2,1,11,15,3,342229854.475,41228221.4044,848.8533,23576639.8933,6167.68
2022,2,1,11,20,3,326254874.716,45290893.7412,406.8267,24157166.5067,17165.6533
2022,2,1,11,25,3,326010146.701,44100126.3115,352.7467,29167866.88,5240
2022,2,1,11,30,3,331591016.787,40944171.5356,52890.0267,25406471.4667,4118.6667
2022,2,1,11,35,3,358004366.71,42571129.1286,998.8267,26992444.6933,46616.6667
2022,2,1,11,40,3,365563079.376,41983776.4718,33178.5333,31204441.3333,242466.8533
2022,2,1,11,45,3,289369321.023,53075602.2599,954.9867,19949461.9733,232728.2133
2022,2,1,11,50,3,309379653.915,40994645.0884,330.4533,20808325.44,58610.6667
2022,2,1,11,55,3,325146911.797,39178625.9026,453.8667,27541651.6,59913.52
2022,2,1,12,0,3,386914792.496,44653721.0836,353.7333,32615744.8,114125.3333
2022,2,1,12,5,3,375118342.364,43751747.3524,89394.8,68067963.8667,47205.8133
2022,2,1,12,10,3,335693198.678,41428784.116,64818.1333,66216689.8667,204002.4
2022,2,1,12,15,3,305929590.486,39572198.297,20702.1867,67177668.48,292772.8
2022,2,1,12,20,3,355498058.207,45505495.8125,591.7867,57821671.4667,114824.24
2022,2,1,12,25,3,332726464.501,47938937.4814,22741.6,55213775.44,83203.84
2022,2,1,12,30,3,353494418.046,48937862.6909,31792.7467,61574963.3067,287616.8
2022,2,1,12,35,3,331593020.926,46510856.9369,79717.7333,62968656.8,75754.5067
2022,2,1,12,40,3,320831460.176,40175383.1902,775296.2667,54173816.6667,51094
2022,2,1,12,45,3,331200000.936,39442516.3216,276234.2667,43011137.0667,41647.76
2022,2,1,12,50,3,283646421.941,36729309.4279,4009.7067,52090140.2667,40641.3867
2022,2,1,12,55,3,282217663.547,38378323.0428,29566.5067,41282288.1067,21529.28
2022,2,1,13,0,3,267503788.683,39131376.3375,337932.1333,35799583.0667,8820.8
2022,2,1,13,5,3,279292394.638,42051177.7102,171902.5333,31148090.2667,52639.12
2022,2,1,13,10,3,290123232.676,38690953.0461,47696,42068761.6,15342.64
2022,2,1,13,15,3,285707080.823,33587965.189,51690.88,48072859.44,11624
2022,2,1,13,20,3,305386556.948,29781254.9635,1185.0667,54636161.6,91902.9867
2022,2,1,13,25,3,300925570.631,31688917.2732,16911.8933,52321939.0933,98256
2022,2,1,13,30,3,289734632.186,29756861.9417,68040.1067,50985078.9333,13925.12
2022,2,1,13,35,3,316310757.799,31775717.8713,1405.76,30170093.44,16490.1333
2022,2,1,13,40,3,356569859.788,35676049.3395,63854.1333,38085689.8667,17672
2022,2,1,13,45,3,337255185.049,36058716.8198,42591.84,68997062.88,14810.96
2022,2,1,13,50,3,313326703.446,37079005.0598,16127.4667,48144028.3733,62847.7867
2022,2,1,13,55,3,334257733.575,33657801.3027,15776,47853744,13230.9333
2022,2,1,14,0,3,367045450.666,40984456.0845,169860.4,64598219.3333,7056
2022,2,1,14,5,3,373653723.772,40537393.0092,48564.1333,61792524.4,31894.0533
2022,2,1,14,10,3,353779441.535,37020939.1869,64263.4667,38415652.0533,20251.4133
2022,2,1,14,15,3,359173840.308,38674427.8649,25487.2533,37635088.7467,129482
2022,2,1,14,20,3,411678782.577,39741382.0132,743466.4533,48466157.2267,25873.6
2022,2,1,14,25,3,425138644.402,41026999.6787,1763704.2133,43309187.84,196880.72
2022,2,1,14,30,3,426089733.878,44229268.2802,2620407.0667,59180429.2,223278.6667
2022,2,1,14,35,3,423086692.164,41595213.6294,659760.32,48258580.16,41382.6133
2022,2,1,14,40,3,409990318.316,42540983.2426,164231.76,41503544.96,41083.36
2022,2,1,14,45,3,436387849.568,41560995.7876,522455.1467,43672595.0933,29038.64
2022,2,1,14,50,3,435088568.814,45099818.0336,26355.6,63872768.2667,30333.52
2022,2,1,14,55,3,431179154.249,45339596.3475,696169.7067,60585466.7733,6973.3333
2022,2,1,15,0,3,464853372.8,52963379.8729,96259.3333,58647708.1333,4824
2022,2,1,15,5,3,469233593.957,50161924.1809,35093.7333,65851542.5333,3159738.9333
2022,2,1,15,10,3,450172091.828,45281912.6982,22699.36,49949263.2,657934.4
2022,2,1,15,15,3,467675378.587,50854720.7892,42339.4133,59542857.3867,33946.24
2022,2,1,15,20,3,476347439.419,56786251.8553,92714.88,48815227.6267,117955.2
2022,2,1,15,25,3,470981636.836,57144687.2897,84180.48,38795324.5867,130432
2022,2,1,15,30,3,489500324.5,56239036.1483,18668.2667,40099450.8,155711.6267
2022,2,1,15,35,3,465517998.737,52806519.4686,125240.8533,39522714.9867,49841.6
2022,2,1,15,40,3,462477358.273,48702370.2032,22981.8667,37203750.8,6849.6533
2022,2,1,15,45,3,463459386.608,55295523.5086,90434.9333,26855340.9333,16074.48
2022,2,1,15,50,3,441503932.268,51377092.942,83414.72,18270971.7333,17552
2022,2,1,15,55,3,443776638.851,51915307.8579,230672.48,28801876.32,75535.1467
2022,2,1,16,0,3,415211023.207,52578151.3346,233680,29019112,81504
2022,2,1,16,5,3,430425105.886,50766193.8911,220267.3333,61893652.4,286792.1067
2022,2,1,16,10,3,416053989.342,54805090.6182,12074.3467,23838445.2267,178881.92
2022,2,1,16,15,3,429028734.492,56230518.5857,204032,34542160,158144
2022,2,1,16,20,3,442274362.787,50397257.1333,3774.8,35833673.0667,67424
2022,2,1,16,25,3,470148719.795,44031453.2694,11702.4,34117824.2133,21520.96
2022,2,1,16,30,3,479251390.684,46279679.6498,813.2267,41938628.5867,4000.1333
2022,2,1,16,35,3,451867624.643,49185227.2807,640.32,49083583.04,289643.0933
2022,2,1,16,40,3,427306805.058,42513726.5746,76431.7867,41391480.7467,66489.5467
2022,2,1,16,45,3,416049927.302,42007169.7668,2003.6267,41556744.64,21778.56
2022,2,1,16,50,3,401181294.475,50345130.6937,44286.8267,37491386.6667,65544.08
2022,2,1,16,55,3,412600437.421,46001703.0055,146767.04,42012189.0133,34097.6
2022,2,1,17,0,3,405228222.324,40799033.6967,271398.4,36652132.8,21338.2667
2022,2,1,17,5,3,398356636.927,40158218.2592,238980.5867,33103958.1867,16815.0933
2022,2,1,17,10,3,426112294.788,42043276.8103,300585.28,38703432.8533,22628.8
2022,2,1,17,15,3,406783872.941,45058618.7297,256984.5333,48588939.2,18018.88
2022,2,1,17,20,3,410237230.766,39417755.5896,429584.4,43287753.3333,29182.8267
2022,2,1,17,25,3,430571047.738,40800320.1368,232810.7733,32466074.3467,6951.2
2022,2,1,17,30,3,413628561.497,43293330.7684,403418.0267,54383696.5333,30691.84
2022,2,1,17,35,3,416573346.147,45109768.4183,164946.56,41891515.04,33008
2022,2,1,17,40,3,401660035.88,44388958.2573,221069.4667,57719536.2667,37550.72
2022,2,1,17,45,3,386544694.573,45782491.7819,200113.1733,42095034.9867,24896.0533
2022,2,1,17,50,3,391585633.541,47124768.667,158802.24,49228861.8667,8741.5467
2022,2,1,17,55,3,405717964.658,50417393.9925,197091.0933,45017965.9733,6152
2022,2,1,18,0,3,426382845.179,54230696.976,132693.3333,55654807.7867,127345.1733
2022,2,1,18,5,3,434457524.266,54544163.1623,222984,46737386.7733,136936
2022,2,1,18,10,3,415206261.729,49526138.3445,379619.9467,63891871.7867,50976.24
2022,2,1,18,15,3,380928970.453,50251603.4329,179405.0667,48275930.1333,19345.3333
2022,2,1,18,20,3,407178695.445,54162940.4658,502349.5467,46198933.3333,58831.9467
2022,2,1,18,25,3,425355454.561,53058686.5754,760720.1067,46638071.4667,62768
2022,2,1,18,30,3,451613919.552,53876333.9487,347407.4667,66185608,28069.76
2022,2,1,18,35,3,466451825.145,53207525.6338,255553.8133,58046732.5867,32337.92
2022,2,1,18,40,3,418195125.843,55012785.6613,222250.56,58698975.1467,23396.0533
2022,2,1,18,45,3,438981058.666,55904098.2214,256626,53559564.2667,33493.6
2022,2,1,18,50,3,456416908.569,49456531.6767,1429636.48,49822939.4133,11039.3333
2022,2,1,18,55,3,411404186.026,54024090.125,1266498.6667,50155132.48,27871.0933
2022,2,1,19,0,3,413847936.206,57188523.0706,298438.8,61872480.2667,39333.2
2022,2,1,19,5,3,393468310.908,54232224.6213,113843.3333,37711803.6,22160.88
2022,2,1,19,10,3,394060306.034,49404096.1042,61856.8,28690993.3333,45686.6133
2022,2,1,19,15,3,409228933.457,51410348.5539,676112,31366915.3067,278098.88
2022,2,1,19,20,3,372522402.386,46011829.2153,334244.16,46030613.2267,92602.2667
2022,2,1,19,25,3,382692175.962,52406301.6882,94053.8667,53217660.5867,54527.0667
2022,2,1,19,30,3,352111544.946,47844093.2245,93413.6533,55752675.4133,52776
2022,2,1,19,35,3,366769484.393,44652391.8244,93771.6267,56947412.5867,31531.9467
2022,2,1,19,40,3,362042043.005,49628847.0137,71769.3867,44531530.3467,61178.2933
2022,2,1,19,45,3,365036887.968,48568656.1629,645830.4,62353634.56,27464.6933
2022,2,1,19,50,3,370286266.321,44754348.1574,1208269.2,60740533.6,33356
2022,2,1,19,55,3,379880488.496,41632808.0812,147458.9867,60176488.8533,36292.8533
2022,2,1,20,0,3,355136510.392,46048076.5639,80786.24,60509133.2267,41927.68
2022,2,1,20,5,3,406752396.986,53250731.3613,166377.8133,42541499.9467,42400
2022,2,1,20,10,3,420589382.315,51124721.8588,231405.6,52077496.5333,11059.12
2022,2,1,20,15,3,402439251.379,47321270.7212,665887.2533,44158027.6267,45781.44
2022,2,1,20,20,3,435937297.122,49822075.5784,239615.5733,52664301.8667,49208
2022,2,1,20,25,3,411329164.579,49655472.5206,212473.0667,70666326.2667,27201.6
2022,2,1,20,30,3,474676885.853,50805129.6959,1334543.7333,61401119.4667,41568.2133
2022,2,1,20,35,3,504636802.897,49760894.1694,1407242.6667,68005101.44,83790.08
2022,2,1,20,40,3,515825569.466,58501755.824,1069182.1333,59948604.5333,25604.6667
2022,2,1,20,45,3,494238326.716,56704931.3323,1058972.3733,57534145.6,22333.36
2022,2,1,20,50,3,452156296.918,56287209.3716,1352079.0667,57947386.5333,19042.9867
2022,2,1,20,55,3,428047958.766,50654936.4269,1632280.64,67537063.4667,13448.48
2022,2,1,21,0,3,411987269.565,44404336.7892,326341.6,67083065.6,19254.5067
2022,2,1,21,5,3,427202512.884,40295384.4623,262678.8,64838436.9333,36184.64
2022,2,1,21,10,3,455092105.066,51433263.9994,155226.56,67469674.88,41646.9333
2022,2,1,21,15,3,520271309.242,53834812.9083,304696.64,72240867.84,59742.72
2022,2,1,21,20,3,500931577.994,49646200.5489,92802,74477849.6,88481.3333
2022,2,1,21,25,3,486967450.853,47519860.707,59978.56,87342570.1333,207432.96
2022,2,1,21,30,3,455505748.964,44943468.0736,1410883.2,83228553.3867,23893.4933
2022,2,1,21,35,3,496985227.067,52498609.1484,411859.0933,97217307.84,8568
2022,2,1,21,40,3,508236053.082,53364983.1978,1322539.7333,98086736.1067,21593.52
2022,2,1,21,45,3,500666726.369,53476154.5515,1437015.4667,88984707.3333,9503.68
2022,2,1,21,50,3,517676020.492,50451797.3771,1012567.1467,70311849.0667,33779.04
2022,2,1,21,55,3,556206906.355,49581402.2905,1006808,70061600,99837.44
2022,2,1,22,0,3,498287701.816,46273688.2754,260359.1467,140868446.72,105408
2022,2,1,22,5,3,473131527.986,43654492.3775,237520.1333,89199852.6667,48686.4
2022,2,1,22,10,3,443747412.248,41927011.3361,155010.8,68103188.6667,31734.08
2022,2,1,22,15,3,466053296.513,41382353.8601,112586.4533,89577372.5867,24583.3067
2022,2,1,22,20,3,439649616.69,46576113.5616,2315.6,117005741.333,45172.8
2022,2,1,22,25,3,440354104.032,55360770.8711,199482.6667,99265115.3333,28764.6933
2022,2,1,22,30,3,430854859.424,56143338.0276,78845.8667,97415064.2667,8134.6667
2022,2,1,22,35,3,467966899.239,52622965.0519,167296.32,90198622.4,26502.4
2022,2,1,22,40,3,458025267.137,43609880.8774,107883.7333,99604334.2667,30120
2022,2,1,22,45,3,467221744.256,49677704.6962,32830.6667,122526774,32337.6
2022,2,1,22,50,3,448425556.038,41259676.1371,210257.3867,92072288.4267,20443.2
2022,2,1,22,55,3,438703604.511,40471036.0156,440402.56,87928327.5733,18090.6667
2022,2,1,23,0,3,431339503.761,38191311.1032,21747.0933,91615090.24,9067.44
2022,2,1,23,5,3,400705648.333,35090083.3243,217943.68,85466174.72,54092.1333
2022,2,1,23,10,3,375114791.639,35848229.877,20042.0267,82608909.9733,22638.4
2022,2,1,23,15,3,378439550.471,41088975.5026,721.2,81387579.0667,6864.6667
2022,2,1,23,20,3,379811470.557,42218083.938,321.6,78836846.08,32219.1467
2022,2,1,23,25,3,393291790.952,39282375.5741,30354.1333,77318653.9733,27080.88
2022,2,1,23,30,3,380356964.364,33524871.3617,95856.6667,82594896.2667,60377.28
2022,2,1,23,35,3,351444141.527,33031532.4409,390126.2933,75887730.4533,18910.64
2022,2,1,23,40,3,344012949.356,32816833.9113,188500.5333,70547499.6,19578.6133
2022,2,1,23,45,3,336942411.827,30759933.0758,16769.6,74269476.9067,6338.4
2022,2,1,23,55,3,306707699.108,30968880.5691,1800.1067,88121016.5333,17197.3333
2022,2,2,0,0,4,285714675.15,31221035.1078,370.4,78047366.56,41129.76
2022,2,2,0,5,4,271254003.748,33784245.842,121775.36,69612164.9067,43128
2022,2,2,0,10,4,266502215.083,31947342.0128,1937.6,66430658.88,28027.04
2022,2,2,0,15,4,272560541.917,28866455.6793,398.6133,67463466.4533,26832
2022,2,2,0,20,4,265675908.9,28975481.3512,50680.5333,77952184.7467,29389.6
2022,2,2,0,25,4,281509271.668,34973110.1962,20234.4,66012488.72,14031.4133
2022,2,2,0,30,4,316194401.634,39738895.1777,502.4,60949963.4133,17955.8933
2022,2,2,0,35,4,265689390.228,55859312.3319,296139.12,68776002.72,25581.8667
2022,2,2,0,40,4,241857450.022,50025560.0634,47109.6533,69322539.7333,5775.28
2022,2,2,0,45,4,262799012.898,37582950.9767,1016.8533,66517834.6667,4066.24
2022,2,2,0,50,4,202538962.643,30798733.8106,282.1333,62594465.1733,4064
2022,2,2,0,55,4,253571054.289,29534477.1062,10003.2,42758095.7333,12137.92
2022,2,2,1,0,4,240521048.117,36222597.3991,407151.4667,30502895.8667,38360
2022,2,2,1,5,4,187793764.775,40992016.2327,39301.8667,36468477.8667,8474.4
2022,2,2,1,10,4,206058152.709,46055551.6259,851.2,36797740.8,4252.9333
2022,2,2,1,15,4,219030520.687,26587600.5013,16023.2,31592142.8,16942.48
2022,2,2,1,20,4,206774584.706,35327648.9564,35855.5733,25957850.0267,24942.24
2022,2,2,1,25,4,192704728,39272216.8452,598.8,21952849.52,27918.4
2022,2,2,1,30,4,201722283.976,41278084.5017,334.72,12838920.7467,14831.6
2022,2,2,1,35,4,183737992.125,34970017.4344,150104.1067,18035344.96,13832
2022,2,2,1,40,4,177910261.737,37260538.6219,2944.5333,7803259.4667,23861.12
2022,2,2,1,45,4,159645366.4,38000312.7996,266.5333,7470747.7333,16982
2022,2,2,1,50,4,143521029.562,37843774.9877,21354.5333,5384490.9333,15406.3467
2022,2,2,1,55,4,125765179.327,43278873.829,21712,5349176,15312
2022,2,2,2,0,4,134989706.194,47343006.7371,684.16,8938416.7467,19300.8
2022,2,2,2,5,4,159347070.998,53668228.2243,273.7067,7620584,25352
2022,2,2,2,10,4,126178562.598,50765137.4705,414.56,12881631.6,13565.8133
2022,2,2,2,15,4,119585371.987,38244155.627,25469.44,13086796.16,12544
2022,2,2,2,20,4,101094090.443,148932600.592,854.9333,15187863.4667,50157.7067
2022,2,2,2,25,4,132501520.167,39033354.6993,258.3467,12039648.2133,56112
2022,2,2,2,30,4,112939133.579,33743004.3078,610,8870780.4,28300.16
2022,2,2,2,35,4,105538676.921,32921225.4039,245.0133,9183348.16,2665.6
2022,2,2,2,40,4,96959553.1479,36963612.2787,429.44,9353826.9867,24349.44
2022,2,2,2,45,4,91805813.8868,37993794.6898,289.44,7701916.56,13306.24
2022,2,2,2,50,4,102907313.532,38376650.5005,343.2533,7617175.36,12128
2022,2,2,2,55,4,109944262.33,44327267.597,99810.1333,7460212.8,25747.2
2022,2,2,3,0,4,123760599.714,38847346.5902,16982.08,12788385.92,12765.12
2022,2,2,3,5,4,97973616.3189,34333253.5783,605.8667,13104643.7333,1597.3333
2022,2,2,3,10,4,107197600.006,28440215.5332,10566.6133,8903725.76,13275.84
2022,2,2,3,15,4,113129141.867,37668842.5273,387.4133,7683237.3333,12270.4
2022,2,2,3,20,4,104882252.686,51052331.1353,469.0133,5421511.36,14716
2022,2,2,3,25,4,89706013.3341,49999215.7599,243.8667,8893344.9333,11695.68
2022,2,2,3,30,4,100854124.229,35891036.9551,263.68,12423899.9467,926.9333
2022,2,2,3,35,4,114640915.04,34437377.0478,335.04,6819362.88,10738.6133
2022,2,2,3,40,4,109682837.936,41923326.2023,20345.6,4990395.7333,2117.1733
2022,2,2,3,45,4,93924176.3314,39579325.424,18169.0667,6087817.92,91.2
2022,2,2,3,50,4,79319267.4087,38711837.7344,55708.2667,5392599.5733,620.48
2022,2,2,3,55,4,81617206.2535,44206519.6665,18541.12,13258178.6667,25625.28
2022,2,2,4,0,4,97244575.7068,46687871.0725,55833.1733,10515477.6533,12974.4
2022,2,2,4,5,4,103330632.541,51930311.3328,16085.6,13232187.2,901.6
2022,2,2,4,10,4,94452165.4326,47674898.2962,18405.5467,18793968.64,10882.7733
2022,2,2,4,15,4,74397919.6842,39836927.402,616.96,12231211.3067,11744
2022,2,2,4,20,4,77451490.0874,30192991.994,446.8,8424417.7333,968.96
2022,2,2,4,25,4,75103539.5144,36346910.6754,290.1333,7550715.4133,10659.84
2022,2,2,4,30,4,78464774.1452,31930519.1584,16887.68,7068275.4133,24883.52
2022,2,2,4,35,4,93484403.2932,32929172.681,543.36,7806209.76,2105.28
2022,2,2,4,40,4,116715828.753,34741226.1314,15112.8533,8893314.9867,24
2022,2,2,4,45,4,91159537.9879,40808366.8064,35376.8533,10478172.16,13419.8933
2022,2,2,4,50,4,75977921.4076,36719907.7262,869.9733,9127806.9333,1013.6
2022,2,2,4,55,4,85523140.3204,44334550.5614,15357.8667,13114720.32,64103.0933
2022,2,2,5,0,4,92157254.4188,41879642.9728,35040.7467,11244784.8533,5355.2
2022,2,2,5,5,4,79856087.899,47778258.0718,21601.1733,10918608.4267,34957.9733
2022,2,2,5,10,4,77487827.4996,30572456.5406,18826.9867,10655887.4667,3076.48
2022,2,2,5,15,4,98252175.1819,50480927.0374,793.0667,10789673.2,61807.04
2022,2,2,5,20,4,86261145.882,34553846.5812,20544.96,13668496.4267,5396.16
2022,2,2,5,25,4,116967117.034,32818008.1419,16553.6,9147089.3867,620.16
2022,2,2,5,30,4,93450809.2956,37011685.968,535.68,4418254.4,13236.72
2022,2,2,5,35,4,83024814.9904,30081381.9546,383.1467,9655123.2,14280
2022,2,2,5,40,4,71585917.4598,29327458.0201,242.4,7780349.7333,23023.68
2022,2,2,5,45,4,88146761.4453,38061409.0606,28750.72,5552610.7733,15006.6133
2022,2,2,5,50,4,102959164.041,29648991.224,830.5067,9782518.2933,11915.2
2022,2,2,5,55,4,111083401.898,34863399.0456,448,9840080,11744
2022,2,2,6,0,4,110577954.241,37437662.6634,755.84,18968546.3467,36081.9733
2022,2,2,6,5,4,103825522.105,36008954.9689,286.4,16553108.0533,2533.8667
2022,2,2,6,10,4,91222360.0214,33330289.8578,564.16,9932168.5333,24946.32
2022,2,2,6,15,4,92146809.0272,39776437.5387,284.8,20369121.8667,12864.6933
2022,2,2,6,20,4,96381647.758,38324890.5302,295.7333,7354246.9333,51987.7867
2022,2,2,6,25,4,103815256.737,44959131.0245,272.56,12011316.6133,55328
2022,2,2,6,30,4,140013274.967,35708877.8593,303.5733,17629746.9867,16317.7067
2022,2,2,6,35,4,140910405.351,31188217.3587,93484.6667,14981906.8,25010.8267
2022,2,2,6,40,4,139763693.479,41087610.3061,1630.6133,7601614.1867,12611.04
2022,2,2,6,45,4,129086172.599,44236546.1365,265.3867,9713947.6267,23132.16
2022,2,2,6,50,4,150182721.338,46351971.3108,311.36,8468356.16,15578.1333
2022,2,2,6,55,4,139207130.317,48452476.0402,343.4667,5237232.6667,2365.92
2022,2,2,7,0,4,147436863.344,35649030.3532,438.72,12628036.16,1368
2022,2,2,7,5,4,141429051.315,24347743.0489,345.28,8414444.0533,37459.2533
2022,2,2,7,10,4,114241440.7,38644513.3127,257.1733,12348457.8133,18216
2022,2,2,7,15,4,138134085.63,29584269.6066,155723.0933,8497465.4933,16456
2022,2,2,7,20,4,152688453.251,28880036.7847,65319.8667,10748315.6,38793.3333
2022,2,2,7,25,4,145343126.005,27236682.9309,201174.8,7968465.8667,15691.2
2022,2,2,7,30,4,153936569.116,26639866.0631,3092.2667,9313971.84,13104
2022,2,2,7,35,4,164740595.115,27847881.6928,352.4267,11763938.7733,1591.0933
2022,2,2,7,40,4,161172851.959,32793019.9733,288.8533,7043371.4133,15341.12
2022,2,2,7,45,4,135991358.734,29862916.4882,240.64,8602273.7067,1163.12
2022,2,2,7,50,4,146070306.697,30178619.6615,271.4667,10149310.8,9526
2022,2,2,7,55,4,124724020.58,28281680.6688,287.7867,6669004.48,35775.2533
2022,2,2,8,0,4,118836317.817,22452523.4955,256.4267,6594423.5733,148382.72
2022,2,2,8,5,4,130914670.201,25963179.2033,366.5067,12291929.7067,158000
2022,2,2,8,10,4,144221518.968,28274463.2909,36381.6,8190909.8667,35595.84
2022,2,2,8,15,4,146932252.312,32932961.936,27551.5733,7469416.96,14027.12
2022,2,2,8,20,4,182239016.257,33110421.4731,97919.36,7783658.6667,26364
2022,2,2,8,25,4,287962978.442,35716438.5582,1610.3467,2497896.2133,5179.7333
2022,2,2,8,30,4,200948104.732,43815021.9908,30480.1067,5849794.0267,19931.9733
2022,2,2,8,35,4,187624601.865,44522379.6619,751.2533,5496755.9467,102551.04
2022,2,2,8,40,4,178223409.546,41499699.6647,478.1867,3436606.9333,32513.9733
2022,2,2,8,45,4,182246443.392,37132261.2027,15395.2,2613228.9333,22344.8
2022,2,2,8,50,4,179418410.143,37843024.1203,469.12,5357035.3067,18654.08
2022,2,2,8,55,4,170797321.054,35504050.002,271.8933,7868713.92,26167.92
2022,2,2,9,0,4,180204898.076,42413041.6812,32509.6,4002810.5333,29060.8267
2022,2,2,9,5,4,192389802.2,42239017.0369,21358.2667,3034263.8667,8065.0133
2022,2,2,9,10,4,187959993.753,38616658.0539,32000.2667,4860546.8,18440.3733
2022,2,2,9,15,4,159729397.23,37866456.49,18078.6133,9659538.56,4258.4533
2022,2,2,9,20,4,176392269.566,37605967.9932,23618.56,4247233.92,5988
2022,2,2,9,25,4,187161777.789,40315167.845,146200.5333,8560583.36,31063.9733
2022,2,2,9,30,4,216552228.565,41453959.881,33178.4,24566662.6667,33103.44
2022,2,2,9,35,4,201419757.353,41448372.501,1225.92,11299802.16,12925.76
2022,2,2,9,40,4,201320398.271,43129818.2454,344.48,15602906.16,12038.2933
2022,2,2,9,45,4,205640425.314,45482681.82,65593.28,14101448.64,15531.6533
2022,2,2,9,50,4,205101280.849,40930587.8166,35602.88,14844598.72,17512.3733
2022,2,2,9,55,4,194930656.431,43073524.6187,1333.5467,13868641.28,16325.2267
2022,2,2,10,0,4,202718793.182,38329806.3062,432,13840976,128396.7733
2022,2,2,10,5,4,210621280.103,38648137.6516,526.4,24703993.0667,137736
2022,2,2,10,10,4,183863386.622,40789850.4211,401.7067,14619935.1467,123178.16
2022,2,2,10,15,4,210349017.782,36903978.3322,531329.28,10405982.1867,47335.52
2022,2,2,10,20,4,222486866.422,40050853.7141,35210.4,6424359.7333,19348.2133
2022,2,2,10,25,4,193872537.759,35081004.1694,703.04,17791490.7733,39647.5733
2022,2,2,10,30,4,184743055.209,60662299.1695,344.1867,13962473.5733,42016
2022,2,2,10,35,4,188933391.668,52880709.5134,17007.4667,22419688.1067,17740.5867
2022,2,2,10,40,4,225645564.978,58208877.3506,165695.52,9209117.12,16615.9733
2022,2,2,10,45,4,196905075.76,60576539.8931,23683.7867,13789998.1067,20974.0267
2022,2,2,10,50,4,240427142.079,65532372.6081,969.92,10444425.36,8196
2022,2,2,10,55,4,226311601.197,62062708.6163,308.5333,8186906.6667,4509.8933
2022,2,2,11,0,4,210457229.766,63091034.2352,458.6667,6523755.7333,46149.2533
2022,2,2,11,5,4,223831600.287,66726510.6122,464,6468960,59408
2022,2,2,11,10,4,218379360.178,65479778.4641,207884.4,15585388.2667,13624.08
2022,2,2,11,15,4,211938010.45,67698110.5726,3110.72,8397454.2933,13886.24
2022,2,2,11,20,4,222986368.801,65101022.8373,22598,10884296.4,19074.24
2022,2,2,11,25,4,222124809.085,65181479.8112,20812.6667,7596610.4,17019.9467
2022,2,2,11,30,4,235701179.063,63144471.6582,17176.64,14439296.2133,17722.56
2022,2,2,11,35,4,215151419.027,61640659.1751,796.6933,23445230.08,17520.32
2022,2,2,11,40,4,194606360.278,65158040.7809,426.0267,17989529.28,41670.88
2022,2,2,11,45,4,200665708.183,58098590.8037,1013233.7333,13235271.4667,29635.52
2022,2,2,11,50,4,219567654.454,57524160.4104,452071.2533,16062577.4933,18698.88
2022,2,2,11,55,4,214451665.85,57314387.1017,777307.0667,12224328.8,45456.2133
2022,2,2,12,0,4,243653516.907,61108843.1916,13489.7333,14826202.5333,31872.2133
2022,2,2,12,5,4,230865679.103,57828067.4676,361.4667,16630245.3333,19373.6
2022,2,2,12,10,4,246962743.795,53051141.3018,113124.16,12981731.0933,173092.16
2022,2,2,12,15,4,251141833.354,53881357.2014,1928030.8267,22581805.5467,184720
2022,2,2,12,20,4,242873633.292,55038126.0206,2610816.32,19687032.7467,37696.64
2022,2,2,12,25,4,233556312.501,52400930.4683,580611.4133,22722949.6533,49046
2022,2,2,12,30,4,233693055.546,55078103.1032,34819.2,22610189.6533,51240
2022,2,2,12,35,4,229356996.037,58242650.1831,18619.8667,26409379.6,23983.2
2022,2,2,12,40,4,233227506.243,55315495.9983,20532.0533,16373064.5333,22320.88
2022,2,2,12,45,4,238553307.356,52698458.0169,736,16747830.5333,23849.76
2022,2,2,12,50,4,227833504.842,52238590.1338,439.3333,13580502.4,21178.88
2022,2,2,12,55,4,220076733.305,54278111.7307,424.2133,7982757.76,20928
2022,2,2,13,0,4,215741132.327,53247210.0245,486.9333,8076800.2667,21759.68
2022,2,2,13,5,4,228434927.423,50185111.0287,393.28,4711618.1333,21832
2022,2,2,13,10,4,257828468.614,51366155.4561,16086,9144007.3333,219687.28
2022,2,2,13,15,4,251919956.208,58767940.6871,720.9333,9635979.8667,148329.8133
2022,2,2,13,20,4,234613326.481,57210750.2462,345.8667,4463461.3333,83981.52
2022,2,2,13,25,4,249851039.301,58150850.9054,608453.0667,8174760.6667,12373.2
2022,2,2,13,30,4,244778307.572,58394320.9449,1060691.9467,15570716.8,51712.08
2022,2,2,13,35,4,221959953,54870474.9241,1040513.3867,11768014.72,30894.56
2022,2,2,13,40,4,276986402.826,54162621.6242,1033813.76,9443105.1733,46896
2022,2,2,13,45,4,281107570.832,51411643.0772,1068537.6,8950474.24,49392
2022,2,2,13,50,4,269786644.811,49748297.4771,2061120.5333,22260099.3333,23877.12
2022,2,2,13,55,4,298641505.716,51155597.5014,3297639.0667,20557294.4,307208.48
2022,2,2,14,0,4,294706848.163,53009797.7406,3318312,20524608,325448
2022,2,2,14,5,4,335103796.025,55727914.5111,3925538.24,50246031.1467,134798.1333
2022,2,2,14,10,4,374865519.271,53247565.1113,2631850,30071901.8667,219371.2
2022,2,2,14,15,4,372504445.987,53771857.0236,1857950.9333,34472070,52239.9467
2022,2,2,14,20,4,328170075.644,53262785.468,51977.7333,33934932.2667,32936
2022,2,2,14,25,4,354658226.164,56027347.8532,14299.4667,34173593.4667,28995.0933
2022,2,2,14,30,4,325666540.357,55665364.0453,662.6133,37541725.76,39677.28
2022,2,2,14,35,4,312350278.181,53055335.6913,44077.0667,38794890.4,10417.6
2022,2,2,14,40,4,316756598.279,55554330.9059,38296.1067,40166627.6267,83667.52
2022,2,2,14,45,4,307606140.07,54558657.3768,896.2133,38831410.24,126619.2
2022,2,2,14,50,4,309734661.683,52538387.6622,20263.2,53767063.3333,25017.5467
2022,2,2,14,55,4,330375552.994,51650771.7353,106842.56,45522060.0533,16280
2022,2,2,15,0,4,366214588.494,47530864.3817,58518.8,45092580.8,131122
2022,2,2,15,5,4,363174221.345,47245381.5746,64610.3467,38450801.7067,38596
2022,2,2,15,10,4,341374118.788,47401138.2969,89712.1333,28926548,7130
2022,2,2,15,15,4,353622894.949,51703198.2357,1032153.6,35365019.0667,24862
2022,2,2,15,20,4,357202291.874,50944621.792,2368216.8533,27756362.9867,7460.08
2022,2,2,15,25,4,369436764.457,48597194.4932,2374366.1333,39076839.2,15182.88
2022,2,2,15,30,4,369278909.433,48710673.8938,1071723.3333,34847777.0667,286549.3333
2022,2,2,15,35,4,310802727.164,60732428.67,479747.3333,39435334.2667,36602.6133
2022,2,2,15,40,4,299330554.018,53912997.8766,16931.7333,37127463.36,131493.3333
2022,2,2,15,45,4,302979512.48,51238970.4932,137511.7867,51464500.3733,71419.84
2022,2,2,15,50,4,279839723.116,50689929.6053,19505.8133,41372608.96,27847.1467
2022,2,2,15,55,4,290781239.585,52549339.3154,16246.1867,31367675.4133,226787.28
2022,2,2,16,0,4,316378130.249,54746479.2555,14351.7333,29147050,145833.8133
2022,2,2,16,5,4,313968723.165,50738532.9149,627282.8,27919376.4,109961.3333
2022,2,2,16,10,4,321791764.694,53590302.2084,58317.12,23138753.92,12119.9467
2022,2,2,16,15,4,322217329.219,60350170.1813,32933.2267,43114239.68,17124.8
2022,2,2,16,20,4,302945067.952,62824934.6906,39949.9733,38677582.4,68005.1733
2022,2,2,16,25,4,304169455.646,63818193.7957,112658.56,29464150.4,119794.16
2022,2,2,16,30,4,333555090.128,61200299.0713,231075.28,25425334.56,53258.6133
2022,2,2,16,35,4,292502382.482,57195052.2095,346267.4133,25985294.2933,21312.64
2022,2,2,16,40,4,288254714.852,55162508.8683,242921.3867,34066061.9733,7475.12
2022,2,2,16,45,4,322864806.644,55764498.9821,94413.0667,26143655.0667,38205.3333
2022,2,2,16,50,4,306221904.667,56364585.9233,97807.84,23230592.16,17837.76
2022,2,2,16,55,4,317776767.155,58101418.3282,264960.9333,28438584.4,10768.32
2022,2,2,17,0,4,315394743.591,55370579.1917,42192.64,27455632.96,234064.64
2022,2,2,17,5,4,416372765.622,64210647.1118,69186.0267,25115373.3333,38977.0667
2022,2,2,17,10,4,341263790.874,57998529.4736,171439.68,42640824.8533,99660.16
2022,2,2,17,15,4,342821323.199,57370587.2864,106334.8,28479916.6667,1530922.7467
2022,2,2,17,20,4,355691367.479,58498498.5794,90542.1867,19519706.1333,1694840
2022,2,2,17,25,4,361790773.146,60991967.828,93191.7333,26284710.5333,166141.92
2022,2,2,17,30,4,335745884.452,56453762.2591,345468.9333,29843074,88351.3333
2022,2,2,17,35,4,384430605.65,57095974.4975,451460,41241845.2,31357.0133
2022,2,2,17,40,4,382171273.3,56506639.6629,103548.8,50480376.4267,28696
2022,2,2,17,45,4,338669302.747,55651602.1965,199808.4,40831256.4,33101.8667
2022,2,2,17,50,4,356173271.433,55081394.4173,246934.2667,40656640.5333,19582.4
2022,2,2,17,55,4,403460766.021,53931191.6294,53114.1333,46130822.6667,21213.3333
2022,2,2,18,0,4,448098397.874,64888742.9555,49816,46223608,21440
2022,2,2,18,5,4,435165867.745,64655481.2297,2069798.9333,87875638.72,75662.6667
2022,2,2,18,10,4,460704302.171,60168944.9807,2794137.7333,43214469.0667,54265.28
2022,2,2,18,15,4,450238468.77,64209206.3735,79649.92,36370448.5333,45611.8933
2022,2,2,18,20,4,465577111.978,87500531.5281,1146.1333,37699183.0667,70529.8133
2022,2,2,18,25,4,444163502.443,103282769.311,1458070.4,44190833.3333,26726.8
2022,2,2,18,30,4,397314389.369,97667802.5315,894896.32,42898528.96,424737.92
2022,2,2,18,35,4,411188520.75,100247362.886,1334069.7333,46328881.3333,105570
2022,2,2,18,40,4,436492430.428,97975220.1883,634442.5333,43538824,40614.96
2022,2,2,18,45,4,428629240.379,95486009.9563,91013.6533,39334246.1867,57048.5333
2022,2,2,18,50,4,432540585.535,66562045.9895,57862.9333,36621034.0267,174132.5867
2022,2,2,18,55,4,359085290.829,53161049.4975,87484.32,40374709.6,63758.64
2022,2,2,19,0,4,374753865.961,54845030.5964,20672,30228397.92,98794.8267
2022,2,2,19,5,4,395179874.26,56349346.7054,32551.3333,35912750.6667,176381.28
2022,2,2,19,10,4,388285476.496,56537909.3161,134594.2667,46405906.8,48936.72
2022,2,2,19,15,4,377175848.937,55471836.0839,1460911.52,53825212.64,23155.2
2022,2,2,19,20,4,383071422.894,58741416.9657,1901738.5333,37236871.7333,9662.08
2022,2,2,19,25,4,389323131.036,61980312.0969,1793709.8667,38148162.5333,8400
2022,2,2,19,30,4,406334189.319,61735001.8511,391949.6,41256334.4,46817.4933
2022,2,2,19,35,4,418303127.327,59050497.7529,89767.6,32605031.3333,21975.2533
2022,2,2,19,40,4,443111093.49,60061034.6723,157193.2,24450629.8667,12398.9333
2022,2,2,19,45,4,393279776.165,56912122.2762,124119.4667,32684252.9067,7407.2
2022,2,2,19,50,4,390595721.893,61165983.4045,566415.6,31341680.4,35818.64
2022,2,2,19,55,4,341912243.76,59778823.7898,2390561.4667,21264045.2,20370.08
2022,2,2,20,0,4,348913653.672,59589845.3427,282539.0667,20892426.6667,57742.88
2022,2,2,20,5,4,351143139.345,52237783.1636,586143.7333,20940676.4,149985.44
2022,2,2,20,10,4,361981257.267,45427789.2769,201308.2667,35666952.9333,60069.4933
2022,2,2,20,15,4,363498096.924,55220533.404,210366.2667,44241522.5333,106531.4133
2022,2,2,20,20,4,378662134.864,58785851.3262,241107.4667,48740387.6,30959.36
2022,2,2,20,25,4,345276507.14,56338372.0489,1519666.2667,45719139.4667,10634.2933
2022,2,2,20,30,4,326289579.499,57249070.0592,481208.1333,40773849.3333,35096.4
2022,2,2,20,35,4,338798748.294,57532536.7851,546104.2133,36037429.0133,11219.3333
2022,2,2,20,40,4,338264060.912,56295430.3579,903096.2667,26005125.2,8816
2022,2,2,20,45,4,392487811.524,56117680.4969,172485.4667,28200462.9333,26386.6667
2022,2,2,20,50,4,416666468.077,54825123.1302,202369.8667,25963419.2,29392.5333
2022,2,2,20,55,4,414176287.285,52302758.7964,458620.9333,30738862.1333,70673.92
2022,2,2,21,0,4,420455077.007,47912814.048,1265556.5333,34400513.0667,62900
2022,2,2,21,5,4,428530009.602,47841360.1883,72814.5333,37977592,100271.3333
2022,2,2,21,10,4,432111562.243,45304689.8078,64468.48,37863041.3867,45884.5867
2022,2,2,21,15,4,411062877.995,45080477.8638,43871.8667,35327212.2667,46812.96
2022,2,2,21,20,4,423362613.689,46415284.9427,35405.6533,49246915.6267,13698.24
2022,2,2,21,25,4,427301197.947,48309796.9745,145712.5333,53267358.9333,53627.76
2022,2,2,21,30,4,468725892.377,51841372.8408,138743.4667,52670463.7867,18291.7333
2022,2,2,21,35,4,458947532.692,46131694.1794,126918.4,83499986.1333,20489.68
2022,2,2,21,40,4,432701574.304,46381758.8467,206190.08,96872221.44,11901.12
2022,2,2,21,45,4,446842688.204,50171235.1329,246180.4,90545653.0667,55103.3333
2022,2,2,21,50,4,470989816.138,48066474.4089,181884.9333,93960210.8,44899.44
2022,2,2,21,55,4,511096808.816,55673212.8776,91423.5733,103237226.24,39317.5467
2022,2,2,22,0,4,492887475.908,52341521.8169,90216,103361784,38952
2022,2,2,22,5,4,493113420.013,57765979.0649,161508.5867,200033221.227,44205.4933
2022,2,2,22,10,4,524319525.44,57458075.8031,385279.6,104795964.667,35588.8533
2022,2,2,22,15,4,533498913.671,50664960.4663,53944.5333,103472144.853,11570.6667
2022,2,2,22,20,4,558686875.622,55674807.1723,18853.0133,113112359.893,12048.72
2022,2,2,22,25,4,546193235.409,64926584.3889,130343.7867,105172029.44,12264
2022,2,2,22,30,4,524665821.002,63864066.6495,125130,127774900,31065.5733
2022,2,2,22,35,4,548060207.464,62210844.2631,61406.1333,108914795.333,14141.0667
2022,2,2,22,40,4,529775260.575,58402216.5556,68265.4667,120252074.133,18170
2022,2,2,22,45,4,507513485.132,59084903.324,63200.1333,109796381.733,9029.84
2022,2,2,22,50,4,525977072.958,60371536.1547,69373.8667,113901827.733,7085.3333
2022,2,2,22,55,4,447561193.005,53045924.8936,173253.6533,111296990.187,7410.88
2022,2,2,23,0,4,428816001.833,54928665.257,162887.4667,104691433.333,6185.92
2022,2,2,23,5,4,407724306.535,47046256.3356,54411.2,92688158.1333,23725.2
2022,2,2,23,10,4,425060954.574,48904046.0324,126208,84402962.8,14834.1333
2022,2,2,23,15,4,418723737.71,50097669.5964,202055.6,118768577.733,30600.96
2022,2,2,23,20,4,389336468.418,56097877.8827,156238,103494301.733,23288
2022,2,2,23,25,4,368916961.736,53074628.2726,204875.9467,105642892.587,10418.6667
2022,2,2,23,30,4,356740566.287,52336769.4881,153553.2,90240963.3333,27934
2022,2,2,23,35,4,349815331.164,47209892.6238,164590.9333,83165053.2267,29388.48
2022,2,2,23,40,4,347453907.592,50306165.047,54555.7333,81092322.2667,18079.2
2022,2,2,23,45,4,343369647.865,49810322.5686,275416.9333,84284510.1333,17008
2022,2,2,23,55,4,321630707.722,46009845.5381,33363.3333,66928687.8667,22101.84
2022,2,3,0,0,5,313398839.39,47211804.4107,155704.4267,75648884.8,26629.8133
2022,2,3,0,5,5,256107684.931,48099812.4454,92656.48,72532350.88,7419.52
2022,2,3,0,10,5,258031378.151,46081384.1356,115386.9867,62299358.6133,15866.9867
2022,2,3,0,15,5,242723525.783,45711306.7834,241910.6133,45145583.1467,16928
2022,2,3,0,20,5,234976179.478,52401298.9844,114437.4667,48763627.7333,14214.6667
2022,2,3,0,25,5,210769897.647,49059679.8883,930502.5067,34932626.7733,5583.92
2022,2,3,0,30,5,190447243.369,50253690.9906,41214.8267,27165053.5467,1739.52
2022,2,3,0,35,5,186350173.436,45799289.2815,31684.3733,28834014.2933,36805.0933
2022,2,3,0,40,5,175644676.722,40819438.5958,48483.8667,28277415.6,7038.2933
2022,2,3,0,45,5,172149649.489,41268887.4747,137860.0533,28594952,23935.68
2022,2,3,0,50,5,174396908.108,42974847.1224,57801.3333,21459227.4667,18833.6
2022,2,3,0,55,5,182770299.386,43516735.0885,58855.1467,25550043.3067,4911.9733
2022,2,3,1,0,5,182222358.353,46491363.429,66424.2667,24822582.5333,3400
2022,2,3,1,5,5,163808161.054,42453796.8839,203777.5733,36092061.68,1577.0133
2022,2,3,1,10,5,173426070.892,39004927.5148,207056,36361616,1344
2022,2,3,1,15,5,177168582.187,38396510.1685,128785.7067,49114677.3333,13832.6667
2022,2,3,1,20,5,168313597.019,38630958.3144,132448.2133,26440820.3733,14968
2022,2,3,1,25,5,159987069.066,42797987.3212,37938.9333,29348524.1333,37031.9733
2022,2,3,1,30,5,161325847.048,35316101.2773,85566.72,25414234.96,38864
2022,2,3,1,35,5,158333164.216,34435718.1839,90586.88,34240083.3067,4959.2
2022,2,3,1,40,5,157911046.051,35738563.0418,1461.2267,31193580.0533,824.4267
2022,2,3,1,45,5,150933507.249,41310141.0791,279.68,34081081.4933,12621.12
2022,2,3,1,50,5,138502574.738,39478925.0077,264.2667,41825269.7333,13633.92
2022,2,3,1,55,5,129892585.967,37914882.1116,327.1467,36325864.96,2111.36
2022,2,3,2,0,5,149623453.486,36081294.2041,328,36249784,1376
2022,2,3,2,5,5,156690938.951,31963593.9637,635.84,69984706.6667,51770.6667
2022,2,3,2,10,5,133174682.033,41077213.2096,292.6933,33644610.88,7696.9067
2022,2,3,2,15,5,151489903.065,41164183.3266,311.68,31905620.3733,102366.7733
2022,2,3,2,20,5,123509257.434,42941967.3337,296.2133,31767708.9067,9122.6933
2022,2,3,2,25,5,124222270.194,37230661.536,19105.8133,28746761.4933,1331.52
2022,2,3,2,30,5,108137691.187,37735326.1294,136126.08,36723187.0933,90924
2022,2,3,2,35,5,87216597.4688,39013755.4411,2088.64,26498633.7067,7909.6533
2022,2,3,2,40,5,84027563.477,38219988.8132,413.8667,25415344.1067,12442.56
2022,2,3,2,45,5,85513109.8549,36156526.1941,63760,23260104.5333,4001.8667
2022,2,3,2,50,5,85684149.8052,32463000.2546,1161.4933,21566984.7467,940.16
2022,2,3,2,55,5,76321077.0286,34723645.4983,311.8933,24174112.64,104.32
2022,2,3,3,0,5,84921905.2359,38438550.1927,390.9333,14160148.0533,11947.92
2022,2,3,3,5,5,85475008.3452,37168031.8631,20085.8667,8236588.9067,3945.3333
2022,2,3,3,10,5,80931065.5929,45994152.3552,555.52,9296697.28,12191.44
2022,2,3,3,15,5,83213447.922,48312986.5735,2719.1467,14938029.6533,12134.4
2022,2,3,3,20,5,84642832.3297,42946144.751,312.64,11649251.92,2167.2
2022,2,3,3,25,5,70193481.0275,40735078.7987,256.4267,11520670.2933,11436.48
2022,2,3,3,30,5,74829242.3081,37406215.8767,327.28,15217438,12232
2022,2,3,3,35,5,67961781.8383,40374263.0613,359.5733,8728805.0133,985.9733
2022,2,3,3,40,5,74030119.3852,35299866.9991,281.3333,11902104.5333,96
2022,2,3,3,45,5,81359724.5431,36564311.8185,303.68,11403287.7867,6.72
2022,2,3,3,50,5,69032448.8424,48478805.3054,304,8054346.7733,0
2022,2,3,3,55,5,59670841.2401,39201109.3207,319.7333,12679089.2,633.36
2022,2,3,4,0,5,57643448.5612,34997629.7575,241.0667,8207015.04,74.24
2022,2,3,4,5,5,65122973.3704,33794452.9891,428.16,9994999.36,11886.4
2022,2,3,4,10,5,60169428.0317,33516278.9192,226.7733,7622246.2933,1751.3333
2022,2,3,4,15,5,59061028.4252,38151444.3509,302.9333,14998346.7733,68.6933
2022,2,3,4,20,5,64800703.4951,35874350.0377,296.1067,11293561.6,11828.6667
2022,2,3,4,25,5,56502527.6935,38474317.7031,288.1067,9802234.24,989.3067
2022,2,3,4,30,5,61983995.6316,29689792.6585,351.1467,10064110.1867,17597.76
2022,2,3,4,35,5,72673585.1954,28944586.4206,280.96,10499645.76,12856.72
2022,2,3,4,40,5,88094379.429,30532640.9767,366.8267,10698140.48,3785.3333
2022,2,3,4,45,5,81558064.4241,46204906.1996,320.64,9920993.1733,12174.8533
2022,2,3,4,50,5,82881616.0132,49852728.2856,272.8,7059104,2500.6933
2022,2,3,4,55,5,86179950.0975,38175371.4775,303.5733,13361538.88,3755.12
2022,2,3,5,0,5,98975288.3175,41182818.0004,256.64,10047038.2933,23330.88
2022,2,3,5,5,5,89464552.0309,42157992.0316,256,9738753.0667,40383.68
2022,2,3,5,10,5,81736411.7062,34740578.818,287.5733,8049026.24,41720
2022,2,3,5,15,5,87154840.555,34904950.642,350.9333,8308110.5333,3841.1733
2022,2,3,5,20,5,100695342.117,32893650.4245,367.7867,5880107.4133,55.68
2022,2,3,5,25,5,94485819.5486,24342749.3866,265.7333,7372287.6,642.64
2022,2,3,5,30,5,103940101.303,32387479.9961,469.2267,4336375.1467,696
2022,2,3,5,35,5,88036708.8651,27754404.5587,274.6667,6356864.96,696
2022,2,3,5,40,5,70131563.4225,29770559.9953,311.3333,7889534.8,23193.2267
2022,2,3,5,45,5,60833436.054,33766198.8449,249.0667,5188846.6667,25189.1733
2022,2,3,5,50,5,63346643.2481,28154548.9755,255.8933,4709493.3333,2631.8933
2022,2,3,5,55,5,64691354.5991,35446089.4396,263.8933,5090452.8,50.6667
2022,2,3,6,0,5,62173927.7955,38567548.1365,264,5095680,43603.4933
2022,2,3,6,5,5,65043692.213,27853125.1986,704.5333,13421516.1333,26984
2022,2,3,6,10,5,66783836.6693,30805502.612,701640,5554198.08,25144
2022,2,3,6,15,5,78995427.762,37144913.7513,12127.2,4512981.4667,6390.72
2022,2,3,6,20,5,85055329.611,36804959.8552,232.64,3648413.6533,12981.2
2022,2,3,6,25,5,89618403.9219,37414793.9034,224.1867,12097119.76,13600
2022,2,3,6,30,5,94731424.5051,31015408.4019,22080.64,4724000.1067,2018.9333
2022,2,3,6,35,5,97508147.1922,27024708.6901,1328651.6267,6025208.7467,28052.56
2022,2,3,6,40,5,115212212.854,26864583.2441,18226.9867,6550375.4667,35497.12
2022,2,3,6,45,5,118260637.45,35531288.8755,232.64,10938497.4933,35968
2022,2,3,6,50,5,115484598.352,35159633.2648,287.0667,7154491.2,3752.9067
2022,2,3,6,55,5,133838357.527,41056336.3324,295.8667,10003613.7333,696
2022,2,3,7,0,5,115042387.959,33915468.7049,359.1467,4008514.3467,54560.72
2022,2,3,7,5,5,123350778.349,36604087.3763,320.5333,8435827.6267,48728
2022,2,3,7,10,5,121577394.734,35188675.7397,272.48,5403239.68,40070.6667
2022,2,3,7,15,5,123316247.428,37399022.6895,343.04,9832183.1467,39360
2022,2,3,7,20,5,148103512.928,36030064.4562,430.8267,9393068.48,3280
2022,2,3,7,25,5,145072957.302,28766854.0774,266.8,7710649.2,0
2022,2,3,7,30,5,156453670.883,30790682.1964,319.0667,7841406.4,42667.5733
2022,2,3,7,35,5,147160103.132,27851366.1073,335.7333,6794438.9333,7190.9333
2022,2,3,7,40,5,153818505.892,27266283.9756,336,5224171.2,13867.44
2022,2,3,7,45,5,147266701.888,31358416.7804,304.32,9839136.16,2403.3067
2022,2,3,7,50,5,135452754.319,28061833.7872,508.5333,6625975.8667,12458.72
2022,2,3,7,55,5,131715844.55,27529446.7488,275.2,5276797.44,115117.3333
2022,2,3,8,0,5,145525254.552,24868815.9129,287.7867,7910706.3467,124296
2022,2,3,8,5,5,175390180.363,25306674.7126,374.5333,8432381.3333,41089.0667
2022,2,3,8,10,5,168084924.146,28137905.4881,313.0667,5951689.2,13876.7733
2022,2,3,8,15,5,177574093.266,37956424.1357,422.5067,3969425.28,12230.72
2022,2,3,8,20,5,169413127.211,42721824.1205,337.1733,4091507.9467,12232
2022,2,3,8,25,5,189294001.006,39732882.776,304.4267,13351105.3867,50763.92
2022,2,3,8,30,5,203654720.463,39203723.3773,359.0667,10819233.4667,70413.0933
2022,2,3,8,35,5,211968753.978,42214389.7141,95784.24,20705274.8267,96577.1467
2022,2,3,8,40,5,221023805.221,41359671.1355,1917.6,21961741.3333,133662.2933
2022,2,3,8,45,5,208372672.021,43655751.7301,280.1067,21566036.8,29503.7867
2022,2,3,8,50,5,184705138.792,40132176.2893,516,23999626.1333,9089.9733
2022,2,3,8,55,5,206036527.361,42281157.7611,402,18198819.4667,32067.2
2022,2,3,9,0,5,188885581.677,40705354.1927,17875.84,19079212.6933,44986.8
2022,2,3,9,5,5,178205772.895,40087420.7195,828.9333,19776556.9333,21768.6667
2022,2,3,9,10,5,181518587.141,42990450.9239,23058.2667,25388329.7333,7913.7067
2022,2,3,9,15,5,187176552.192,49435936.091,1013.6,17119714,6888
2022,2,3,9,20,5,169560742.824,44536266.5182,105969.4933,38365609.92,14421.3333
2022,2,3,9,25,5,186011075.342,41700106.6254,103905.36,28825221.2,29841.6
2022,2,3,9,30,5,212042475.071,41482027.4171,58187.2,22572248.8,20521.28
2022,2,3,9,35,5,279702773.298,41696995.7901,35183.76,16855523.8133,37840.64
2022,2,3,9,40,5,252254113.566,36043507.4677,20249.3867,15731701.92,109305.7333
2022,2,3,9,45,5,233111424.756,47270034.9659,19712,15696912,133176
2022,2,3,9,50,5,197357558.103,39221867.1565,18038.6133,25552046.5067,32035.8933
2022,2,3,9,55,5,210361505.137,39843202.7308,39770.0267,13354534.9333,5396.08
2022,2,3,10,0,5,243723808.175,47540939.2163,40064,13187904,4136
2022,2,3,10,5,5,260213033.476,53226400.6459,4528.2133,27204040.7467,47606.5333
2022,2,3,10,10,5,238859732.367,39776263.7468,456.5333,9393695.8933,51238.24
2022,2,3,10,15,5,263892299.572,38961678.1401,63269.04,12479121.12,29556
2022,2,3,10,20,5,208550916.169,39391084.3935,1325.6533,4068984.8533,30218.08
2022,2,3,10,25,5,212430871.731,42658988.1744,417.0667,8029317.7333,5891.04
2022,2,3,10,30,5,246373743.991,50315432.8492,119312.8,6885485.4667,4072
2022,2,3,10,35,5,227667222.328,40783041.3688,340257.4933,8448062.2933,14579.5467
2022,2,3,10,40,5,218535687.692,50621578.7504,6192.2667,14343236.4,121083.52
2022,2,3,10,45,5,199643637.195,53229579.0728,417.0667,7851728.9333,130240
2022,2,3,10,50,5,162731764.05,48875958.8678,534.4,11422208.64,20289.4667
2022,2,3,10,55,5,166660949.814,53994543.5378,362.3467,7824363.9467,18195.2533
2022,2,3,11,0,5,193843186.209,53158894.1884,391.5733,9669519.36,18752
2022,2,3,11,5,5,192277616.794,52646252.7057,344.64,15928082.7733,103983.04
2022,2,3,11,10,5,190014155.146,59526229.1888,68524.4,10990648.9333,34783.36
2022,2,3,11,15,5,203466851.183,47355735.0514,1491.7333,12310286.6667,18025.92
2022,2,3,11,20,5,199494748.098,47584472.4909,4187.9467,14072878.9333,17224
2022,2,3,11,25,5,183177889.331,48889049.6961,385.3333,22685438.6667,17893.76
2022,2,3,11,30,5,209649963.434,55921902.8289,41941.5467,18208656.32,4799.4667
2022,2,3,11,35,5,211576792.674,46965399.0506,1062.4,20146520.1333,25304
2022,2,3,11,40,5,236293373.24,49755518.8482,90714.9867,24168949.0133,16582.24
2022,2,3,11,45,5,235431112.334,43193102.4393,2418.64,29885608.2133,18257.84
2022,2,3,11,50,5,241512258.219,45880587.3514,15698.6667,35006293.7333,44298.6667
2022,2,3,11,55,5,232105168.254,45844348.5233,24400.9333,40562271.0667,170096.6667
2022,2,3,12,0,5,271165005.605,47567346.4928,435865.6,30639954.56,48902.6667
2022,2,3,12,5,5,227224076.122,46661443.8322,308068.2667,41517941.4667,111289.6
2022,2,3,12,10,5,228308230.143,45411730.2865,4369.4933,43320002.3467,34433.0667
2022,2,3,12,15,5,221500760.566,46783539.3176,123629.3333,31811471.68,195275.2533
2022,2,3,12,20,5,210846673.118,42028174.5486,269185.2,37671972.5333,127200.96
2022,2,3,12,25,5,221503407.869,44962704.6624,81970.88,28126088.4267,153746.9867
2022,2,3,12,30,5,243611767.079,38858413.8772,384548.1333,18961576.9333,31897.7067
2022,2,3,12,35,5,232873180.774,40608973.1286,150552,28381466.9867,37062.4
2022,2,3,12,40,5,255549966.344,38801499.7371,234128.6667,25486484.1333,6517.8133
2022,2,3,12,45,5,244149926.894,39790328.5985,4202,23694252,44357.6
2022,2,3,12,50,5,254297833.167,45567119.3119,398.4,27291975.36,18986.24
2022,2,3,12,55,5,235711593.892,54111248.3556,38927.36,21617599.1467,35370.88
2022,2,3,13,0,5,223281461.368,47908717.7348,873.28,27990024.96,17870.08
2022,2,3,13,5,5,231649436.761,43542421.0805,249.3867,26769866.4533,72225.6
2022,2,3,13,10,5,218543751.013,31773597.2084,358.5067,33014857.4933,336283.52
2022,2,3,13,15,5,229494360.414,35619192.0873,34241.7333,31945125.4667,178475.44
2022,2,3,13,20,5,231261029.786,39505758.9076,112161.0667,26047869.8667,29426.24
2022,2,3,13,25,5,233512843.423,40688781.4902,52521.0667,22100197.2,41223.36
2022,2,3,13,30,5,208686152.521,37240121.312,1157.0667,30853375.6,20607.4667
2022,2,3,13,35,5,230378228.674,32077683.4477,27978.9333,33199284.1333,70725.28
2022,2,3,13,40,5,272615156.084,28429856.7889,726.6133,25458421.3333,129669.9733
2022,2,3,13,45,5,286129812.129,33044097.1359,122812.4,21625542.5333,106885.2267
2022,2,3,13,50,5,295370218.387,34016760.5536,2549.2267,7696733.3333,70806
2022,2,3,13,55,5,336962497.505,29300262.1109,19184.8533,6000509.8667,56898.6667
2022,2,3,14,0,5,300901232.681,32238132.0807,645.8667,9532585.7067,34032.6933
2022,2,3,14,5,5,338437666.344,34172793.3172,392,9580592,37651.7333
2022,2,3,14,10,5,290598559.458,31352787.6097,889.28,54218725.9733,38040
2022,2,3,14,15,5,292205380.454,31509320.8217,89893.3333,27131301.8667,21164.96
2022,2,3,14,20,5,279461640.273,33743343.2403,71594.5333,28907323.6,68042.56
2022,2,3,14,25,5,314608270.428,35083379.8938,213438.2667,32681300,19671.68
2022,2,3,14,30,5,334066343.377,37981055.6378,302892.6667,29124596.8,29517.2
2022,2,3,14,35,5,274503868.259,31736548.2604,468506,38264164.1333,53193.5467
2022,2,3,14,40,5,334772638.984,32713429.1587,63133.8667,46021184.2667,40331.04
2022,2,3,14,45,5,306282563.091,39539691.4876,1314.5333,62779063.7333,109178.4
2022,2,3,14,50,5,295846296.978,33966667.4874,15672,67050578.24,51714.9867
2022,2,3,14,55,5,291882903.235,37801053.6823,137988.1333,68717526.6667,38009.6
2022,2,3,15,0,5,288724691.039,35369016.3729,222113.2,57821399.6,23778.88
2022,2,3,15,5,5,302558859.981,36509913.0597,181991.6,56270091.4667,27928.3733
2022,2,3,15,10,5,317944680.82,34109016.1659,134275.3067,46314044.2667,48594.08
2022,2,3,15,15,5,319714256.081,34011661.0965,61754.4,24467556.4,20463.12
2022,2,3,15,20,5,324448019.785,34552121.3064,962451.9467,40886888.1067,16458.4533
2022,2,3,15,25,5,342906013.681,36476757.0609,848899.2,34084224.4,56788.6667
2022,2,3,15,30,5,335560040.585,151004335.704,76710.1867,40880997.6533,31218.6667
2022,2,3,15,35,5,327181947.417,44330894.597,160224.1333,31676543.7333,31252.4
2022,2,3,15,40,5,324672681.916,40804165.2831,58613.2,30612043.3333,27247.6267
2022,2,3,15,45,5,317800777.787,39947369.174,57819.0933,34381817.3867,6734.4
2022,2,3,15,50,5,301007132.346,40579284.2503,326557.3333,20755847.6,28271.04
2022,2,3,15,55,5,286380163.891,43362737.2804,134323.3067,25447246.08,106422.0533
2022,2,3,16,0,5,301016896.191,44254094.9997,258891.52,24817050.88,24688.64
2022,2,3,16,5,5,285006993.644,48374990.9086,164107.9467,22996119.04,190744.96
2022,2,3,16,10,5,274283639.313,51223318.6918,150612.5867,26979551.8933,41273.28
2022,2,3,16,15,5,302655108.593,46009230.676,117305.7333,26660179.0667,62758
2022,2,3,16,20,5,319788192.627,35696244.9159,272976.7467,25370510.4,50794.8
2022,2,3,16,25,5,350512028.245,35657641.6607,884959.2,27015913.8667,50120.16
2022,2,3,16,30,5,359777582.465,35887068.5181,1262881.7333,34124804,36498.24
2022,2,3,16,35,5,338290814.865,35993671.8695,958296.2133,60200961.28,77212.9067
2022,2,3,16,40,5,328549832.176,35049080.208,215193.1733,55386606.8267,18268.2933
2022,2,3,16,45,5,310575745.181,39572664.6108,3083.4133,38406817.3867,33498
2022,2,3,16,50,5,293798137.671,33919251.4837,413070.72,45064479.5733,40555.7333
2022,2,3,16,55,5,339995877.535,34865281.5502,41149.3333,31462247.4667,41048
2022,2,3,17,0,5,324144574.225,39169885.9719,78308.9067,50065574.72,131620.16
2022,2,3,17,5,5,325124559.696,36419449.9011,1430.6133,32309648,40135.8933
2022,2,3,17,10,5,299402709.027,36769600.0903,53468.2667,32197456.5333,77752.7467
2022,2,3,17,15,5,298832374.975,38297674.7542,31003.7333,29819682.1333,28320.6667
2022,2,3,17,20,5,353257993.162,34554348.2059,803.84,32544037.76,32563.44
2022,2,3,17,25,5,327139189.809,32053563.4496,580.9333,33711020,46303.68
2022,2,3,17,30,5,321574243.595,44894249.9136,51132.9067,38690938.56,26808
2022,2,3,17,35,5,349746264.578,36999475.1083,45256.64,41567655.36,175381.76
2022,2,3,17,40,5,387598488.193,38650591.2762,81851.36,44745395.04,50861.3333
2022,2,3,17,45,5,389485147.611,41532400.1003,376561.6,48787975.7333,40593.4933
2022,2,3,17,50,5,359778982.834,50966322.6035,2281903.4667,44152086.4,32357.36
2022,2,3,17,55,5,379159737.813,46340041.2501,4003727.1467,47228795.9467,66342.6667
2022,2,3,18,0,5,415928936.02,51556072.1117,2196153.3333,38829331.0667,149684.2667
2022,2,3,18,5,5,431051822.481,51357469.2277,1896273.1733,43848709.0133,162016
2022,2,3,18,10,5,428675654.366,52329514.9035,2466757.2,70890471.4667,144230.8267
2022,2,3,18,15,5,439685062.51,50713323.2624,739552.1067,65520307.52,41056.5333
2022,2,3,18,20,5,445889865.612,55068361.8342,73403.68,63667963.4133,31440
2022,2,3,18,25,5,421593996.225,51133479.3395,1407.0667,73676712.6667,112610.0267
2022,2,3,18,30,5,436063447.034,47552428.176,72849.4667,60129899.2,46305.1467
2022,2,3,18,35,5,431173304.242,48211925.2334,466875.84,48869016.1067,6819.3333
2022,2,3,18,40,5,454994211.83,52903788.9546,219538.1333,46409056.2667,7741.44
2022,2,3,18,45,5,487706535.167,50809975.1084,70682.4,50304440.6667,67182.64
2022,2,3,18,50,5,457787050.236,49374426.3724,227060,47781665.2,13913.0667
2022,2,3,18,55,5,436248497.814,50396331.7227,67517.7333,51945648.1333,63377.3333
2022,2,3,19,0,5,452275339.955,51673961.0197,379443.6267,51581784.8533,37899.3333
2022,2,3,19,5,5,425919428.929,49716338.1674,309914.5333,35197535.4667,22139.0933
2022,2,3,19,10,5,373474454.587,55577757.5734,83960.5333,50759422.1333,19242.8
2022,2,3,19,15,5,379026920.522,59298155.0964,211315.52,41268460.16,138541.44
2022,2,3,19,20,5,375546788.124,57419217.9781,54732,43014978.6667,60896.5333
2022,2,3,19,25,5,405515500.508,57486148.3778,2053473.7067,41393438.9333,39631.3333
2022,2,3,19,30,5,411036638.077,57875263.2992,1239825.0667,48238593.7333,92822.2933
2022,2,3,19,35,5,421677447.082,56303160.3391,1835077.4667,47489816,39893.52
2022,2,3,19,40,5,391295136.245,59749844.9328,2369217.4933,51817661.44,116218.96
2022,2,3,19,45,5,400181391.232,61342799.9408,2037911.3333,59284446.9333,74719.3333
2022,2,3,19,50,5,412118737.411,53856619.1737,1832174.72,51002510.8267,65391.1467
2022,2,3,19,55,5,418129251.422,51205004.5775,1404727.0667,53018662.2667,11522.6667
2022,2,3,20,0,5,383984622.376,50480615.5457,63774,46343321.2,6696
2022,2,3,20,5,5,374308501.842,56095120.6399,213874.1333,52987011.2,95849.3333
2022,2,3,20,10,5,397194172.435,55876720.0498,549417.1733,48282109.76,168917.8667
2022,2,3,20,15,5,407717831.644,54009724.8837,675782.5333,41884629.3333,31331.7333
2022,2,3,20,20,5,399124434.749,55852277.7929,227312.32,37449452.3733,144406.6667
2022,2,3,20,25,5,414577824.61,56202866.827,117576.64,43016522.9867,26165.44
2022,2,3,20,30,5,404973325.469,55133795.7656,1012488.2667,51299215.8667,206690.96
2022,2,3,20,35,5,446085208.562,56942333.6296,1229709.8667,48034967.1467,173103.36
2022,2,3,20,40,5,414121196.666,53031320.5586,1272001.3867,49428222.72,45761.3333
2022,2,3,20,45,5,406706767.986,56289418.5836,1849178.4,47716273.7333,3865678.88
2022,2,3,20,50,5,418035643.994,54527134.4933,2037659.0667,48153185.3333,3423624.1067
2022,2,3,20,55,5,383457719.16,57937860.4907,1649722.5333,49455225.4667,474243.2533
2022,2,3,21,0,5,395984229.282,50020437.3191,537333.7333,42311775.2,36618.88
2022,2,3,21,5,5,434563980.738,48221934.5133,356019.4667,44604875.4667,32545.3333
2022,2,3,21,10,5,428636989.16,45208421.3853,209799.6,51907716.6667,45608.72
2022,2,3,21,15,5,420838339.942,44581971.1298,434046,46113988.9333,46720
2022,2,3,21,20,5,426976785.271,52540170.2684,2985043.8667,59399136.2667,61145.12
2022,2,3,21,25,5,460275067.551,55182012.2956,1497708.8,54898896.5333,33264.48
2022,2,3,21,30,5,435214715.359,57187462.5729,2937792.1333,54039677.0667,13903.5467
2022,2,3,21,35,5,457067060.71,60688565.972,1782506.2667,58192092.2667,6527.68
2022,2,3,21,40,5,421981028.226,63982957.6786,1421570.5333,62864790.4,66456.1333
2022,2,3,21,45,5,442138977.234,61855600.0534,2807173.5467,57732497.3867,654556.3733
2022,2,3,21,50,5,418119818.341,57644078.2699,1274283.8667,56020802.4,723760
2022,2,3,21,55,5,495170633.864,57617083.1873,69540.9067,70411144,134553.44
2022,2,3,22,0,5,510235950.255,59142759.006,1660162.4,54878951.8667,117178.9067
2022,2,3,22,5,5,542172772.335,59020323.2088,1687392,54612392,122832
2022,2,3,22,10,5,503860846.169,59464823.4955,3204400,115997195.6,472798.9333
2022,2,3,22,15,5,495597965.323,60690530.7811,283981.12,74311999.36,64751.36
2022,2,3,22,20,5,428154814.988,55892148.6137,74523.0667,65223424.8,7664
2022,2,3,22,25,5,427898577.304,53589405.9982,61364.1333,78711028.1333,96239.76
2022,2,3,22,30,5,454534523.062,55759251.5459,87096.8,70760871.0667,53732.6667
2022,2,3,22,35,5,440526985.791,57933449.9628,1553.92,75582907.52,180771.3333
2022,2,3,22,40,5,405196155.615,55580522.4199,1310953.7067,83449196.6933,3220677.8133
2022,2,3,22,45,5,410532155.938,49848310.2623,831390.96,81378263.12,320025.4667
2022,2,3,22,50,5,431590958.259,54501842.9028,341969.92,83449773.5467,21715.36
2022,2,3,22,55,5,410880729.689,55843434.1742,71770.88,86064654.08,1395774.9333
2022,2,3,23,0,5,406546095.883,47461073.8944,179527.68,86778679.36,143396.4267
2022,2,3,23,5,5,373724405.108,43134146.1248,22257.6,88411356.8,20821.8133
2022,2,3,23,10,5,346981341.441,43399654.7452,119054.9333,89317546.6667,31911.44
2022,2,3,23,15,5,340633568.922,44893444.6539,63820.48,77256042.7733,6625.3333
2022,2,3,23,20,5,297865674.714,42969402.2522,104960.72,81385813.12,31171.7867
2022,2,3,23,25,5,297216862.825,38124738.4371,87702.9333,74110027.4133,16980.48
2022,2,3,23,30,5,295249500.686,41112435.2366,44642.6667,57672409.3867,43987.68
2022,2,3,23,35,5,293282540.319,31187401.2135,848670.9333,58404957.0133,5875.3333
2022,2,3,23,40,5,323631213.486,31549064.9248,972647.5733,55094565.12,29893.84
2022,2,3,23,45,5,373397077.583,33864608.3392,834590.2933,54840301.12,18829.52
2022,2,3,23,55,5,279216113.158,32750479.7685,178610.88,58943783.04,472751.5733
2022,2,4,0,0,6,306789218.556,31927332.7118,1750096.8533,56882441.6,102968.6667
2022,2,4,0,5,6,276663362.252,41167936.9966,1428697.4933,55707091.84,94663.7067
2022,2,4,0,10,6,261991824.735,45692487.7856,239022.08,62531677.9733,358486.2133
2022,2,4,0,15,6,265987537.506,35618413.322,55345.7067,61465465.3867,143107.3333
2022,2,4,0,20,6,211331707.939,31658491.198,732743.36,58877465.3867,121552
2022,2,4,0,25,6,235426223.856,30276104.6946,1086621.44,49276492.8,113072.72
2022,2,4,0,30,6,218077982.645,26648630.2912,119117.6,52034206.1333,48980.6667
2022,2,4,0,35,6,205516928.882,26465086.0747,17951.8933,41004944.4267,31776.8533
2022,2,4,0,40,6,195333655.812,35705511.3867,49794.24,49615963.6267,30864
2022,2,4,0,45,6,166987485.014,30532885.5277,120774.8267,54311703.8933,6702.72
2022,2,4,0,50,6,148843930.802,25827265.5356,391035.4667,49205805.0667,2260.8533
2022,2,4,0,55,6,148627717.838,28532352.8325,5661.44,48879024.32,29187.2
2022,2,4,1,0,6,134483628.131,28598055.979,376.32,35214850.72,31432
2022,2,4,1,5,6,154916244.068,28891509.5606,430.88,39663897.44,3672.9067
2022,2,4,1,10,6,150426167.723,30109482.4262,392.5333,31289874.3467,14719.4133
2022,2,4,1,15,6,140703839.053,31883160.4665,344.64,31360467.2,25371.28
2022,2,4,1,20,6,123935996.169,26720885.5539,38816.1067,31395338.56,29024.9067
2022,2,4,1,25,6,126838369.386,27823620.3286,1064.6667,30586815.2,40597.6
2022,2,4,1,30,6,124828680.283,30294217.3022,136891.7333,29218410.6667,41536
2022,2,4,1,35,6,110938944.531,25052341.1261,33873.3333,26749188.9333,30869.6533
2022,2,4,1,40,6,113526732.93,25687281.2102,22197.76,21212735.5733,7602.6667
2022,2,4,1,45,6,91852609.1189,34068716.0964,21866.6667,24289924.9067,187723.2
2022,2,4,1,50,6,103929218.469,45563642.8999,38803.0933,16383159.68,33180.32
2022,2,4,1,55,6,101338220.491,40919738.9067,18746.1333,19679341.3333,1914.7467
2022,2,4,2,0,6,120509431.052,42006167.36,838.2933,15888655.04,11889.8667
2022,2,4,2,5,6,108135823.813,35540731.2626,600,15836808,14072
2022,2,4,2,10,6,107811383.48,35036450.5703,36806.72,22334781.5467,28382.3467
2022,2,4,2,15,6,102594882.068,34607171.1963,70305.92,14785057.92,46560.1333
2022,2,4,2,20,6,101371110.956,35638684.8876,95720.8,19087897.2,48592
2022,2,4,2,25,6,114374068.889,41387182.3208,1739.7333,16767367.68,7802.6667
2022,2,4,2,30,6,98237104.1038,37355607.5847,20418.3467,13245388.9067,1301.3067
2022,2,4,2,35,6,86648032.9247,47395339.3609,544.2133,23028147.3067,48822.4
2022,2,4,2,40,6,80423941.6675,39148062.1425,508,20890939.3333,57091.7333
2022,2,4,2,45,6,80096720.579,43965077.1647,60130.3467,24017982.72,17020.6667
2022,2,4,2,50,6,92220747.962,42937576.5853,1293.9733,20957519.68,1686.4
2022,2,4,2,55,6,95172790.7234,35974654.3012,31230.9333,23527081.3333,13789.2
2022,2,4,3,0,6,91813042.2281,32416999.3011,28825.6,28697924.8,16104
2022,2,4,3,5,6,81461086.9535,34928983.2537,37078.56,26425658.08,15198.72
2022,2,4,3,10,6,91150990.7343,37119644.1147,18485.5467,17260451.52,15120
2022,2,4,3,15,6,83270955.7281,40013231.9061,119240,21075828.4,2261.28
2022,2,4,3,20,6,92491775.7059,35830538.6486,32326.1333,17225471.7333,35039.52
2022,2,4,3,25,6,69782335.8487,35770103.4244,14642.24,16696904.16,7587.52
2022,2,4,3,30,6,65353657.9161,35366194.6665,781.3333,15596129.3333,160
2022,2,4,3,35,6,78288295.3498,49498637.6627,355.3333,5919229.7333,12634.4267
2022,2,4,3,40,6,82928265.3204,33126186.3867,477.8667,4510439.2,17452.6667
2022,2,4,3,45,6,62467257.9971,50174930.2522,535.2533,12947784.64,15568
2022,2,4,3,50,6,49096144.9403,39200962.5432,496.6667,9886188.8,29315.76
2022,2,4,3,55,6,51056356.3575,36112508.0847,417.0667,12330978.88,16396
2022,2,4,4,0,6,66565730.3428,46668448.2829,408.1067,9894841.0667,3670.6667
2022,2,4,4,5,6,53385519.2036,37341156.4819,353.12,12475688.48,13387.4133
2022,2,4,4,10,6,46395190.6769,50476982.0664,399.2,9383073.4667,1816.6667
2022,2,4,4,15,6,43838426.1431,46410721.9936,431.5733,11073791.8933,53.76
2022,2,4,4,20,6,44556180.0047,43847077.2371,369.0667,10818518.1333,13873.6
2022,2,4,4,25,6,47280468.6592,42625800.4285,589.0133,10374528,1156.1333
2022,2,4,4,30,6,51018239.3444,37556408.6396,252.5867,11087800.96,37073.68
2022,2,4,4,35,6,41464950.96,44324233.8247,374.2933,7583944.7467,3011.2
2022,2,4,4,40,6,40123221.531,36978977.1364,486.5067,4009209.6,13914.6133
2022,2,4,4,45,6,47872782.5084,34397364.4338,290.6667,2352685.3333,28670.32
2022,2,4,4,50,6,36777789.951,34296370.1984,580.0533,9737598.08,16304.32
2022,2,4,4,55,6,45536506.1863,35845739.7008,426.6667,3681321.2,15112
2022,2,4,5,0,6,35300983.2809,32494207.8071,408.2667,11856713.4667,65653.3333
2022,2,4,5,5,6,42446302.1367,30555361.7036,376.5333,7051628.6667,21139.8933
2022,2,4,5,10,6,52708633.9442,31930821.0264,415.4667,9496879.36,12984
2022,2,4,5,15,6,69928140.8757,29500185.8777,510.72,8457838.9333,25700.48
2022,2,4,5,20,6,56149665.9296,32979404.1927,543.5733,12529651.52,10627.52
2022,2,4,5,25,6,62908931.4902,28353740.039,504.5333,13456035.52,1362
2022,2,4,5,30,6,53467365.1461,31001149.0709,511.8667,14513854.4,0
2022,2,4,5,35,6,50038007.5197,34483436.7,314.6667,15852722.7733,12724.2133
2022,2,4,5,40,6,52988530.5764,31323013.6946,296.2667,15727536.4,25294.8
2022,2,4,5,45,6,46238433.5182,30094083.0987,634.2667,15821329.2,5373.1733
2022,2,4,5,50,6,44692575.988,29277543.5351,561.3333,11496324.8,712
2022,2,4,5,55,6,54632349.5444,28024444.5151,544.2667,9601197.8667,21895.52
2022,2,4,6,0,6,54381465.2598,25485748.7321,378.8,11533273.6,16490.1333
2022,2,4,6,5,6,56423591.8036,37936389.4347,376,11566544,15128
2022,2,4,6,10,6,66613271.7137,35639527.3402,1028.9333,25146102,50132.16
2022,2,4,6,15,6,72427770.968,32708640.6591,16716.16,12195810.24,15927.04
2022,2,4,6,20,6,68714545.3688,32953724.9803,809.2,8566966.9333,1637.5467
2022,2,4,6,25,6,73600754.3185,36135833.4251,528.16,6515693.12,720
2022,2,4,6,30,6,77053697.4937,41609819.2317,14704.4267,7470176,939.2
2022,2,4,6,35,6,91408647.0624,38718054.1362,774.8267,4949011.52,35317.92
2022,2,4,6,40,6,86130891.5651,34078043.0622,387.3333,10690144.1333,37904
2022,2,4,6,45,6,101313548.426,33077056.6467,431.36,13860283.0933,16795.52
2022,2,4,6,50,6,111992731.198,31650035.4856,566.1867,14087980.0533,43163.7333
2022,2,4,6,55,6,117202784.769,28496169.2089,544.4,10530664.1333,4887.68
2022,2,4,7,0,6,91628176.7507,26456869.3312,426,6660052.9333,672
2022,2,4,7,5,6,88380161.3357,28041643.3773,455.5733,7943479.68,12339.3333
2022,2,4,7,10,6,111859139.647,34387017.0522,392.8533,7090453.5467,35765.7067
2022,2,4,7,15,6,124710444.299,41137505.928,635.8667,7096293.4667,41238.8267
2022,2,4,7,20,6,129258189.259,50122284.5502,450.56,5634675.6267,15984.8
2022,2,4,7,25,6,164938364.767,42953564.4468,448,8774244.1333,35194.7733
2022,2,4,7,30,6,160096696.024,54385393.4796,369.3333,15155046.4,30129.12
2022,2,4,7,35,6,133888944.189,52455225.3604,24424.2667,9369879.3333,16454.5067
2022,2,4,7,40,6,131691445.581,44588522.685,972.4,8145987.2,25929.92
2022,2,4,7,45,6,142817953.684,50475021.0876,283.84,7359940.8,3079.36
2022,2,4,7,50,6,139641953.685,50336330.5436,351.04,9716715.6267,25520.6667
2022,2,4,7,55,6,140295532.379,47053160.3918,328.32,9760575.5733,161624.1867
2022,2,4,8,0,6,123429691.681,37652946.7096,351.6,10976914.8,38935.1467
2022,2,4,8,5,6,153505554.956,36708028.9258,32017.76,6480519.84,14961.28
2022,2,4,8,10,6,139261619.371,42248668.4346,672.32,7732412.8,14166
2022,2,4,8,15,6,138449123.752,44168187.6184,54331.2,15016677.7333,118155.2
2022,2,4,8,20,6,135617922.979,30012540.8171,1139.2,15439881.28,126392
2022,2,4,8,25,6,151065936.441,29113813.1851,344.8533,14513611.9467,35576.96
2022,2,4,8,30,6,159441095.108,36008319.9448,312.4267,7484671.7867,47852.9867
2022,2,4,8,35,6,142588696.899,34608445.2229,351.2,5214812.64,13317.28
2022,2,4,8,40,6,168322982.608,31772455.9278,38631.2,4052381.8667,35601.12
2022,2,4,8,45,6,145522113.273,38112610.4098,949.9733,5582853.8667,58670.4533
2022,2,4,8,50,6,173738725.019,35321750.4538,336.96,6641280.32,43199.68
2022,2,4,8,55,6,189850719.899,44113402.5244,24738.4,6192401.7333,41144
2022,2,4,9,0,6,194853001.622,41686355.4707,781.0667,6501768.5333,19189.44
2022,2,4,9,5,6,169007152.628,38804754.3613,26107.7333,5539921.6,15416
2022,2,4,9,10,6,194812923.58,42103194.4396,733.4667,5437891.4667,61505.7067
2022,2,4,9,15,6,189892031.675,39616526.7976,27436,7086552,195264.5333
2022,2,4,9,20,6,185203764.91,43869819.4874,303704.8533,5746218.56,59390
2022,2,4,9,25,6,173261680.471,41554841.1811,4501.6533,3635528.96,30031.0667
2022,2,4,9,30,6,206927525.651,49140646.5935,392.2667,3639863.3333,23534
2022,2,4,9,35,6,257591344.092,61691988.4089,183661.7333,8909949.8667,114476.2667
2022,2,4,9,40,6,191460313.403,62754949.2439,5400.96,6778413.2267,162386.6933
2022,2,4,9,45,6,173777089.658,59396793.6106,46572.96,9271981.52,177071.2533
2022,2,4,9,50,6,190230350.124,52003608.4761,2033.0667,3756652,129225.4933
2022,2,4,9,55,6,211866536.633,43769585.7384,478.9333,6433700,125795.44
2022,2,4,10,0,6,201737730.218,44681368.6994,425.4933,4133592,51174.08
2022,2,4,10,5,6,243842626.005,44844302.6611,424,4067864,30080
2022,2,4,10,10,6,252851061.291,44600936.7563,56411.4133,8322118.08,225484
2022,2,4,10,15,6,208275515.879,53041926.5855,134104,9816903.0667,75646.08
2022,2,4,10,20,6,236976665.529,52327685.8605,2129.0667,5189817.3867,35295.84
2022,2,4,10,25,6,222971975.478,54140834.6988,12662.9333,8705719.0667,20272.96
2022,2,4,10,30,6,234562834.007,51422774.8012,14797.9733,7298942.1867,26474.56
2022,2,4,10,35,6,289872149.528,48913573.4005,616,9384264,47277.6
2022,2,4,10,40,6,280604063.697,54369143.4201,368.7467,10397468.48,29525.0667
2022,2,4,10,45,6,260222054.081,62855464.8043,312.7467,14602925.3333,196542
2022,2,4,10,50,6,186575514.384,60457154.9728,335.68,13431357.5467,61043.52
2022,2,4,10,55,6,196622479.394,52930125.5375,375.3333,11363141.2,47928
2022,2,4,11,0,6,228651550.654,56857986.2271,368.16,11880837.12,32248.2133
2022,2,4,11,5,6,241628836.576,47518195.9513,38450.5333,14022484,19280.8
2022,2,4,11,10,6,207955221.514,43156171.4812,2744.1333,28450383.3333,284084.4
2022,2,4,11,15,6,209079773.147,41779016.0437,454.6133,21499807.04,147007.9733
2022,2,4,11,20,6,210514505.954,43421044.7937,282.5333,16427027.4667,58513.92
2022,2,4,11,25,6,210963114.933,45345902.6972,23904.7467,23487275.6267,19236
2022,2,4,11,30,6,200023035.529,44151301.5552,39881.84,24823969.28,7221.8667
2022,2,4,11,35,6,232550067.606,48325374.3185,912.7467,23981624.32,19790.5067
2022,2,4,11,40,6,197412847.949,47650608.5056,344.6667,27288837.7333,15758.72
2022,2,4,11,45,6,238797447.565,39402449.8449,92273.8667,27593399.3333,24062.72
2022,2,4,11,50,6,234400579.713,40475594.3382,1878.5333,27820793.2,24928
2022,2,4,11,55,6,259016626.487,39327936.3498,280.6667,36805044.6667,75335.1467
2022,2,4,12,0,6,248792223.378,34399682.2464,585.76,35997914.4,75666.7733
2022,2,4,12,5,6,233565631.828,37106046.4677,322229.5467,25031450.88,38437.4933
2022,2,4,12,10,6,235708668.071,38825459.3138,106249.3867,43995561.1733,36274.6667
2022,2,4,12,15,6,281128179.871,37323974.9671,109389.3333,35384393.28,158155.04
2022,2,4,12,20,6,247161383.867,34231599.7643,34288,39116482.6667,51680.1067
2022,2,4,12,25,6,236646722.512,38349210.3584,806.72,36399901.9733,32012.6133
2022,2,4,12,30,6,228577883.378,34786938.505,192991.2,32280923.0667,111220.4
2022,2,4,12,35,6,247427075.895,33749974.4562,44405.7333,36152715.8667,44264.9333
2022,2,4,12,40,6,267214229.089,60804039.1757,29163.2,22602059.6267,34670.8267
2022,2,4,12,45,6,248462623.918,37230734.4971,112495.5733,24154849.6,136269.12
2022,2,4,12,50,6,250453628.465,33074033.3003,1885.9733,11593820.8,39219.84
2022,2,4,12,55,6,237778281.964,33015651.6875,37419.4133,14345611.52,16893.6
2022,2,4,13,0,6,227057138.04,32622208.9518,939.7333,22036498.6667,9854.1867
2022,2,4,13,5,6,243823772.717,30983007.0661,337.3867,14700476.6933,56310.9333
2022,2,4,13,10,6,255719941.428,31028225.6471,312.4,17987598.1333,436689.6
2022,2,4,13,15,6,262958987.7,33568150.6792,12379.4667,18543007.4667,114274.72
2022,2,4,13,20,6,295485576.943,35504473.3591,483.52,20203522.6667,69441.6
2022,2,4,13,25,6,262371423.767,29215672.7128,41879.6,16491092.9333,37764.88
2022,2,4,13,30,6,264129450.357,30359875.7836,66742.5333,23548509.8667,139518.72
2022,2,4,13,35,6,269373531.064,33173196.6271,39154.5333,25098652,151760
2022,2,4,13,40,6,302011903.026,36083270.9147,42990.9333,30037698,113946.9867
2022,2,4,13,45,6,276320743.355,39137395.7855,1000.9333,23384246.2667,46821.1733
2022,2,4,13,50,6,270748652.723,40267396.3468,58903.8933,26332779.9467,271090.6667
2022,2,4,13,55,6,310300813.578,30726077.4212,1119.5733,17693893.0133,304480
2022,2,4,14,0,6,305277851.446,32067777.2828,31688.2133,32917214.2933,40369.7333
2022,2,4,14,5,6,296881197.543,38265502.5555,32112,33124520,18440
2022,2,4,14,10,6,273629161.772,36761330.8839,62760.5333,59945219.8667,37450.88
2022,2,4,14,15,6,287357684.142,34079452.602,1404.16,33443758.9333,30708.64
2022,2,4,14,20,6,302355369.198,44609091.5493,332,48028003.3333,20510.1067
2022,2,4,14,25,6,300560823.05,49430907.7436,568205.9733,37601269.6533,7059.68
2022,2,4,14,30,6,328968942.761,45364017.0188,1554957.4667,36156064.8,5728
2022,2,4,14,35,6,345655932.061,40847688.1291,2283870.88,35570421.92,46296
2022,2,4,14,40,6,378435008.673,44607230.7335,1442656.2667,34229618.5333,173590.88
2022,2,4,14,45,6,369461057.376,50854193.5999,2146339.3333,52168874.9333,30190.48
2022,2,4,14,50,6,345003068.17,55649261.5513,1205636.6933,65409309.2267,20411.3067
2022,2,4,14,55,6,374086307.665,44491139.7084,152931.7333,67714925.3333,10316.2667
2022,2,4,15,0,6,354156043.161,45680482.4519,169648.2133,83353986.4533,61928
2022,2,4,15,5,6,358003777.87,48830894.1844,194114.9867,96358813.76,66504
2022,2,4,15,10,6,367538853.587,52413022.4823,2331530.1333,91267228.4,120969.9733
2022,2,4,15,15,6,347618690.628,46876202,2877810.9333,69465362.8,117203.3067
2022,2,4,15,20,6,364952383.025,52397136.6958,1127642.4,61571312,59605.68
2022,2,4,15,25,6,390414538.106,53732872.7559,1339699.52,68579349.0133,19963.6
2022,2,4,15,30,6,379343889.468,57106259.9371,1687756.6933,78856123.7333,22673.5467
2022,2,4,15,35,6,352646628.296,53295460.0333,2359221.12,42444429.0133,23472
2022,2,4,15,40,6,388768654.179,50695671.1343,3733672.9333,64075433.4667,53851.44
2022,2,4,15,45,6,412126970.475,52636184.9928,3756816,64450432,56856
2022,2,4,15,50,6,372234216.338,51271182.2094,4930973.0133,100216135.68,116217.12
2022,2,4,15,55,6,378069520.307,57014418.0625,2855919.68,63045288.1067,122088
2022,2,4,16,0,6,405088451.075,47296631.6388,2769201.12,79235295.2,182278.08
2022,2,4,16,5,6,380649242.672,47014175.0914,469556.16,58857161.4933,39053.44
2022,2,4,16,10,6,372762722.271,50108786.6371,1880566.1333,75606369.6,242682.6667
2022,2,4,16,15,6,354286897.959,48076343.0296,2087963.0667,77953218.9333,250022.8267
2022,2,4,16,20,6,352638737.565,52205971.6077,2553660.6933,74047941.44,175564.9067
2022,2,4,16,25,6,346695497.045,49832609.3419,1915200.32,56122808,15664
2022,2,4,16,30,6,327081960.96,44909486.7275,1889541.0133,45481355.7333,253176.1333
2022,2,4,16,35,6,344552408.013,46219090.4388,2969404.16,49551230.5067,105370.6667
2022,2,4,16,40,6,335036954.132,45303947.9058,2170339.4133,53599691.9467,43885.44
2022,2,4,16,45,6,359057147.502,46065417.47,2565732.2667,56999102.9333,87741.44
2022,2,4,16,50,6,379944646.791,46705063.4932,2581765.3333,50715201.0667,12176
2022,2,4,16,55,6,322684161.159,44292368.3125,2546289.8133,59203357.5467,105146.24
2022,2,4,17,0,6,338911503.01,43531909.1072,2895206.4,47588818.88,38303.36
2022,2,4,17,5,6,355020781.815,46868574.0915,2821089.3867,40885309.76,37550.4
2022,2,4,17,10,6,354872928.508,40752389.0389,3043264.2667,43367863.7333,63832.0533
2022,2,4,17,15,6,344720611.928,45460471.0551,2871429.2267,46948947.84,217248
2022,2,4,17,20,6,359564327.875,44926894.5684,2932602.9333,56663957.0667,20583.04
2022,2,4,17,25,6,322494215.811,42936756.6746,2626716.16,65106138.6667,59320.64
2022,2,4,17,30,6,360951978.857,48962106.7362,1529305.8667,64038944.1333,207277.44
2022,2,4,17,35,6,314709036.091,42255208.1542,79217.3867,55749059.4133,49013.6533
2022,2,4,17,40,6,347678055.047,43162546.5654,1320.4,46122617.8667,20562
2022,2,4,17,45,6,390595343.327,45619466.8725,101567.8933,41473439.4667,4305.3333
2022,2,4,17,50,6,368486523.876,47234119.0557,3524.8,64643370.56,30333.44
2022,2,4,17,55,6,383977772.319,55775132.2281,105980.0533,68835350.2933,70690.56
2022,2,4,18,0,6,355111563.237,61728609.6651,844479.36,55003192,36592
2022,2,4,18,5,6,407139619.885,64590956.3957,854440,54815592,33464
2022,2,4,18,10,6,361659345.417,52912050.9724,3955920.1067,168372605.76,203062.88
2022,2,4,18,15,6,398162217.944,61999870.2249,4210431.04,98043427.52,73811.84
2022,2,4,18,20,6,405887557.608,57969261.5491,3842807.6,106806336.267,12897.6
2022,2,4,18,25,6,421707898.061,51250121.7832,3500921.12,103380160.96,610184.96
2022,2,4,18,30,6,389807362.295,54236807.9271,3284132.48,84693355.68,150594.8
2022,2,4,18,35,6,478732628.297,54376412.7032,1620964.6667,75660980.6667,87224
2022,2,4,18,40,6,434349839.326,63039612.9631,290796.6667,100067335.333,166993.5467
2022,2,4,18,45,6,413491759.025,57524485.4265,209806.6667,72292682.2667,49255.68
2022,2,4,18,50,6,416548500.867,59873507.0525,213457.1733,80997202.4533,29568.8
2022,2,4,18,55,6,402446945.636,56654904.5746,138107.0933,80063841.8133,41247.0667
2022,2,4,19,0,6,396954751.215,56038004.9142,340763.8667,77691046.6667,105208
2022,2,4,19,5,6,405943039.694,55234577.6934,1128718.6133,89694412.16,13651.6
2022,2,4,19,10,6,405235954.293,57682587.0694,1203866,69092259.4667,25048.3467
2022,2,4,19,15,6,405874215.548,60580770.4746,1147559.68,74768892.6933,26808
2022,2,4,19,20,6,409797422.432,53538149.598,1975167.6,81228684.8,31060.48
2022,2,4,19,25,6,407822085.327,56636436.2831,1068013.4667,72767325.2,132436.6667
2022,2,4,19,30,6,389396413.999,51261617.6292,518423.8933,60973643.3067,113635.3067
2022,2,4,19,35,6,412171679.765,52861538.7032,89905.2533,62850097.36,36981.28
2022,2,4,19,40,6,406394684.382,52938282.8571,655303.4667,71345351.8933,32008.2667
2022,2,4,19,45,6,392929378.421,50662161.992,1702770.1333,93214802,77498.1867
2022,2,4,19,50,6,387964331.194,43494050.1603,2418249.4933,80846592.8533,39764.56
2022,2,4,19,55,6,381003883.097,42756768.8228,1476099.2,81093655.36,32425.3333
2022,2,4,20,0,6,404531575.719,47332925.8041,64864.96,82609101.5467,21662.9867
2022,2,4,20,5,6,390635758.916,54463424.6068,266907.04,80351482.24,48568.32
2022,2,4,20,10,6,436744041.175,52903009.3084,1037243.8667,61565923.3333,31655.4133
2022,2,4,20,15,6,380607530.182,55138125.2877,1145243.9467,74766268.9067,149320
2022,2,4,20,20,6,372297603.549,53211776.0106,2615156,72105859.8667,160184
2022,2,4,20,25,6,408893883.598,48365155.4594,3721042.88,69343158.24,563478.6133
2022,2,4,20,30,6,401373185.524,52802468.4549,168852.6933,56294701.8667,140634.08
2022,2,4,20,35,6,415141770.661,58254269.2224,362324.8,66538335.7867,55331.4133
2022,2,4,20,40,6,410067406.779,59264338.1306,239227.6267,60894925.0133,40127.44
2022,2,4,20,45,6,429140672.336,55437033.4788,1697612.6667,68468116,459415.5733
2022,2,4,20,50,6,410223452.852,60402182.152,167168.1067,75641289.7067,460994.6667
2022,2,4,20,55,6,447299969.977,64304646.3641,1502939.6,70669355.3333,456568
2022,2,4,21,0,6,473106587.835,55887332.2213,1229184.16,66074492,195548.0267
2022,2,4,21,5,6,415243606.959,55259376.2956,244498.9333,35026414.9333,118372.6667
2022,2,4,21,10,6,416609497.843,52167958.5124,306877.6,41712511.4667,62848.6667
2022,2,4,21,15,6,409406628.069,46843733.1591,87178.4,39388619.4667,39046.08
2022,2,4,21,20,6,385007935.14,45826317.0559,24015.0667,52102346.4,48833.0667
2022,2,4,21,25,6,421660237.382,42888151.3367,1094022.8267,60027694.1867,58810.88
2022,2,4,21,30,6,437695658.189,43530733.5794,581694.9333,55241738.88,51051.1733
2022,2,4,21,35,6,424049054.785,43849222.9787,607136.1333,65670552.4,23893.8667
2022,2,4,21,40,6,471791853.36,52533708.8062,1265907.7333,65447743.3333,59957.76
2022,2,4,21,45,6,424306571.021,48787441.9025,1308889.92,60361576.2133,22464
2022,2,4,21,50,6,451462045.719,50640147.979,1491055.7333,54107187.2,34161.92
2022,2,4,21,55,6,438459544.489,52139519.423,2507908.3733,56328067.3067,18748.6933
2022,2,4,22,0,6,423575846.583,55125805.7038,1883384.64,41416303.04,71544.48
2022,2,4,22,5,6,406322748.175,59318930.5643,1141122.0267,43707943.04,22844.32
2022,2,4,22,10,6,413481075.794,53447652.9564,1131208,43741640,19408
2022,2,4,22,15,6,422319354.203,50463964.1138,739840.7467,94611213.3333,306407.7867
2022,2,4,22,20,6,401102948.014,50118640.3516,21255.1467,45623659.52,224924.48
2022,2,4,22,25,6,419009620.203,52861999.0251,22666.6667,50268757.0133,215864
2022,2,4,22,30,6,420653724.738,168106859.812,57334.9333,64862356.5333,243443.7333
2022,2,4,22,35,6,408722057.98,57997851.5039,176533.12,59914335.2533,82008
2022,2,4,22,40,6,389966099.43,53399369.4731,2919.7867,57639575.4667,81079.9467
2022,2,4,22,45,6,405504240.376,55948929.1682,749.3333,57286307.3067,65029.6
2022,2,4,22,50,6,418760641.254,56038544.3284,29323.7333,56075165.7333,2296594.88
2022,2,4,22,55,6,396296644.213,55820541.847,1246541.6533,50657740.0533,6846936.96
2022,2,4,23,0,6,359251359.675,48471303.8695,1743605.8667,59105619.4667,4813478.24
2022,2,4,23,5,6,349133818.205,51132048.3826,342593.92,51364191.04,621364.8
2022,2,4,23,10,6,350097351.563,47199901.8089,28863.2533,51056126.6133,94182.6933
2022,2,4,23,15,6,361340551.386,44765692.7281,37339.7333,46733366.8,136012.5867
2022,2,4,23,20,6,352638202.877,43054056.4337,186151.8933,59943708.48,64849.44
2022,2,4,23,25,6,333413900.679,50560624.6603,315053.2267,69538123.52,48925.12
2022,2,4,23,30,6,321561193.528,51693416.8084,171120.2133,67329035.84,104882
2022,2,4,23,35,6,293433917.344,47519856.0975,201397.4667,65632971.7333,54289.28
2022,2,4,23,40,6,323773627.133,46312372.4933,199174.9333,64423847.4667,91269.6533
2022,2,4,23,45,6,280403373.596,44795560.2987,124347.4667,63056924.9333,113389.28
2022,2,4,23,55,6,252145258.844,45759614.8174,3002.1333,57260021.0133,90707.3067
2022,2,5,0,0,7,259354360.355,45645572.7563,45861.44,51135979.76,96080
2022,2,5,0,5,7,271644076.618,45411954.817,140617.7333,50563997.7333,23631.5733
2022,2,5,0,10,7,271108547.953,39996223.2782,12077.4667,46637174,64049.8667
2022,2,5,0,15,7,258666312.532,36277149.9202,18104.7467,51391857.6,68456
2022,2,5,0,20,7,234685548.695,40530479.3865,611142.4,48606898.9333,18697.7067
2022,2,5,0,25,7,224941428.122,44289858.1097,260245.7333,39591378.6667,5461.2267
2022,2,5,0,30,7,220975633.431,37806787.5508,422003.4133,48019248,130291.3067
2022,2,5,0,35,7,240267829.741,30156846.3737,189942.6133,36409258.56,17290
2022,2,5,0,40,7,218380517.771,35715332.6257,20558.1867,39606816.4267,5840
2022,2,5,0,45,7,211516276.793,39674266.1586,73779.8667,35715947.6,36264.48
2022,2,5,0,50,7,203405481.805,48441155.0012,233166.4,43052849.76,64858.4267
2022,2,5,0,55,7,208698103.188,49023493.4181,4356.9333,46956210.2667,25629.9733
2022,2,5,1,0,7,216515950.089,47489446.9331,98269.76,48568164.2667,17848
2022,2,5,1,5,7,208801438.342,46687126.298,1864.64,49156673.92,15520.2133
2022,2,5,1,10,7,195681342.897,42860020.1113,42994.3467,33026076.6933,51278.24
2022,2,5,1,15,7,181951709.152,40135749.6663,19240.7467,33727249.6,59168
2022,2,5,1,20,7,155147693.167,42420095.0568,23199.3333,21431540.4,18512
2022,2,5,1,25,7,162145071.654,41709771.2815,35577.7067,19977028.48,4434.72
2022,2,5,1,30,7,152853108.887,47017014.5582,50409.8133,24125069.8667,14175.7333
2022,2,5,1,35,7,151682670.988,45395416.0459,1172.0533,23933517.12,16490.72
2022,2,5,1,40,7,168203147.318,45917887.3962,377.7067,29219956.3733,3861.3333
2022,2,5,1,45,7,179117832.37,29483541.852,550.24,18083919.28,59786.6667
2022,2,5,1,50,7,186092924.098,31999491.0502,418.2667,26133527.2,34960.5333
2022,2,5,1,55,7,163014149.113,37230724.8993,400.2133,31605776.32,19060.2667
2022,2,5,2,0,7,159444249.661,37494474.8568,439.3333,28788295.6,112151.04
2022,2,5,2,5,7,141665397.217,41664246.4148,550.5067,24723278.8267,22223.36
2022,2,5,2,10,7,131402663.312,41401151.0502,552,24669008,15584
2022,2,5,2,15,7,143741696.763,41610531.0998,1488.1333,52411083.3333,265275.4933
2022,2,5,2,20,7,129228285.856,35208477.056,406.8267,29710423.7867,128356
2022,2,5,2,25,7,118632135.207,45264408.6727,549.8667,32333497.7067,45889.3867
2022,2,5,2,30,7,133240824.705,46001913.8329,259.9467,22503738.7733,19298.1867
2022,2,5,2,35,7,93830253.3792,39841002.752,713.8133,18056913.92,26939.3333
2022,2,5,2,40,7,105076534.691,34087861.3966,270.08,14773834.24,27792
2022,2,5,2,45,7,98253453.4752,39517767.7145,650.7733,19381718.4,16778.48
2022,2,5,2,50,7,89580418.5484,46784896.441,253.44,20621748.2667,15864
2022,2,5,2,55,7,98145841.7065,43960281.6258,539.0667,9652925.8667,15871.36
2022,2,5,3,0,7,85859941.3762,49040517.5282,418.1333,7291539.8667,14856.32
2022,2,5,3,5,7,81478544.0042,42321913.6941,581.76,6131166.5067,29935.68
2022,2,5,3,10,7,68648537.2107,40513345.0062,26072,6520519.4667,4433.2
2022,2,5,3,15,7,62869782.9249,41593201.2136,28769.3867,6280069.9733,14807.3333
2022,2,5,3,20,7,59797008.0872,42540402.625,1007.5733,4138368.7467,15952
2022,2,5,3,25,7,71258046.3073,40542381.3217,553.3333,5716427.4667,2055.3333
2022,2,5,3,30,7,67903946.9182,42265752.6279,559.8933,10116065.4933,52235.3333
2022,2,5,3,35,7,69228529.1979,49065862.8882,354.7733,9508133.76,19192
2022,2,5,3,40,7,68606249.1961,45006671.9044,604.5867,4932376.7467,16368.32
2022,2,5,3,45,7,65132891.7842,46626765.8336,536.96,3906477.5467,16408
2022,2,5,3,50,7,61630324.1426,47613333.6459,255616.96,2674843.6267,9195.2
2022,2,5,3,55,7,51747127.9275,48395095.3056,1247617.1733,2670302.8267,8568
2022,2,5,4,0,7,52654911.5639,37915057.8985,1176469.9733,2726317.2267,25856.64
2022,2,5,4,5,7,54490954.7368,34955344.9093,984529.8667,3249859.2,14745.7067
2022,2,5,4,10,7,64369731.0274,32270469.0225,942618.6667,10176579.4133,114403.52
2022,2,5,4,15,7,65799470.5266,38137938.6716,1116475.52,7933511.04,123192
2022,2,5,4,20,7,62282621.5599,39312479.157,959712.9333,8610455.2,29106.4
2022,2,5,4,25,7,51918298.9658,42014665.6867,1188083.6,4555507.4667,1278.8
2022,2,5,4,30,7,49306799.8765,40014484.2896,1188334.1333,4583461.8667,21916.24
2022,2,5,4,35,7,52377555.3434,34199829.8242,852741.2,3532021.2,41944.1333
2022,2,5,4,40,7,43007255.9752,37284532.5487,1041665.1733,1255010.6667,16720.9067
2022,2,5,4,45,7,57729653.5751,40666353.5032,1476220.8,4295926.32,5615.4667
2022,2,5,4,50,7,52205702.8281,48510839.0729,20175.2533,3400858.7733,12632
2022,2,5,4,55,7,52843309.8084,35332440.7716,447.8933,929610.1333,24876
2022,2,5,5,0,7,68696876.5963,43782781.925,17434.4533,4207274.24,25928
2022,2,5,5,5,7,66687485.8528,41960321.5968,732.8,4353816.32,25496.48
2022,2,5,5,10,7,75544969.2476,35084462.4306,551.36,1901265.1733,53954
2022,2,5,5,15,7,72810836.602,36331280.576,417.8133,2732179.3067,17383.2533
2022,2,5,5,20,7,57784797.1747,27304149.5525,13953.0667,4263156.9067,18337.4667
2022,2,5,5,25,7,51351132.0801,44261964.6023,550.2667,3142171.7333,2282.0267
2022,2,5,5,30,7,54391834.2474,42394862.1643,320,1305587.92,711.3867
2022,2,5,5,35,7,54691980.8505,36354484.1938,446.2933,4431501.8667,12296.64
2022,2,5,5,40,7,55823137.9015,23325249.0724,463.7867,3332860.6933,24891.04
2022,2,5,5,45,7,50923529.3356,30891189.7018,424.5333,1095127.2533,25808
2022,2,5,5,50,7,55812764.1356,34241298.2179,502.6667,4231775.4667,62011.44
2022,2,5,5,55,7,57102847.5283,30918012.8319,449.4933,3777881.92,20276.0533
2022,2,5,6,0,7,57739681.133,27234181.8699,408.6667,1562796.1333,15976
2022,2,5,6,5,7,60527199.2367,26659010.2479,400.1067,3570334.9333,13047.76
2022,2,5,6,10,7,52261758.9529,28921861.674,400,3597968,37979.52
2022,2,5,6,15,7,77769554.2165,32597584.9636,842.0267,9003488.4267,40000
2022,2,5,6,20,7,75119221.6896,33114494.3656,484.9067,2037442.88,16513.3333
2022,2,5,6,25,7,92051594.6522,36269668.2011,432.96,6578386.4,15640.4533
2022,2,5,6,30,7,95844918.2264,31963291.7338,606.24,4330374.88,47704.24
2022,2,5,6,35,7,93152888.9363,34593235.6905,53951.1467,1699962.3467,17224.64
2022,2,5,6,40,7,67168037.5525,32892983.0949,1438.2667,4885986.5333,14344
2022,2,5,6,45,7,80057626.4124,35684409.1032,465.2,4373885.0667,1855.3333
2022,2,5,6,50,7,73365195.4139,35598850.0333,574.5067,2738300.6933,720
2022,2,5,6,55,7,83050649.7216,30089692.346,441.8133,6069408.1067,1961.3333
2022,2,5,7,0,7,81780221.6779,28768787.9549,495.0667,5011522.2667,26188.16
2022,2,5,7,5,7,95391162.2674,29561460.3142,274.9867,2903774.4,6281.3333
2022,2,5,7,10,7,102846005.736,36919563.2946,358.8267,15527523.3067,18446.6667
2022,2,5,7,15,7,121681163.573,33023301.6892,35256.4267,18852735.1467,39140
2022,2,5,7,20,7,125183427.255,26885596.3962,243843.6267,18405476.0533,19703.52
2022,2,5,7,25,7,130248649.182,31255290.7902,4457.0667,15331564,17568
2022,2,5,7,30,7,131727205.314,37759835.2798,501.9733,18738560.96,24952.6667
2022,2,5,7,35,7,130346892.326,40797091.9528,393.4933,10980841.7067,25624
2022,2,5,7,40,7,145654752.65,36473623.3181,510,22771632.5333,17423.04
2022,2,5,7,45,7,149965386.277,37561890.3964,19360.5333,17274320.2667,14211.2
2022,2,5,7,50,7,148852764.787,37347880.4013,877.92,20076994.48,14048
2022,2,5,7,55,7,137653625.568,37701586.8157,45309.0133,21141640.64,24635.84
2022,2,5,8,0,7,138595478.318,35338726.2557,983.1467,19759230.2933,16464.72
2022,2,5,8,5,7,152715844.571,37286044.8376,305.2,17275701.8667,38732.1067
2022,2,5,8,10,7,165994106.623,32371184.6624,288.2133,20072978.4533,15759.6267
2022,2,5,8,15,7,190113345.732,31767033.7277,453.2,13150885.8667,125001.3867
2022,2,5,8,20,7,177531986.845,36271093.2704,65402.3467,20009924.0533,30505.5733
2022,2,5,8,25,7,192610846.629,43352066.6384,27065.92,17096832.2133,1917.76
2022,2,5,8,30,7,196106488.514,38615893.6594,99286.9333,16675020.5333,26610.88
2022,2,5,8,35,7,191840341.554,39463397.2388,1821.76,19933842.56,25610.9067
2022,2,5,8,40,7,221940700.01,35930742.5322,362.56,12976228.64,69182.8
2022,2,5,8,45,7,238646224.912,39728817.9018,23292,19726216.96,18603.7867
2022,2,5,8,50,7,250882351.692,37629092.3384,42269.8667,20755685.2267,15328
2022,2,5,8,55,7,269888978.86,42018366.8595,1298.6667,14611439.3333,23534
2022,2,5,9,0,7,262492044.247,41386794.0948,14050.24,19014031.4667,19359.2533
2022,2,5,9,5,7,270001842.532,41034683.1713,30050.24,21809155.0933,27201.5467
2022,2,5,9,10,7,267865816.012,42646579.86,135559.3333,22081899.4667,16768.16
2022,2,5,9,15,7,298038664.572,42183747.4819,3036.96,18127315.36,43975.3333
2022,2,5,9,20,7,268186773.962,41107971.5931,556.48,20955789.6533,29115.12
2022,2,5,9,25,7,252719055.468,36555536.5796,146034.1333,21459018.88,38826.4533
2022,2,5,9,30,7,271492757.037,36412121.6062,1093100.3733,16228085.0133,40048
2022,2,5,9,35,7,288521203.096,38591422.5427,179642.8,13196668.4,161189.0667
2022,2,5,9,40,7,314552254.694,40255555.8105,2612.16,11573504.5333,42671.7867
2022,2,5,9,45,7,307547516.973,39383354.5688,353.3333,10295099.6,27672
2022,2,5,9,50,7,308151277.331,41703717.2123,428416,14334112.32,21080.24
2022,2,5,9,55,7,416176115.37,44054867.631,40973.28,20122002.88,29803.52
2022,2,5,10,0,7,304066238.432,39519484.5347,1043.7333,20596082.1333,172080.8533
2022,2,5,10,5,7,286666991.483,40631605.2302,135898.3467,18636964.48,34958.56
2022,2,5,10,10,7,293864552.06,40648757.1545,137728,18610408,179285.6
2022,2,5,10,15,7,296776366.539,38441264.8018,44067.4667,47323945.8667,192736
2022,2,5,10,20,7,273831744.416,36327772.4662,40269.4667,27713210,39298.9867
2022,2,5,10,25,7,274494515.497,39828688.596,1079.6,23912784.5333,16885.7333
2022,2,5,10,30,7,283065026.019,43566021.1831,78303.8667,32509215.8667,6261.92
2022,2,5,10,35,7,274530636.037,36767049.1934,34343.4667,36195361.3333,3074.1333
2022,2,5,10,40,7,268679765.188,37012730.1897,120923.6267,28466960.5333,2976
2022,2,5,10,45,7,280632466.04,39630735.912,54418.6667,27770998.6133,14181.5733
2022,2,5,10,50,7,301833014.188,39869794.6974,35811.8667,26946786.4,15112
2022,2,5,10,55,7,299219312.364,39423052.6253,82824.64,42238212.16,7929.3867
2022,2,5,11,0,7,323092537.231,43394880.5908,50565.6,44734743.4667,55429.5467
2022,2,5,11,5,7,315583919.435,39238901.1956,998.2933,29004913.7067,145258.9333
2022,2,5,11,10,7,287409243.874,44766759.5586,107256,36790192.4,47097.44
2022,2,5,11,15,7,294110420.349,43413659.1061,38716,43417954.4,23984
2022,2,5,11,20,7,282576194.684,42000444.226,71087.3333,41216584.1333,149368.96
2022,2,5,11,25,7,283908884.849,37184522.1074,99677.3333,36248415.7867,50905.0133
2022,2,5,11,30,7,291944889.078,40515251.7536,61868.0533,38745002.24,41824
2022,2,5,11,35,7,301171551.676,40945845.5264,36322.24,43788820.3733,25336.96
2022,2,5,11,40,7,306464911.464,41287564.2208,13480.1067,37260077.0133,23968
2022,2,5,11,45,7,306423992.812,39312346.4907,36618.6667,52215849.4667,123958
2022,2,5,11,50,7,317259441.148,39533562.8751,184382.2667,53345204.4,165665.1467
2022,2,5,11,55,7,324549210.14,37163301.432,124190.5333,52297701.4667,155531.7333
2022,2,5,12,0,7,333600563.739,39017398.9964,362101.6,51803754.8,25857.04
2022,2,5,12,5,7,346572802.527,38202423.4014,172797.2,50073580.2667,101702.0533
2022,2,5,12,10,7,321463723.771,41502557.5081,1247938.7733,65024462.6133,54116.8533
2022,2,5,12,15,7,304236043.874,39314985.2904,3935116,60890981.12,49496
2022,2,5,12,20,7,332418292.162,39373617.8736,2292853.5467,61499078.6133,187432.64
2022,2,5,12,25,7,329609896.383,40365998.6345,64474.8,39158703.7333,41649.0667
2022,2,5,12,30,7,361086253.087,44598498.3888,829220.5333,62939703.8667,57612.0533
2022,2,5,12,35,7,345570152.873,36648379.0069,1092174.2933,66927776.7467,445997.7867
2022,2,5,12,40,7,343155879.211,36234307.2887,1209302.72,64495308.6933,258988.96
2022,2,5,12,45,7,345827447.435,37605386.2644,268476.2667,59225589.0667,52765.28
2022,2,5,12,50,7,320002053.858,35010007.4687,100099.52,62172308.16,43269.44
2022,2,5,12,55,7,330466768.015,38542716.4522,95341.7333,68182609.7333,38575.2533
2022,2,5,13,0,7,355494616.516,37766595.8996,230618.4,59700298.8,63652.8
2022,2,5,13,5,7,305335046.555,32748483.4902,141281.0667,48326305.7333,117565.3333
2022,2,5,13,10,7,332140470.255,32950857.7323,66173.12,33413718.56,112950.6667
2022,2,5,13,15,7,333837235.387,32639733.1301,2093.6533,40960792.32,112104
2022,2,5,13,20,7,320807078.277,33107597.5976,79025.7333,53257585.2,131588.3733
2022,2,5,13,25,7,328957303.456,38633682.2293,80430.8267,43952946.56,73012.2667
2022,2,5,13,30,7,360878518.35,38498110.4558,1228256.8533,43733334.8267,88664.64
2022,2,5,13,35,7,398807376.026,42327920.315,1537376.32,41989082.3467,214250.4533
2022,2,5,13,40,7,395641133.074,39606357.9884,1056796.6667,39484932,236696
2022,2,5,13,45,7,393263830.432,39661647.8253,139905.3333,55679082.2667,215197.12
2022,2,5,13,50,7,400588682.412,41356179.7575,163892.4,57173935.7333,46220.48
2022,2,5,13,55,7,403192648.419,39173708.1178,576189.44,62178916.48,106119.68
2022,2,5,14,0,7,386921537.925,39385701.5602,1468931.0667,65557776.8,112280
2022,2,5,14,5,7,381887793.178,42092199.8162,1904669.4667,78782208.4,310181.0667
2022,2,5,14,10,7,401062132.622,45255838.0204,1911800,79005400,328960
2022,2,5,14,15,7,400171327.938,38805378.6525,2747531.0667,133524884.933,181117.76
2022,2,5,14,20,7,420857221.796,39283587.2265,136949.5467,53030568.32,214034.3467
2022,2,5,14,25,7,412442682.453,43453747.7208,768581.2,58446382.2667,834130.72
2022,2,5,14,30,7,454034321.423,46506773.6301,140575.36,67277039.2533,154107.6533
2022,2,5,14,35,7,478992893.581,38975237.3628,144944.2133,56564910.9333,25253.28
2022,2,5,14,40,7,418599262.723,39760995.1718,107271.4667,60566475.0933,24936.24
2022,2,5,14,45,7,433207613.261,42639334.07,130682.5333,55058253.7333,310800.2133
2022,2,5,14,50,7,411202260.04,39125364.0696,175227.52,71668518.5067,51057.28
2022,2,5,14,55,7,416941521.921,47651692.1162,343989.7333,72092378,563710
2022,2,5,15,0,7,435654458.99,45350309.1113,333997.5467,52676604.6933,5006910.08
2022,2,5,15,5,7,447527125.771,46964267.4655,1172977.0667,46368634.9333,8907081.7067
2022,2,5,15,10,7,459245732.669,43262692.872,1506885.6,56282849.7333,9581225.5467
2022,2,5,15,15,7,452082446.471,45355526.9252,1140690.5333,63227499.6,9454895.2
2022,2,5,15,20,7,453283697.086,45401359.7004,103885.76,59304335.4667,8712397.76
2022,2,5,15,25,7,483091569.632,53390089.3962,191211.8667,73177819.3333,9655344
2022,2,5,15,30,7,470779429.048,59914646.8502,17076.5333,58361894.5333,8426608.6667
2022,2,5,15,35,7,426948399.391,50099831.0738,85792.8,62631454.5333,9362344.64
2022,2,5,15,40,7,429758421.987,47711125.828,86992.2667,58553301.0667,11863121.2267
2022,2,5,15,45,7,465012162.314,50432955.7662,175759.4667,39535203.0667,11789649.1733
2022,2,5,15,50,7,391584578.016,48765638.083,171497.7333,39840203.3333,17447917.1733
2022,2,5,15,55,7,366418047.264,56294619.7124,200329.0667,47475207.68,21598591.36
2022,2,5,16,0,7,364482176.129,46356619.4911,515948.16,41763292.3733,16987272.24
2022,2,5,16,5,7,467753680.166,52179791.6677,1482183.3333,42751896.1333,26100334.4
2022,2,5,16,10,7,472926440.642,50302962.328,235699.2,37468472.1333,25914981.0133
2022,2,5,16,15,7,462863282.186,52669376.232,67228.6667,59304966.9333,17026561.76
2022,2,5,16,20,7,449532636.458,53746343.5947,113186.8,57830261.8667,16614274.6667
2022,2,5,16,25,7,454509062.623,49183081.6289,120466.5333,56451793.4667,16688998.6667
2022,2,5,16,30,7,460730621.156,165226695.365,688140.2667,53703750,16859740.0267
2022,2,5,16,35,7,439467144.394,52584948.8567,85513.6,56676744.2133,10649633.92
2022,2,5,16,40,7,406014080.199,50058449.1244,1735.7333,65995868.2667,15094480.64
2022,2,5,16,45,7,442572280.992,50104402.1937,47555.52,66795818.9867,18390917.84
2022,2,5,16,50,7,436392274.153,48527266.6255,1005.6533,74246812.2667,18138789.6
2022,2,5,16,55,7,466193074.745,49733976.2642,96774,77329684.5333,18880398.72
2022,2,5,17,0,7,436214593.503,50637043.8225,55618.24,74396544.1067,21415421.2267
2022,2,5,17,5,7,420624442.735,48879439.1565,303445.7333,81818197.8667,29069155.0933
2022,2,5,17,10,7,420211709.129,49064491.134,453268,69734055.6,36079574.3467
2022,2,5,17,15,7,458431546.585,47509879.1458,9389.12,65981769.6,25311708.6667
2022,2,5,17,20,7,459291778.099,49656533.7026,71864.64,79166790.2933,26502037.4667
2022,2,5,17,25,7,464100086.252,48269542.8057,42450.56,91747499.4133,26697992.9333
2022,2,5,17,30,7,454508917.013,48485332.0939,327391.8933,80613397.5467,29769840
2022,2,5,17,35,7,437823717.497,46903997.8778,51855.5733,82555917.8667,31585741.12
2022,2,5,17,40,7,442896335.371,52488727.7452,41849.6,87866210.9333,46108417.28
2022,2,5,17,45,7,491930087.217,46228378.3482,28751.5733,87555046.72,45694565.3333
2022,2,5,17,50,7,514397372.043,46035170.1241,61072.8533,73008999.04,58250245.9733
2022,2,5,17,55,7,521632852.763,51405181.5528,81700,83358001.76,66788350.7467
2022,2,5,18,0,7,570250515.35,46016418.3121,189516.5867,61936160.64,57369589.8133
2022,2,5,18,5,7,554040434.634,46914935.6263,367826.0267,65003391.68,64137968.5333
2022,2,5,18,10,7,578374234.711,49612145.4304,370216,65048792,64692176
2022,2,5,18,15,7,594507494.316,53599515.1492,1238190.6133,161108401.173,146566393.333
2022,2,5,18,20,7,616647653.161,55818449.2146,981680.8533,75615167.8933,71827611.52
2022,2,5,18,25,7,638011418.915,52708464.9678,1002525.3333,70609056.7467,61026406.08
2022,2,5,18,30,7,637752435.436,56663630.5949,1083028.5867,65299254.08,71531343.84
2022,2,5,18,35,7,646928556.623,57915295.6059,545676.48,73163354.08,85643738.6667
2022,2,5,18,40,7,667626416.402,60578233.853,534688,73325296,86665144
2022,2,5,18,45,7,658215157.115,63321648.7379,180444.1333,125589124.4,135012601.253
2022,2,5,18,50,7,693956776.975,64819607.6941,221618.4533,62903829.2267,83299963.6
2022,2,5,18,55,7,666831656.631,59068999.9004,84177.92,56186217.4933,65988349.0133
2022,2,5,19,0,7,671114058.404,60185184.47,84026.9333,66741396.8,67700450.48
2022,2,5,19,5,7,652804768.347,57330359.5466,135836.2667,55395621.0133,48873937.3333
2022,2,5,19,10,7,694696105.507,53752268.1948,155385.6,61920582,46106517.84
2022,2,5,19,15,7,632824031.396,54188365.0063,299952.9333,73770190.9333,62913715.4667
2022,2,5,19,20,7,654671279.813,55487747.4376,302400,73969888,66727832
2022,2,5,19,25,7,664704904.982,59179222.3131,2152976.2133,98901841.7067,120532085.28
2022,2,5,19,30,7,686042430.004,56123520.5548,255984.2667,52323140,74591965.3333
2022,2,5,19,35,7,659264984.687,53135607.1506,442148.0533,67849692.0533,68810018.16
2022,2,5,19,40,7,634208515.5,56547284.8194,912002.56,60261562.88,65339811.5733
2022,2,5,19,45,7,648871697.919,56985433.8237,621329.6,65035615.3333,66321279.2533
2022,2,5,19,50,7,638335258.632,54730294.6613,144351.0667,72603878.1333,70907259.84
2022,2,5,19,55,7,600155704.258,62301250.5833,168762.6667,66066513.2,63569371.36
2022,2,5,20,0,7,554623975.945,56311347.4093,304122.24,78103602.24,69579102.6133
2022,2,5,20,5,7,506157494.032,62296460.8238,164637.5467,66181654.1867,48656919.0133
2022,2,5,20,10,7,471541940.981,55072793.7543,20576.96,71496727.5733,37126393.3333
2022,2,5,20,15,7,470379728.073,58975839.3234,11441.4933,74479990.08,31950026.6667
2022,2,5,20,20,7,463656789.25,57263847.5222,2288183.8933,60666401.3867,33044547.4133
2022,2,5,20,25,7,423329530.74,52961522.6028,1432740.5333,71509564.6667,34042251.1467
2022,2,5,20,30,7,428494964.52,54665390.9071,36317.6,38715433.4667,26128690
2022,2,5,20,35,7,451171182.988,57850382.5724,118057.7333,36498524.1333,26077660.16
2022,2,5,20,40,7,470668513.183,56042421.167,69870.9333,43821729.6,28153128.6667
2022,2,5,20,45,7,481722484.232,58185714.2325,257587.84,42671436.2667,28505497.12
2022,2,5,20,50,7,524599693.269,54822757.0733,39853.6,45024245.8667,21738942.72
2022,2,5,20,55,7,499440210.517,55995783.6929,50059.52,50024399.84,5424928
2022,2,5,21,0,7,504088043.094,49018530.3514,118201.8667,53662264.9333,8322747.3333
2022,2,5,21,5,7,480938444.89,46693099.3665,1959753.7067,38833131.7333,8745016
2022,2,5,21,10,7,450447733.543,44093849.8554,1365013.12,45193153.44,9620356
2022,2,5,21,15,7,447026883.632,41825343.9922,977229.44,33786757.9733,9518377.3867
2022,2,5,21,20,7,488793699.691,45848028.3084,255571.6267,32442300.9067,8968930.8267
2022,2,5,21,25,7,512215637.875,47693593.4402,414832.5333,53726608.8,2846532.64
2022,2,5,21,30,7,515673079.34,50659624.7716,209051.52,59607321.6,3338265.12
2022,2,5,21,35,7,515166457.305,45139798.848,79599.2533,62960850.0267,5173087.36
2022,2,5,21,40,7,487298039.523,43619319.6225,165661.8667,61425885.5467,3335364
2022,2,5,21,45,7,492868674.517,47283230.4946,419147.7333,78774403.6,1102511.12
2022,2,5,21,50,7,474277985.488,50003419.0275,400904.32,77113313.6,634730.9867
2022,2,5,21,55,7,484518964.297,48789518.0123,5720.2133,48810655.2533,770354
2022,2,5,22,0,7,471289105.987,47632037.2829,299285.8667,56545598.8,590802.8267
2022,2,5,22,5,7,462094609.896,44549901.4929,1841207.6,51928806.5333,603819.44
2022,2,5,22,10,7,470141809.031,44403293.7794,1867256,51848224,920308.24
2022,2,5,22,15,7,488022812.73,45827025.0358,4776636.0533,113522531.413,951184
2022,2,5,22,20,7,552006281.037,46285021.7915,1188498.2667,75470381.7333,598396.2133
2022,2,5,22,25,7,542914882.824,47591952.0151,281742.6133,64241491.3067,636178
2022,2,5,22,30,7,514541200.952,47561298.2839,77814.8,78002493.7333,535590.4
2022,2,5,22,35,7,534808522.008,50567294.2324,44681.6,89860262.08,3068370.88
2022,2,5,22,40,7,512014955.163,49502937.1344,75444.2667,81923611.6,708767.3333
2022,2,5,22,45,7,498001021.407,50836818.5842,109356.9067,85785421.2267,471980
2022,2,5,22,50,7,491175143.036,56239173.6655,184100.8,87061613.8667,466032.48
2022,2,5,22,55,7,519882569.944,58728338.0247,56456.8,87690759.6,729606.4533
2022,2,5,23,0,7,462322504.265,58453516.188,121065.3867,93299750.1867,360630.6667
2022,2,5,23,5,7,427920936.078,50637804.0819,50538.6667,91489964.6667,380492.0533
2022,2,5,23,10,7,429402615.661,56117316.7378,157124.9333,82619855.2,398141.52
2022,2,5,23,15,7,441093990.196,57613604.317,149778.8,76153886,399792
2022,2,5,23,20,7,410591358.118,56355634.0662,1218264.32,89456501.76,395476.2667
2022,2,5,23,25,7,366248082.189,56342999.6605,156344.4,63740894.1333,234046.72
2022,2,5,23,30,7,341575169.989,54972428.2092,98650.5333,77323392.8,456135.9733
2022,2,5,23,35,7,331698984.117,52069024.7281,30409.1733,63137370.88,376805.28
2022,2,5,23,40,7,351338532.183,50110394.7436,766.9333,45397712.5333,306187.3333
2022,2,5,23,45,7,361354428.59,48926372.5311,19427.4667,48716540.5333,1844553.3333
2022,2,5,23,55,7,351051153.888,45587387.05,119504,52844049.4667,9002070.1333
2022,2,6,0,0,1,363425689.985,38146076.5377,127409.0667,53451118.9333,8919094.1333
2022,2,6,0,5,1,366211793.522,41361982.3289,130855.0667,52755735.8667,4149094.1333
2022,2,6,0,10,1,324880504.485,50141955.3699,191098.6667,57455930.6667,520966.8533
2022,2,6,0,15,1,332937920.137,49343770.4727,265677.7333,49957247.6,256623.7333
2022,2,6,0,20,1,331927709.031,45830656.1118,49963.9467,73968242.9867,166168.4267
2022,2,6,0,25,1,316778595.478,46170798.8901,37702.08,75824033.92,221820.48
2022,2,6,0,30,1,291073976.337,46813929.0221,52373.2,55233549.6,228984
2022,2,6,0,35,1,335229465.852,49992609.1298,141454.4,45326388.9333,425409.6
2022,2,6,0,40,1,317088126.588,51036115.5493,1176293.8667,45368225.2,104145.2267
2022,2,6,0,45,1,296270938.55,51808262.3445,166861.8667,35520528.6667,247221.3333
2022,2,6,0,50,1,292322170.876,49233949.9082,55596.3733,30884283.6267,248033.1733
2022,2,6,0,55,1,291452585.732,46698302.0166,121414.9333,27358802.2667,93485.3867
2022,2,6,1,0,1,285639657.608,46949057.0579,204719.3333,25359632.8,81376
2022,2,6,1,5,1,278069264.383,46927764.1328,238743.04,32587758.1867,198556
2022,2,6,1,10,1,267524786.066,52835560.4659,86012.1333,22193910,176704.8
2022,2,6,1,15,1,251903728.038,50437493.6862,78206.4,23255506.9867,173256
2022,2,6,1,20,1,225459360.14,53115752.276,167338.56,20776597.12,153199.2
2022,2,6,1,25,1,218557860.995,52608416.6255,3147.3333,24394523.6,68642
2022,2,6,1,30,1,209836480.232,45592897.2878,470.2933,16051136.8533,117829.44
2022,2,6,1,35,1,214063742.019,39893207.1597,511.3333,22564274.6667,173306.96
2022,2,6,1,40,1,199379565.505,40612195.5413,26149.5467,19103106.3467,128242.32
2022,2,6,1,45,1,153487405.357,35534007.9658,64257.7067,24101584.4267,124152
2022,2,6,1,50,1,184709094.543,41879887.6978,1653.7333,21521336.9333,53703.44
2022,2,6,1,55,1,190805556.225,49190394.3458,426.1333,17389627.3067,46736
2022,2,6,2,0,1,217910957.303,50198407.5589,518.4,18396455.0667,117067.3333
2022,2,6,2,5,1,231425243.822,52644927.2098,128550,19256763.6,165862.9333
2022,2,6,2,10,1,218247152.934,50211787.7716,103517.0667,18528434.5333,76023.44
2022,2,6,2,15,1,193234648.65,45605067.4915,103056,18515848,58280
2022,2,6,2,20,1,195992616.558,49981623.3174,374026.24,52643787.6267,231499.1467
2022,2,6,2,25,1,207402116.279,55282276.6894,5580.48,26016642.56,88342.2933
2022,2,6,2,30,1,204769172.831,54628916.0724,520.4267,26906452.8,151144.96
2022,2,6,2,35,1,195338684.758,44469905.1872,34008.4,25267176,150553.5467
2022,2,6,2,40,1,180624288.3,48845533.2395,900.16,23691060.8,74893.7867
2022,2,6,2,45,1,179844342.923,60194713.052,29635.2,28014472.8,112233.52
2022,2,6,2,50,1,171986770.735,58410075.8829,8626.56,27117830.6133,114922
2022,2,6,2,55,1,168573117.196,52859638.0135,40027.7333,21747056.8533,114824
2022,2,6,3,0,1,187209071.019,62064186.51,13843.0667,21465363.3333,119928
2022,2,6,3,5,1,169204025.083,54713030.5823,691.6267,21336406.72,111806.72
2022,2,6,3,10,1,150955934.645,51920043.7792,606.8267,18880469.44,57693.4933
2022,2,6,3,15,1,151029119.967,46005067.2081,505.3867,21738008.4267,85942.9867
2022,2,6,3,20,1,161124603.861,45576033.2839,582.6667,22172702.4,86807.04
2022,2,6,3,25,1,159489191.992,52092917.1168,285.0667,16529890.5333,200472.9333
2022,2,6,3,30,1,173477678.143,50131600.2038,36281.4933,26066418.0267,209952
2022,2,6,3,35,1,173355377.53,56341498.0793,932.2667,22097126.08,96110.32
2022,2,6,3,40,1,156917596.768,50127450.2249,503.2533,16077485.8667,20450.6667
2022,2,6,3,45,1,144638760.561,52954995.741,527.76,23197292.64,55052.0533
2022,2,6,3,50,1,129204598.576,63083273.5743,330.6667,15651749.6533,117416
2022,2,6,3,55,1,149397861.479,52343438.5574,518.08,14934120.88,36234.6133
2022,2,6,4,0,1,161192352.95,44378878.7691,654.64,13367363.12,69031.9467
2022,2,6,4,5,1,178434418.254,41244237.2335,632.4,15872339.6,19924.8
2022,2,6,4,10,1,164148312.375,34774873.533,442.56,11594292.8,15368
2022,2,6,4,15,1,160033472.769,37303860.5532,661.0133,15131948.8,150041.7067
2022,2,6,4,20,1,171528027.007,38870196.7768,593.2,14276058.2667,26307.84
2022,2,6,4,25,1,168468072.219,43440912.8899,663.04,14893212.9067,14576
2022,2,6,4,30,1,177558412.671,44881482.8654,420.96,19813222.08,57334.6133
2022,2,6,4,35,1,156145144.828,48520037.0359,549.7333,10840569.7333,63393.92
2022,2,6,4,40,1,178513590.671,44693207.5953,17751.5733,10172422.9333,43912.08
2022,2,6,4,45,1,200458708.082,54677317.1623,523.9467,10058793.6,30113.92
2022,2,6,4,50,1,171004817.25,53228204.0135,540.5867,13588347.84,28959.6267
2022,2,6,4,55,1,163845632.209,56319883.3383,370.3467,14853231.7867,42380.96
2022,2,6,5,0,1,169221045.946,45044834.266,510.08,13773493.3333,87015.68
2022,2,6,5,5,1,133924805.831,36215608.0978,488.32,19724556.0533,110377.6
2022,2,6,5,10,1,140332323.896,33812947.8798,393.28,15889553.8133,61862.08
2022,2,6,5,15,1,165675833.797,37624433.6659,13360.7467,12402968.96,57888
2022,2,6,5,20,1,146147212.912,34402123.8745,650.4,13689448.8,31436.16
2022,2,6,5,25,1,132875729.358,37160364.9069,550.4,10940966.9333,49611.84
2022,2,6,5,30,1,139162750.081,41767441.7743,512.5333,11824206.2933,95410.4
2022,2,6,5,35,1,127343350.706,33283066.8963,401.12,13401362.8,99072
2022,2,6,5,40,1,121545351.812,35753274.8292,565.2,12000758.9333,27511.7333
2022,2,6,5,45,1,120101930.742,34162097.5768,23119.2533,10265414.1867,28054.8267
2022,2,6,5,50,1,118357414.842,38874118.6997,675.4133,10896834.7733,29176
2022,2,6,5,55,1,117810120.067,38664868.4122,494.2933,13762679.8933,27883.3333
2022,2,6,6,0,1,128155606.001,52215545.0417,519.6,10395524.8,28906.16
2022,2,6,6,5,1,130005970.007,56316848.8654,496.32,10090115.0933,97810.56
2022,2,6,6,10,1,148193281.168,53803810.2873,409.4667,14563695.8667,28116.56
2022,2,6,6,15,1,136384611.573,45525967.7326,408,14639576,12448
2022,2,6,6,20,1,134673876.804,43999897.7134,17053.8667,15424543.4667,130060
2022,2,6,6,25,1,157630210.323,32550934.0706,683.84,10588165.12,25902.72
2022,2,6,6,30,1,145757685.616,31887787.7473,548.5333,9810904.4,1115.04
2022,2,6,6,35,1,150770563.762,29786917.491,418.2667,6260682.4,91895.68
2022,2,6,6,40,1,153883524.608,29483556.9604,479.1467,6142845.8667,36519.68
2022,2,6,6,45,1,171884116.745,39082711.1289,519.4667,4795824.4267,75136.8533
2022,2,6,6,50,1,177741392.908,158298510.495,385.8133,3069246.2933,44012.32
2022,2,6,6,55,1,172091987.808,44153939.6535,399.7867,7078871.8933,40728
2022,2,6,7,0,1,176300978.813,34082189.1087,557.3333,9438442.9333,42561.3333
2022,2,6,7,5,1,159516364.235,37909017.4152,410.0267,8717715.52,73663.84
2022,2,6,7,10,1,162377670.744,41366018.8593,502.72,8481296.1067,17224.4
2022,2,6,7,15,1,167282846.711,34390319.9422,480.24,6897606,12792
2022,2,6,7,20,1,170842130.332,39658336.4963,637.8667,9763930.1333,64577.76
2022,2,6,7,25,1,183970039.854,45656128.4874,271.52,11586033.12,27981.2
2022,2,6,7,30,1,180423139.379,38195381.6725,540.2667,6984388.16,2446.4533
2022,2,6,7,35,1,177112055.245,36062005.7586,575.5733,6484508.16,53634.6133
2022,2,6,7,40,1,182952334.84,36912925.4512,322.56,14012381.2,69458
2022,2,6,7,45,1,192197004.253,41647007.2229,509.44,12047713.92,70424
2022,2,6,7,50,1,197726072.922,36187827.2503,645.28,13938364.48,7357.3333
2022,2,6,7,55,1,208729783.107,35147398.6267,545.7333,9137120.5333,1624
2022,2,6,8,0,1,193253383.377,39778856.8886,599.0667,11077867.4667,40064.2133
2022,2,6,8,5,1,219967691.556,37639883.6262,371.0933,10998906.3467,55702.72
2022,2,6,8,10,1,203787860.13,33964610.6194,68013.4667,12394637.6,32578.24
2022,2,6,8,15,1,207299990.649,33317797.2895,1726.9333,12642795.3333,30456
2022,2,6,8,20,1,233764615.755,45113695.4888,670.8267,11340521.7067,82373.44
2022,2,6,8,25,1,225182711.004,39397188.6036,36803.6,9340102.2667,36185.92
2022,2,6,8,30,1,227052111.807,33000052.8002,99465.4933,11467035.52,47714.56
2022,2,6,8,35,1,236375221.819,34998895.7801,2120.1333,9643144.2667,58468.16
2022,2,6,8,40,1,264716077.199,34025659.0434,114648.5333,10326406.9333,106326.08
2022,2,6,8,45,1,267659608.5,34626621.0886,2043.84,14693871.8933,49050
2022,2,6,8,50,1,272863118.308,37720723.814,30806.4,17111911.1467,32486.6667
2022,2,6,8,55,1,283956168.542,39895122.2797,1055.5733,25527009.28,42316.8
2022,2,6,9,0,1,283448961.141,45693374.4583,69237.4667,20906844,148336.8
2022,2,6,9,5,1,290924445.178,46203510.7234,12572.1333,19069706.1333,92551.68
2022,2,6,9,10,1,296915883.85,46883480.6478,120011.36,19817687.36,34025.6
2022,2,6,9,15,1,297067760.403,43217743.1632,49218.56,18396744.4267,110774.08
2022,2,6,9,20,1,301922020.131,40628605.3624,77676.9333,20560241.4667,143683.3333
2022,2,6,9,25,1,320190716.183,51964750.5786,331624.2667,22874105.0667,2166131.84
2022,2,6,9,30,1,346553688.749,47891025.3241,442511.5733,25425207.1467,350697.6
2022,2,6,9,35,1,342185199.926,48532640.4048,45285.0667,21974863.8667,94998.56
2022,2,6,9,40,1,363522491.409,47279438.6025,52791.2533,17660867.2,36889.12
2022,2,6,9,45,1,366638539.349,50995823.3408,128783.68,28628405.0133,60804.3733
2022,2,6,9,50,1,380137547.728,42899309.1371,23891.2,26181454.9333,102523.52
2022,2,6,9,55,1,361518153.176,37771593.0876,692.8,27644021.76,51414.8267
2022,2,6,10,0,1,339563497.554,36517481.9637,105655.68,23114820.9067,66858.5067
2022,2,6,10,5,1,304177337.735,35051555.6174,1767.1467,40776069.76,241435.4133
2022,2,6,10,10,1,330727153.496,39817277.2914,40692.1333,36209357.2,77034.6667
2022,2,6,10,15,1,345099356.773,44832965.456,41376,36127896,60472
2022,2,6,10,20,1,328991541.187,47517146.9608,74478.9333,79554885.3333,59327.4933
2022,2,6,10,25,1,310331916.942,46580115.0618,68628.6667,40861377.6,59136
2022,2,6,10,30,1,321822190.263,44435260.9698,43228.6667,41497389.0667,74256.2133
2022,2,6,10,35,1,300248591.094,41804954.72,1185.3333,35739918.9333,51008.96
2022,2,6,10,40,1,283674681.209,37724518.309,314.8,26635806.6667,8687.9733
2022,2,6,10,45,1,290819116.747,38998960.8685,414.6133,50818251.4133,50228.2667
2022,2,6,10,50,1,303839892.035,37585133.411,337.3333,45949904.1333,90448.8
2022,2,6,10,55,1,319172330.212,35997644.1742,399.1467,36216588.9067,93080
2022,2,6,11,0,1,299093118.764,28142265.6652,295018.6667,46042061.9733,266646.7733
2022,2,6,11,5,1,309944510.912,39267939.2304,5384.5333,39062498,133797.8667
2022,2,6,11,10,1,321747722.577,37350337.9037,173325.2,45059417.6,138632.32
2022,2,6,11,15,1,314929538.994,43360198.639,923573.12,41184390.4,94130.2667
2022,2,6,11,20,1,325954334.825,42609742.4214,794078,39000456.5333,124941.3333
2022,2,6,11,25,1,306670357.56,47910059.4823,117463.4667,40437271.68,85365.36
2022,2,6,11,30,1,309098019.764,42156526.6311,520591.2,49040327.2,136874.32
2022,2,6,11,35,1,347188942.933,44756466.9696,604088.5333,65413843.4667,51460.6667
2022,2,6,11,40,1,369037507.689,40591646.8764,310332.6667,55800212.8,42336
2022,2,6,11,45,1,369099514.513,46905514.3284,467987.2,72345146.1333,313159.28
2022,2,6,11,50,1,354000867.881,43444400.6836,1073653.2,63751205.0667,2790941.12
2022,2,6,11,55,1,339062136.284,40964987.6916,2760274.4,81346402.1333,7567161.92
2022,2,6,12,0,1,353864863.95,40020557.3102,2087862.4,73154621.6,7296592.64
2022,2,6,12,5,1,347768791.753,42908468.7644,4008713.8667,70116195.0667,11159891.76
2022,2,6,12,10,1,362368232.61,49672038.5367,1611372,76498066,10279828.32
2022,2,6,12,15,1,372099185.07,45687640.4562,337015.4667,72243535.4667,9068110.6667
2022,2,6,12,20,1,381783697.286,41054852.0782,6237.0667,48488610.4,10132436
2022,2,6,12,25,1,355566168.75,45091214.7603,62021.0667,57803180.1333,5192018.0533
2022,2,6,12,30,1,382044997.598,46210622.6909,33527.04,51730109.8667,492894.72
2022,2,6,12,35,1,376561539.566,41504013.2036,48259.52,30635041.3867,92321.2
2022,2,6,12,40,1,347886168.984,37238422.5372,1224.6667,44148623.8667,303837.3333
2022,2,6,12,45,1,336720425.442,41187506.3764,182883.4667,37407035.8667,212400.64
2022,2,6,12,50,1,322995368.889,42539029.2267,271809.2,28139685.8667,284151.1467
2022,2,6,12,55,1,336265374.948,42229526.0978,4971.3333,18854137.8667,119306.3467
2022,2,6,13,0,1,351487011.485,40702484.4476,522747.0667,27441067.8667,188984.16
2022,2,6,13,5,1,393270525.442,40882127.444,1040148.5333,31718358.8,214861.4667
2022,2,6,13,10,1,401364923.703,44025659.32,936479.2,32298733.3333,130079.3333
2022,2,6,13,15,1,369049237.182,42075039.8952,923775.0667,43748931.4667,116900.1067
2022,2,6,13,20,1,362130217.085,47790799.336,1015020.48,34651479.1467,78615.3333
2022,2,6,13,25,1,347361203.886,45557959.9182,1039122.9867,39609968.64,88416.5867
2022,2,6,13,30,1,345990824.33,45639851.2612,1749200.5333,45388369.92,92339.3333
2022,2,6,13,35,1,351906475.76,44871722.2187,2151453.76,59973869.3333,192012.8
2022,2,6,13,40,1,341365428.379,47730138.9163,3002064.96,55884400.5333,272597.3333
2022,2,6,13,45,1,400724021.577,50859173.2942,1579221.9733,52135746.88,261920.1067
2022,2,6,13,50,1,385597877.101,50587778.8352,365191.8933,48924520.96,360441.44
2022,2,6,13,55,1,384901486.176,50425249.1076,52653.3333,54418041.92,594922.56
2022,2,6,14,0,1,409363943.329,46362440.4455,1499561.0667,56199663.04,6823328.5067
2022,2,6,14,5,1,426164770.763,43572569.7286,2157020.3733,55122665.7067,7411566.32
2022,2,6,14,10,1,429180194.191,48163420.2239,1472224.8,62823505.3333,6561218.56
2022,2,6,14,15,1,420828425.344,50120622.4493,177536.6667,60498047.0667,6397536
2022,2,6,14,20,1,433503038.512,46971996.2916,519161.2,89913353.8667,8103570.6667
2022,2,6,14,25,1,394524912.399,49487789.846,9125.0667,77663691.6,11960857.28
2022,2,6,14,30,1,406469380.041,53589489.3458,136228.16,60583193.4933,13145231.3867
2022,2,6,14,35,1,428059246.396,47964154.2301,2274.9867,52739034.4533,7818014.4
2022,2,6,14,40,1,432455919.687,50574412.9252,40725.2,66377330,7395525.44
2022,2,6,14,45,1,390124848.69,49575887.5093,66109.3333,62608694.6667,7178685.3333
2022,2,6,14,50,1,423426358.256,45329206.3271,1407.7333,54409995.4667,8024460.0533
2022,2,6,14,55,1,417849614.582,53036616.6555,21127.0667,55705089.4667,7781639.84
2022,2,6,15,0,1,430763290.941,44755474.5828,182685.5467,47673503.1467,12619477.6
2022,2,6,15,5,1,445490351.445,41247295.4574,12041.2,64305347.2,16228521.4933
2022,2,6,15,10,1,444127603.104,42325104.7674,535.04,76771013.28,14326609.8933
2022,2,6,15,15,1,445063984.926,47270329.7602,486.2933,72902319.2533,9335258.9867
2022,2,6,15,20,1,420554170.813,45403481.5246,41056.4,65387168.4,8804480.9867
2022,2,6,15,25,1,434632985.435,45446606.7761,15332.9067,64903452.16,8520376
2022,2,6,15,30,1,441926976.324,42358222.6106,115307.4667,60084609.4667,9655828.16
2022,2,6,15,35,1,453715754.661,42123704.7853,2469.3333,62163800.5333,9856986.56
2022,2,6,15,40,1,474931778.015,40214396.0343,24214.5333,60301678.1333,18305970.6667
2022,2,6,15,45,1,460177722.349,37281410.5064,26881.3867,58552719.68,22500984.6933
2022,2,6,15,50,1,426708568.23,41944401.3189,26872.6667,63198787.8667,22274047.68
2022,2,6,15,55,1,423227811.932,45599193.7938,15142.8,67125672,22585300
2022,2,6,16,0,1,432641987.789,41410578.6151,294753.4667,57170383.0667,20061204.1067
2022,2,6,16,5,1,450553021.355,40371544.6453,37921.4667,56631109.6,21231658.16
2022,2,6,16,10,1,525949919.68,44615494.6858,12397.4667,57015632.5333,16997849.3333
2022,2,6,16,15,1,489346699.04,48843796.0524,16059.8667,63733348.6667,16590936
2022,2,6,16,20,1,482312221.488,44633334.0469,73806.4,100528992.933,20565708.72
2022,2,6,16,25,1,496138880.197,47324769.5143,74784,101150720,20895744
2022,2,6,16,30,1,487381810.564,45863197.4613,260324.6933,162645627.733,30756392.32
2022,2,6,16,35,1,542650449.652,54806912.8988,99527.8667,72899415.2,19046327.84
2022,2,6,16,40,1,562880062.001,45175908.1349,93471.7333,73776773.0667,17519077.9733
2022,2,6,16,45,1,571297993.902,54309485.4474,143159.7867,70320380.5867,17793342.48
2022,2,6,16,50,1,587519017.477,46612491.7165,193281.8667,65641399.7333,17440058.6667
2022,2,6,16,55,1,591756581.174,50725889.8413,14035.2,69976533.76,8936491.68
2022,2,6,17,0,1,589069876.657,43588820.7398,173349.4667,68572263.8667,8098488
2022,2,6,17,5,1,558861707.55,46650406.9327,92821.5467,75636380.6933,3055306.08
2022,2,6,17,10,1,557907406.54,43591934.0141,148642.8,74623629.0667,7391927.4667
2022,2,6,17,15,1,555352515.304,42234648.3684,23780.6667,61256994.6667,7928096
2022,2,6,17,20,1,496546328.329,45155248.7933,699.0667,74613150,10036493.12
2022,2,6,17,25,1,511859181.699,45416171.9253,813560.6667,59479335.2,8589382.6667
2022,2,6,17,30,1,513437734.596,44049944.4113,224198.8,77690372.6667,9128193.92
2022,2,6,17,35,1,528682723.524,43477956.0285,49486.8267,75860068.5867,9127332
2022,2,6,17,40,1,542644359.545,43483072.7833,40404.2667,89698235.8667,7706362.2667
2022,2,6,17,45,1,646260196.922,51165849.9187,31744.8,83434760.2667,9886607.1467
2022,2,6,17,50,1,633366267.004,52509969.3669,40678.1333,81409940.1333,9559784.32
2022,2,6,17,55,1,543730249.189,50601583.745,1145.92,88004404.8,8076727.3333
2022,2,6,18,0,1,536841658.22,50910480.2149,73744,87624836.9067,8902683.8667
2022,2,6,18,5,1,548539096.174,48713379.0368,60678.2667,77524600.5333,13799496
2022,2,6,18,10,1,543704187.774,53733954.6093,44816.8,89133892.8,16198272
2022,2,6,18,15,1,570648207.781,51723522.1473,44552,89333560,19840483.8933
2022,2,6,18,20,1,570409810.264,54585118.5374,2242648.1333,206211112.533,20131264
2022,2,6,18,25,1,543767578.146,52889100.9655,678638.72,131620132.16,11183805.8667
2022,2,6,18,30,1,553872054.808,51215962.9129,1108184.8,119086803.067,8881227.68
2022,2,6,18,35,1,552542934.272,51056109.7413,4315606.5333,135340828.8,3751764.8
2022,2,6,18,40,1,566845638.939,49807351.8197,1684049.8667,115244823.6,650660.8
2022,2,6,18,45,1,555311583.615,49259316.6267,811669.76,112136734.507,407280
2022,2,6,18,50,1,525107297.454,49806019.538,161950.8,132477048.133,39370.4
2022,2,6,18,55,1,508622093.386,55557416.1022,1447633.3333,102441483.333,1673568.32
2022,2,6,19,0,1,513030871.105,58984682.1934,846973.9733,102335939.733,8271188.48
2022,2,6,19,5,1,501741651.552,54614505.9905,60759.0667,112169636.933,9331720.7467
2022,2,6,19,10,1,534555228.844,172034341.536,160213.8667,102725987.947,9033928.48
2022,2,6,19,15,1,536720650.963,58610385.4021,72643.9467,108727400.853,16915141.6267
2022,2,6,19,20,1,531266724.773,57183864.1832,826726.5333,82762243.7333,17210318.72
2022,2,6,19,25,1,504087231.324,48447007.3055,106205.76,87396694.1867,19464768
2022,2,6,19,30,1,508849992.856,47270798.2453,1880.2667,75177963.7333,23238218.6667
2022,2,6,19,35,1,503215373.813,43328573.9787,591585.8667,90768558.8,18393680.96
2022,2,6,19,40,1,510988163.029,40694711.6858,609647.7333,78477493.7333,17865788.64
2022,2,6,19,45,1,484574418.63,42102281.6849,261064.4267,72039017.92,16934971.52
2022,2,6,19,50,1,472744079.032,42284341.6472,195865.3867,81875300.3733,18189276.08
2022,2,6,19,55,1,457095619.09,41652667.0462,643104,69894380.48,18351845.0933
2022,2,6,20,0,1,468432503.921,38728075.1253,2441129.92,75700162.3467,18604338.8267
2022,2,6,20,5,1,512222235.114,49504712.3259,2561820.1333,72273387.3333,17369638.9867
2022,2,6,20,10,1,472809348.462,49875758.8061,1628506.4533,93662632.5333,18261466.6667
2022,2,6,20,15,1,455780083.434,53471357.0887,768806.8267,74909789.6533,18023917.12
2022,2,6,20,20,1,440556484.468,50564628.9088,354097.4933,81197639.5733,10834885.7067
2022,2,6,20,25,1,461094576.6,52683889.8375,6133.3333,69593499.4667,9264093.8667
2022,2,6,20,30,1,494594698.134,56325973.7637,33116.2667,72495235.0667,10679779.7867
2022,2,6,20,35,1,525014135.598,57415235.7865,509932.0533,75559848.32,20571348.0533
2022,2,6,20,40,1,575523751.518,61199468.2962,99260.5867,81417023.04,46915283.36
2022,2,6,20,45,1,565746858.858,56645922.235,117703.8667,77378163.4667,57851301.76
2022,2,6,20,50,1,636716739.263,53358478.507,275028.4,68819054.8,74084576.64
2022,2,6,20,55,1,627626571.468,51764185.4906,129222.2933,59642061.0133,98591297.6
2022,2,6,21,0,1,659665508.448,52458694.1509,138613.9733,60764005.0133,102132521.6
2022,2,6,21,5,1,661592268.543,56791124.2051,339517.4667,75920003.6,98483677.76
2022,2,6,21,10,1,671782658.59,58821065.6978,549985.8133,74506907.4133,103692918.773
2022,2,6,21,15,1,670005711.981,55915691.0007,454608,79061241.4667,104210164
2022,2,6,21,20,1,677486874.621,57544537.3738,8304.2667,64564691.0667,102849708.8
2022,2,6,21,25,1,686034679.688,54845666.444,351998.9333,60626883.7333,101403702.4
2022,2,6,21,30,1,663279377.474,52313394.1828,303148.5867,68436112.5333,95897901.52
2022,2,6,21,35,1,613385978.741,52643251.4926,98728.4267,84408743.1467,95812427.52
2022,2,6,21,40,1,590684850.514,48951795.6151,572386.0267,78199296.8533,92712817.52
2022,2,6,21,45,1,583555772.137,49791566.919,1711985.8667,90087065.0667,80463382.6667
2022,2,6,21,50,1,613162851.079,51852023.2202,1665472.1067,88574321.1733,74437587.0667
2022,2,6,21,55,1,639987637.912,52665818.8038,1741480.8533,88191042.1333,72160038.72
2022,2,6,22,0,1,664105553.339,54053551.0307,1139186,87994315.8667,57911444
2022,2,6,22,5,1,626826124.788,54649244.6494,1225179.7333,97543457.6,54075220.0533
2022,2,6,22,10,1,627495757.474,57006436.8384,284576.4267,86867478.4,55907609.0667
2022,2,6,22,15,1,615074931.492,58432249.284,271848,86721464,56053640
2022,2,6,22,20,1,621504967.734,52101589.3147,1250838.9333,154271059.6,100073924.693
2022,2,6,22,25,1,623941683.725,51316611.1847,70644.5333,80488052.6667,54904436.5867
2022,2,6,22,30,1,603972610.041,50527069.868,933442.4533,74336124.48,52038732.3733
2022,2,6,22,35,1,567584734.434,52374375.6305,1240014.1333,63570124.4,53010634.24
2022,2,6,22,40,1,511943876.168,46166332.854,1221400.1333,61569876.6667,45407269.76
2022,2,6,22,45,1,486770798.595,44527514.5416,180619.2,75532799.2533,22931443.8667
2022,2,6,22,50,1,465816568.853,48216170.3756,175218.9867,72624946.7733,18322720.2667
2022,2,6,22,55,1,442038385.041,40860841.7644,239889.8667,66059945.8667,22951562.88
2022,2,6,23,0,1,403084979.87,40581689.618,52600.9333,78563300.8,18458535.1467
2022,2,6,23,5,1,396068067.682,41866698.177,1003072.64,75648399.68,18069520
2022,2,6,23,10,1,380285653.383,40296358.3196,520740.16,71559555.3067,19103166.64
2022,2,6,23,15,1,359444682.867,41947805.2313,82764.16,60903935.8933,13835509.8667
2022,2,6,23,20,1,354435175.55,44022493.0688,302693.2267,69646742.08,13412488
2022,2,6,23,25,1,367348429.414,47750058.9844,362698.6667,73148869.2,10287019.2533
2022,2,6,23,30,1,344535728.228,45016982.0566,837755.2,58857670.56,8220705.9467
2022,2,6,23,35,1,347198881.541,42754387.5445,1551902.08,56307732.0533,8594906.6667
2022,2,6,23,40,1,311456081.012,45267435.0445,44047.3333,56874986.6667,8992820.72
2022,2,6,23,45,1,299836480.085,39912797.7507,136153.84,56567536.24,8479166.9333
2022,2,6,23,55,1,297351024.658,37891820.2741,816.7467,44065583.36,302972.16
2022,2,7,0,0,2,283361620.191,40596622.3305,390.4,59939670.4,455205.76
2022,2,7,0,5,2,270185038.246,39322221.9947,320.96,58446199.36,592312.4267
2022,2,7,0,10,2,253865464.89,40155215.3443,56393.6,49401244.6667,414897.0667
2022,2,7,0,15,2,246719939.245,40474309.382,72814.9333,43874136.4267,499341.2
2022,2,7,0,20,2,238737145.973,41500662.5007,1523.8667,35410374.6667,418669.0133
2022,2,7,0,25,2,229165029.206,46330623.7576,17130.9333,48509451.2,352160.56
2022,2,7,0,30,2,224117345.747,38929365.4947,508.48,30956712,395211.44
2022,2,7,0,35,2,243328265.693,36347846.0668,264.2667,33243355.6,271838
2022,2,7,0,40,2,232996022.829,40085315.8583,11096.4,41527610.8,349674.88
2022,2,7,0,45,2,207936662.12,38964572.4449,434.56,32853055.36,353297.3067
2022,2,7,0,50,2,248341070.815,40283164.5505,13504,38954746.6667,196568.88
2022,2,7,0,55,2,214739660.228,41741786.0216,438.24,42635034.4,256973.7067
2022,2,7,1,0,2,182122976.161,41439766.8742,630420.9067,46390214.2933,134987.7333
2022,2,7,1,5,2,165491595.715,32830081.3792,465527.36,37949786.9867,193121.8667
2022,2,7,1,10,2,185852062.519,37973014.3093,9925.12,31996073.0667,138142.64
2022,2,7,1,15,2,184621994.422,41700400.779,85196.0533,25807585.92,177271.3333
2022,2,7,1,20,2,174238457.427,49454874.8153,63152.7467,22470792.1067,79136.1067
2022,2,7,1,25,2,166239521.792,40305329.4057,1958.72,30404189.6533,66489.52
2022,2,7,1,30,2,149241054.801,38807871.374,264.8,34666760.64,4838.4
2022,2,7,1,35,2,174705965.653,37495355.0777,279.6,19658654,38289.92
2022,2,7,1,40,2,145197572.948,40103805.6476,327.36,20432100.9067,40213.7067
2022,2,7,1,45,2,120075546.082,40629591.8342,296.4267,29794848.2133,168815.68
2022,2,7,1,50,2,120773002.935,36686024.4377,351.0667,24975583.7333,50623.1467
2022,2,7,1,55,2,132361872.839,35349195.3075,281.2,39543324.4,168319.36
2022,2,7,2,0,2,124091038.874,37026620.2002,101259.4133,41656290.24,304041.28
2022,2,7,2,5,2,118743415.756,47460970.5852,154191.1467,28494411.7333,302966.1867
2022,2,7,2,10,2,118215346.858,33055225.1129,2333.5467,29900478.9333,130148.6667
2022,2,7,2,15,2,128631571.199,34292597.2889,272,29921888,119824
2022,2,7,2,20,2,145633021.506,45696075.0756,125294.5067,50497076.9067,416508.88
2022,2,7,2,25,2,129417167.522,45898009.1886,51886.8267,26652588.16,212310.7733
2022,2,7,2,30,2,130387475.507,34859008.7043,17727.8933,18248176,81827.36
2022,2,7,2,35,2,135333023.989,32906862.592,32415.4667,17232956.8,67245.44
2022,2,7,2,40,2,145948002.373,33692512.7875,953.6,18252971.3333,102021.12
2022,2,7,2,45,2,245912101.526,38006023.116,13187.4133,15099452.2667,58028.16
2022,2,7,2,50,2,148615790.032,50502438.3635,521.68,16758243.68,54304
2022,2,7,2,55,2,145091221.297,41085440.7951,289.3867,15207579.2,111661.4667
2022,2,7,3,0,2,125593804.371,46637184.2478,469.5467,16101008.32,10011.68
2022,2,7,3,5,2,123645576.595,46753024.2662,15273.92,16314973.6,106724.08
2022,2,7,3,10,2,120307174.965,50710050.3571,468.16,14751116.8,32985.84
2022,2,7,3,15,2,92444919.5042,44933339.5877,421.8667,15319946.7733,38858.56
2022,2,7,3,20,2,77275171.6206,41000310.7608,392.5333,15688000.9333,75497.3067
2022,2,7,3,25,2,77092529.1788,44689834.2006,297.6,13195941.7333,52847.04
2022,2,7,3,30,2,65705301.0064,42339933.1731,248.64,16401998.72,32807.3333
2022,2,7,3,35,2,62572086.4078,37837594.3868,476.9067,12408290.24,98763.6
2022,2,7,3,40,2,88319863.9257,38878370.6834,30593.0667,11311413.3333,72655.68
2022,2,7,3,45,2,88993260.214,42831525.152,23619.7333,13467607.8933,28613.3333
2022,2,7,3,50,2,86016351.3252,45846140.4501,747.7333,11598368.32,37738.3467
2022,2,7,3,55,2,86388228.0296,50646651.824,329.4933,10627816.8533,63255.84
2022,2,7,4,0,2,79777834.8588,50026206.5898,469.6,7726376.5333,23670.2933
2022,2,7,4,5,2,77902235.3434,44095633.1808,298.9333,7488222.6667,52358.2933
2022,2,7,4,10,2,68123219.6193,42769252.843,485.44,9400712.2133,97186.6667
2022,2,7,4,15,2,67056698.9575,37008652.6386,377.4933,11116696.8533,19885.3867
2022,2,7,4,20,2,64937807.5765,31748064.693,407.5733,8361280,60239.52
2022,2,7,4,25,2,55280401.8087,27909408.9717,305.3867,7197917.76,52316.8
2022,2,7,4,30,2,64499869.675,31655302.1673,304,11857672.7467,56218.72
2022,2,7,4,35,2,65807032.809,29737956.3712,492.8,8381453.7333,56576
2022,2,7,4,40,2,53005746.1423,28034635.0173,274.9867,8794961.3867,30648.8
2022,2,7,4,45,2,44489975.5233,32836817.2922,462.08,9172808,28496
2022,2,7,4,50,2,59232192.1296,43548934.0576,353.4933,10084474.88,50059.7333
2022,2,7,4,55,2,65931177.4308,46694545.6427,312.5333,9338131.52,87927.6267
2022,2,7,5,0,2,63048676.7875,40788753.0462,343.5733,6317512.64,18547.2
2022,2,7,5,5,2,65643095.2913,31386005.0104,469.8667,4082299.4667,82809.28
2022,2,7,5,10,2,70152900.4859,29017738.0888,337.8133,7023945.3867,130144.8533
2022,2,7,5,15,2,67976980.2119,25602042.3701,296.5333,6097606.08,140174.32
2022,2,7,5,20,2,67841184.5156,25561325.2615,382.8267,4665669.9733,68895.4667
2022,2,7,5,25,2,69716480.8512,24377466.5835,312.96,8466048.4267,43635.36
2022,2,7,5,30,2,50622259.7756,20159712.4874,240.96,6280061.8667,42120
2022,2,7,5,35,2,63261135.1609,22421661.6313,358,10547675.0667,50393.0667
2022,2,7,5,40,2,56628498.821,20558204.6503,360,9736039.2,29060.3733
2022,2,7,5,45,2,61871013.7962,28730863.9739,383.76,7044856.24,39382.08
2022,2,7,5,50,2,73897126.6561,36894625.7462,320.8533,3524471.4667,65101.0133
2022,2,7,5,55,2,62249522.0864,31838971.845,446.2933,10495060.9067,39997.28
2022,2,7,6,0,2,55595344.5856,27782230.6599,313.8133,7951312.5333,16235.2
2022,2,7,6,5,2,66118160.6002,24077697.5815,454.08,13328817.1733,47982.24
2022,2,7,6,10,2,86150467.3899,23602696.2457,432.32,6358107.3067,85696.1067
2022,2,7,6,15,2,82510494.2556,29596419.0788,432,6262920,147965.76
2022,2,7,6,20,2,91188938.1224,33012236.8123,747.7333,16349510.72,152504
2022,2,7,6,25,2,66782684.2814,30256521.1972,303.6,17262798.8,39345.6533
2022,2,7,6,30,2,79690625.2684,28063856.6771,493.3333,13376124.5867,81863.52
2022,2,7,6,35,2,98207087.7451,29903127.5634,338.1333,12002443.0933,78714.32
2022,2,7,6,40,2,94848348.9472,21738903.3269,493.8667,12277347.84,17759.4667
2022,2,7,6,45,2,102532214.677,21958080.7819,314.4533,9853717.2267,48268.4267
2022,2,7,6,50,2,125634982.903,26502744.1432,564.5867,7384129.4933,76325.7067
2022,2,7,6,55,2,129266396.455,17656068.6567,32845.28,9270424.16,43040.1867
2022,2,7,7,0,2,136151794.899,17859478.3848,1132.6667,6901896.4,3507.36
2022,2,7,7,5,2,134530188.988,15202677.6085,347.2,8147180.3733,140424
2022,2,7,7,10,2,134052267.935,19016176.586,95095.5733,7624427.0933,37198.2933
2022,2,7,7,15,2,114506109.093,18106239.6334,1553.3867,8067513.7067,37843.52
2022,2,7,7,20,2,130250699.757,22611006.4603,548.2667,7596234.88,85806.3467
2022,2,7,7,25,2,116288656.948,17602049.3786,284.5333,6182948.6667,56759.2
2022,2,7,7,30,2,105593537.98,22701011.9686,77271.0667,18085938.2667,30188.8
2022,2,7,7,35,2,120488397.612,15714964.1058,1363.92,11467479.04,54456.1067
2022,2,7,7,40,2,161570385.036,13578097.8352,330.56,7890594.24,32504.32
2022,2,7,7,45,2,151192032.181,14328908.2246,525.3333,7740201.4933,112502.08
2022,2,7,7,50,2,140002462.385,15417094.8834,291.2,4308268.48,254595.3333
2022,2,7,7,55,2,161661427.366,22077887.448,45096.5333,16123508,45397.52
2022,2,7,8,0,2,167039183.859,16693471.2551,1006.08,16274334.6133,62873.8133
2022,2,7,8,5,2,149545524.873,19187134.22,181278.2667,8313352.4,76620
2022,2,7,8,10,2,132019858.712,22854762.3208,2828.9067,5652249.6,88583.12
2022,2,7,8,15,2,143818606.961,30494055.4055,399.68,4833569.92,53095.1467
2022,2,7,8,20,2,184507818.086,32597215.7934,297.3867,11660773.2267,63247.04
2022,2,7,8,25,2,180526791.205,31374020.6812,55825.6,13780160.32,228198.48
2022,2,7,8,30,2,197307989.886,35902627.5876,11954.9867,11994200.7467,83773.0667
2022,2,7,8,35,2,188325448.045,38046438.5519,27966.4,5980826.2667,150200.96
2022,2,7,8,40,2,176367626.112,34747667.7547,1296880.32,5959784.64,65468.72
2022,2,7,8,45,2,180589723.253,41788866.2802,56747.76,9370709.2,20916.96
2022,2,7,8,50,2,182589614.976,40042927.469,28853.3333,7503379.6267,48761.12
2022,2,7,8,55,2,191094878.179,43343956.8949,40409.0667,2172357.5467,99494.6133
2022,2,7,9,0,2,203602232.488,42363489.1076,15743.4667,13796547.52,33366.56
2022,2,7,9,5,2,223295541.523,45829919.4386,17610.24,27070659.9467,51378.16
2022,2,7,9,10,2,210514142.011,44780513.166,151416.2133,20856206.2933,65632.96
2022,2,7,9,15,2,221162113.726,40379915.7785,32226.9867,19339779.52,66608
2022,2,7,9,20,2,210915042.153,34768300.6313,41880.8,19718169.0667,88072.9333
2022,2,7,9,25,2,220469475.655,38549618.2716,41467.84,13417135.04,43884
2022,2,7,9,30,2,235186373.737,43356848.8695,286635.0133,15001133.5733,33476
2022,2,7,9,35,2,261806589.825,52347863.7918,73039.2,24406872.5333,243964.7733
2022,2,7,9,40,2,253370929.628,44076253.7226,2642.4,19500439.7333,98222.7467
2022,2,7,9,45,2,246090619.287,45453375.5946,480,19320152,27440
2022,2,7,9,50,2,269785437.364,48717497.5413,495.7867,39237415.7867,93454.6667
2022,2,7,9,55,2,239292336.062,43442455.0977,456.5333,37382969.28,132988.16
2022,2,7,10,0,2,198445836.528,43030505.2385,448.1333,30197957.4667,91982.88
2022,2,7,10,5,2,270292626.202,45074161.6666,88719.8667,25968029.8667,186029.6267
2022,2,7,10,10,2,250306711.365,45482876.1032,1708.0533,29683845.2267,154652.16
2022,2,7,10,15,2,249132322.398,44789702.4175,496.2133,26852694.08,129875.8933
2022,2,7,10,20,2,223300110.491,47108574.9256,565.84,28495017.84,78644.0533
2022,2,7,10,25,2,267320020.349,45756572.7424,18795.4667,59591005.6,77870
2022,2,7,10,30,2,259433546.935,43245225.4266,92390.72,39543818.72,54196
2022,2,7,10,35,2,251225591.113,41354677.0791,84139.52,37953745.92,59306.4533
2022,2,7,10,40,2,234285714.2,35029508.6184,19152.64,32627160,50233.2267
2022,2,7,10,45,2,265856858.071,37066229.6122,16464,32406584,45104
2022,2,7,10,50,2,261192898.105,37730144.7358,87148.8,41571557.0133,107088.8
2022,2,7,10,55,2,239363559.463,41529013.3552,22723.52,44344016,87617.3333
2022,2,7,11,0,2,255309342.1,45687234.252,1528.0533,55656696.1867,80711.9467
2022,2,7,11,5,2,235260258.904,47750438.007,462.08,61507392.32,85267.6267
2022,2,7,11,10,2,245635857.5,47592203.9434,69580.9067,40670907.12,77578.4267
2022,2,7,11,15,2,270495211.476,46166041.0045,2748.5333,36909135.4667,159184
2022,2,7,11,20,2,248517811.87,48143842.9014,320.64,46961608.64,96546.1333
2022,2,7,11,25,2,229432913.878,48134805.7084,37653.36,46270082.4,120187.4667
2022,2,7,11,30,2,239381450.523,47545841.4065,1631.04,36736494.2667,74250.8
2022,2,7,11,35,2,283894440.895,45470410.702,216,36374936,48104
2022,2,7,11,40,2,276967177.716,48160826.956,270624.8,77168818.2667,63738.2667
2022,2,7,11,45,2,258322373.369,51686000.2428,4885.7333,62172100.6667,64222.72
2022,2,7,11,50,2,269176233.853,46545413.0721,405.92,64226675.36,59421.0667
2022,2,7,11,55,2,277085997.434,40658328.1744,227.0667,48519608.1333,79568
2022,2,7,12,0,2,276766921.6,38394933.3938,44016.2133,64485942.2933,68551.2533
2022,2,7,12,5,2,276927136.858,39889308.7285,2898245.3333,47745696,167997.8133
2022,2,7,12,10,2,278594710.681,39794291.1377,57320,49255997.44,59791.36
2022,2,7,12,15,2,285126736.672,43738371.8946,19595.8667,50654597.3333,280854.72
2022,2,7,12,20,2,263761596.16,43691696.9013,1233442.6667,59903293.4667,251506.6667
2022,2,7,12,25,2,257257938.823,39284563.8151,1467603.8667,52399914.1333,39907.2
2022,2,7,12,30,2,274360307.403,38763335.4567,1316388.3733,38908300.6933,150921.28
2022,2,7,12,35,2,290840532.455,35716906.5542,22235.3333,32894122.8,190523.2
2022,2,7,12,40,2,270434756.059,31629670.3288,328.1067,38474911.7867,281089.52
2022,2,7,12,45,2,272654280.43,33097115.2956,406.9333,35497567.5733,78785.68
2022,2,7,12,50,2,252096917.481,34640885.7552,50830.6133,28384516.5867,198297.6
2022,2,7,12,55,2,293178701.552,35350839.5097,1251.8667,33402308.9333,86330.56
2022,2,7,13,0,2,271335560.211,29190166.5523,510.5067,45918379.0933,83797.3333
2022,2,7,13,5,2,252154495.633,30192769.8219,543.5733,31375412.3733,92089.6
2022,2,7,13,10,2,262238522.2,27953892.5671,445435.9467,36868767.04,90185.3333
2022,2,7,13,15,2,242986163.908,30684641.3895,608454.2933,34300971.4133,90260
2022,2,7,13,20,2,264691594.183,24676770.171,1493240.1067,34857989.76,56750.4
2022,2,7,13,25,2,249242597.033,27094283.3161,1417737.8667,32088256.4,141384.6667
2022,2,7,13,30,2,223513857.661,35587713.3552,1082725.0667,19718223.6,66031.6267
2022,2,7,13,35,2,235762137.126,36075402.1608,1062505.28,17933825.76,87702.9867
2022,2,7,13,40,2,243516836.362,35491737.7364,1069917.3333,18514092,43871.36
2022,2,7,13,45,2,287892313.947,28192156.3497,1053079.6,18664939.2,109983.7867
2022,2,7,13,50,2,272618438.665,27094521.9008,1048380.56,32351907.84,81639.36
2022,2,7,13,55,2,301719725.181,29262754.8852,1134436.48,36107421.76,185769.8133
2022,2,7,14,0,2,307291886.46,29943743.217,1207697.7067,50864015.1467,248608.1067
2022,2,7,14,5,2,344562843.695,30211720.0273,641878.6667,48359584.6667,731943.5733
2022,2,7,14,10,2,349721228.724,35469916.7156,1325050,65787483.3333,198893.12
2022,2,7,14,15,2,351562899.084,40209967.1074,22633.8667,89300793.0667,104531.0133
2022,2,7,14,20,2,359729929.431,36461232.7174,360,89694304,100832
2022,2,7,14,25,2,385671322.341,35755670.3764,167067.2,154184463.36,260589.3333
2022,2,7,14,30,2,365289843.09,35368442.3999,31976,82343986.1333,155092.24
2022,2,7,14,35,2,371756241.468,33071096.5838,824.5333,73035752.5333,768976
2022,2,7,14,40,2,383526307.666,36453146.4086,406.6667,71023026.2667,586707.2
2022,2,7,14,45,2,379060355.086,33903484.1344,37775.04,68246310.5067,117646.24
2022,2,7,14,50,2,341329826.239,39311588.5448,18223.04,70961668.6933,187446.4
2022,2,7,14,55,2,377506686.833,42367459.3597,66191.52,65408348.16,224364.6667
2022,2,7,15,0,2,360207455.342,36013164.1055,15814.08,63705059.6267,141848.1867
2022,2,7,15,5,2,380609950.09,33197065.7382,1365999.7333,45941174.8,114946.88
2022,2,7,15,10,2,386960828.113,36449991.3586,1132796.8,39068490.3467,105717.8667
2022,2,7,15,15,2,351553618.382,39972159.7446,564863.3333,44500050.4,205617.6
2022,2,7,15,20,2,383309700.42,36231670.3927,292803.2,50211538.1333,74715.0667
2022,2,7,15,25,2,380439189.406,39233161.229,1408722,43150627.2,49842.56
2022,2,7,15,30,2,357220658.144,35567961.7008,1450100.2667,47155746.4,91512.64
2022,2,7,15,35,2,349633639.391,40404247.2982,1619823.5733,43544110.9333,157200.32
2022,2,7,15,40,2,368012478.579,39781209.5468,2350966.5333,46231818.4,48728.64
2022,2,7,15,45,2,337462034.832,44644793.5444,2115803.2,51837778.1333,64145.4933
2022,2,7,15,50,2,338154676.576,41506356.156,83250.9333,54007211.0667,90387.6267
2022,2,7,15,55,2,356187842.495,36562599.9937,69947.2,42976767.36,43676.9333
2022,2,7,16,0,2,400297491.849,38371258.0274,247200.5333,39711291.3067,87962.96
2022,2,7,16,5,2,383663708.54,36314235.1887,125272,43329504.2133,78414.08
2022,2,7,16,10,2,353088918.204,39498398.2266,127958,35778580.1333,250364.9867
2022,2,7,16,15,2,353567300.037,39181159.037,163575.68,33252775.68,122845.52
2022,2,7,16,20,2,376210502.299,37255599.9444,16687.4667,26588673.7067,171371.4667
2022,2,7,16,25,2,381605954.733,39010535.4196,294159.3333,36384395.8667,77709.28
2022,2,7,16,30,2,393170574.585,37563154.7559,25482.1333,48935509.0667,68438.8267
2022,2,7,16,35,2,389355734.604,36665277.057,18622.08,40925614.1867,124360.32
2022,2,7,16,40,2,370033478.672,36564215.8197,77570.9867,53606258.88,25491.2
2022,2,7,16,45,2,380010702.646,37494690.3563,1423.7867,59647308.16,120300.3733
2022,2,7,16,50,2,366400752.004,38631033.7897,116787.0667,70963464.8,283226.24
2022,2,7,16,55,2,364617080.878,41465678.2707,181897.8667,70527277.0667,255815.12
2022,2,7,17,0,2,358836092.066,40935660.5469,290933.0133,65868193.0667,227498
2022,2,7,17,5,2,371926046.231,44363894.0036,1342939.4133,50515247.36,98042.6667
2022,2,7,17,10,2,404098572.87,46984843.9413,935616.2133,55365858.9867,350071.04
2022,2,7,17,15,2,386771452.833,46079617.0775,252403.3333,61742015.8667,73719.68
2022,2,7,17,20,2,404794950.782,43020349.2756,190000.1067,50918184.7467,143294.24
2022,2,7,17,25,2,406702347.219,41877906.0445,223956.8,59394793.0667,58507.1733
2022,2,7,17,30,2,355934457.226,40849221.9573,71741.8667,56678272.2667,106287.68
2022,2,7,17,35,2,349269432.345,38102387.0916,208030.1333,56597687.4667,138734.08
2022,2,7,17,40,2,359656389.428,40623882.6907,73747.8667,55087153.0667,29087.6533
2022,2,7,17,45,2,380096729.491,39154502.5723,20550.4,57337229.3333,22585.3333
2022,2,7,17,50,2,389120125.013,42637127.0416,82132.16,59033684.16,212131.84
2022,2,7,17,55,2,406868488.791,46966878.1127,59209.1733,53592638.4,148909.6
2022,2,7,18,0,2,439626906.904,52011512.2061,150442.7733,58202048.96,139438.08
2022,2,7,18,5,2,434948662.251,55639026.4362,157336.1333,68624831.3333,155838.24
2022,2,7,18,10,2,450012490.428,49869103.5982,241518.8,49634486.2667,69230.08
2022,2,7,18,15,2,470926046.818,52105034.0622,364651.3067,50798054.2933,67406.6667
2022,2,7,18,20,2,460353544.771,49178447.3003,366296,50818168,67936
2022,2,7,18,25,2,441227346.91,41644948.4984,413056.1067,117242699.2,125358.72
2022,2,7,18,30,2,427270596.436,44524470.8617,398422.2933,71833519.68,148662.9333
2022,2,7,18,35,2,478535971.616,41121953.7875,202461.8667,75927028.2667,90665.28
2022,2,7,18,40,2,482053100.903,44207664.8148,218293.2267,76526760.4267,174470.8267
2022,2,7,18,45,2,476321481.586,42359557.818,279620.9333,78673312.8,89438.4
2022,2,7,18,50,2,453042979.336,37209009.4566,113530.4533,77699371.4133,260441.92
2022,2,7,18,55,2,434458327.581,43923510.0151,373814.1333,78398652.4,51364.5333
2022,2,7,19,0,2,451634510.603,45241932.105,143066.3467,81217052.8,33499.84
2022,2,7,19,5,2,461276327.632,43046899.2786,143018.9333,80102902.6667,79088.88
2022,2,7,19,10,2,431279304.899,47953018.4519,253673.3867,75098057.1733,495282.2933
2022,2,7,19,15,2,417252493.72,48253348.4098,66470.2667,77452999.8667,206803.3333
2022,2,7,19,20,2,422371511.492,48869300.951,1573.7333,89428749.0667,100203.7333
2022,2,7,19,25,2,409702969.616,47134085.9574,306.9867,92263308.6933,154635.2
2022,2,7,19,30,2,384054176.392,45895710.0719,182237.44,86253904.8533,387766.8533
2022,2,7,19,35,2,419690514.875,46914313.8774,125098.1333,79191312.4,147043.5733
2022,2,7,19,40,2,359090563.669,45817122.4544,1487452.1333,62802034.9333,75210.1333
2022,2,7,19,45,2,361514409.911,43928466.312,1731525.9733,50541776.4267,85803.3333
2022,2,7,19,50,2,342738777.567,40116771.2263,158394.88,40675428.48,169702.9867
2022,2,7,19,55,2,332143411.896,42840100.8956,64429.9733,48641924.48,73852.8
2022,2,7,20,0,2,353016851.824,43918037.4482,17453.5467,46740541.12,394578.1333
2022,2,7,20,5,2,363207341.82,46005523.4807,713.8133,60228751.68,205065.6
2022,2,7,20,10,2,342451361.559,46670691.5085,327442.5333,68163433.4667,93527.04
2022,2,7,20,15,2,366345168.493,41578267.166,1174245.3333,57168486,332460.16
2022,2,7,20,20,2,339875240.722,42453763.2627,2048751.04,57298186.88,167764.9333
2022,2,7,20,25,2,361340406.529,47473736.2347,819030.9333,42619009.3867,148964
2022,2,7,20,30,2,410597911.735,45688272.6383,895310.8,49905261.0667,309218.88
2022,2,7,20,35,2,448617112.102,45991515.3106,2446951.7333,60378391.4667,202126.08
2022,2,7,20,40,2,396665901.355,48510076.8606,1924637.3333,68592117.44,210640.32
2022,2,7,20,45,2,417934033.167,48008031.3173,1701183.4667,68370636.9067,263973.12
2022,2,7,20,50,2,433946463.703,44598522.8947,710010.7733,50728656.8533,224080.6667
2022,2,7,20,55,2,468298420.807,48231153.8928,2485536,62354150,142440.6667
2022,2,7,21,0,2,525408563.358,52199809.242,1703323.7333,68515341.2,865436.96
2022,2,7,21,5,2,503133669.859,45068949.4022,1837031.04,65195334.08,989432.32
2022,2,7,21,10,2,453498736.485,50788732.0691,1602386.8,69788368.4,1141359.0933
2022,2,7,21,15,2,473617562.277,53614179.6347,2230840.2667,84196156.9333,1040388.48
2022,2,7,21,20,2,526995073.956,52551171.0613,1672438.1333,98464622,815887.4667
2022,2,7,21,25,2,520448868.76,52154113.6106,1555270.4,108149022.8,378353.6
2022,2,7,21,30,2,535382079.327,52418576.0266,4587171.7333,93134715.7333,177064.96
2022,2,7,21,35,2,563600560.078,45665184.5788,1498271.8933,118096988.907,859741.8667
2022,2,7,21,40,2,579599528.747,45512534.9139,1120604.0533,104506854.4,905929.8133
2022,2,7,21,45,2,569030574.071,46516142.7128,1333671.8667,112401175.333,1002757.2267
2022,2,7,21,50,2,577172570.808,46844332.7648,807527.8933,126366080.32,1056816.32
2022,2,7,21,55,2,561179493.882,46747401.6536,582646.1867,138922420.907,1042649.92
2022,2,7,22,0,2,574541715.079,47540573.0918,411790,113637534.533,1033531.84
2022,2,7,22,5,2,564541189.926,47660709.4979,136387.6,124618065.6,1113907.12
2022,2,7,22,10,2,545649076.522,48131497.1476,251999.2533,103679621.76,737889.92
2022,2,7,22,15,2,528082856.768,46065788.5107,183335.3333,87887007.3333,789584.64
2022,2,7,22,20,2,536672778.58,42909535.409,116029.44,81343403.3067,798000
2022,2,7,22,25,2,509821924.526,44165075.9235,318756.8,116444767.067,1108507.2
2022,2,7,22,30,2,501466340.769,46889349.8403,269480.5333,101181795.52,1281044.8
2022,2,7,22,35,2,526024530.673,44737117.2476,76028.5867,83481205.0133,1149074.48
2022,2,7,22,40,2,543304146.689,45553642.7332,237115.9467,84785295.8933,1389901.44
2022,2,7,22,45,2,503987316.574,45773961.5488,211180.3733,89188735.36,1398220.88
2022,2,7,22,50,2,492202133.007,42867102.1929,513926.2667,78223361.6,416384.32
2022,2,7,22,55,2,450885199.593,44090865.3364,429037.8667,76703104,238683.0933
2022,2,7,23,0,2,461118812.911,42448682.0663,404407.6,75989496,276617.0667
2022,2,7,23,5,2,450164358.314,39052403.1995,276664.96,79256130.0267,136729.0933
2022,2,7,23,10,2,456931575.854,37861661.3342,416630.5333,68085538.9333,92986.0267
2022,2,7,23,15,2,467215277.709,39451178.1885,390821.2267,64121519.1467,91456
2022,2,7,23,20,2,413461015.888,36913910.8633,265942.1333,80561444.8,142159.6
2022,2,7,23,25,2,365866800.513,38717858.742,272648.8533,72791101.76,102252.6667
2022,2,7,23,30,2,351828001.467,37822437.4463,109377.3333,64369157.0667,122999.04
2022,2,7,23,35,2,362536617.313,39843996.9079,166226.3467,61005297.4933,127600
2022,2,7,23,40,2,381032421.821,38148687.245,210707.7333,63102020.1333,85994.24
2022,2,7,23,45,2,344204284.147,38257478.071,166718.1333,66518437.4667,126080
2022,2,7,23,55,2,307035345.932,40224849.9905,237609.92,68965363.6267,320912.48
2022,2,8,0,0,3,294779131.411,40748733.9484,240324.7733,60966384.1333,227361.76
2022,2,8,0,5,3,268333960.513,35713008.0143,569713.4667,59479994.6667,126480.08
2022,2,8,0,10,3,283261555.93,35467410.4079,302763.2,48913985.0667,149247.8933
2022,2,8,0,15,3,248596507.429,38187437.5539,246150.6133,46183349.44,65556.6933
2022,2,8,0,20,3,221595618.121,37004750.4316,345361.8133,44458419.84,152406.1867
2022,2,8,0,25,3,247446093.551,35197861.1801,245022.1867,34743738.7733,145830.08
2022,2,8,0,30,3,225529787.837,37275397.9319,339709.8667,44867463.04,131383.3333
2022,2,8,0,35,3,231293617.407,35696120.2858,123753.76,40711915.2,117797.44
2022,2,8,0,40,3,206433820.709,34467004.5592,80254.1333,51658892.6667,67007.2
2022,2,8,0,45,3,219559050.949,39756536.9476,78060.6933,38540822.6133,57304.16
2022,2,8,0,50,3,211658215.019,35222871.9015,271979.2,37161576.7467,85789.76
2022,2,8,0,55,3,228940925.243,31006160.2291,38747.2,40065940.8,55128.48
2022,2,8,1,0,3,190619519.962,27712435.2025,1038497.0667,48165657.6,5963.04
2022,2,8,1,5,3,215596298.723,27548819.9237,298502.4,47330486.9333,134863.3333
2022,2,8,1,10,3,195810463.063,25284057.3796,538132.3733,38711332.48,25099.6
2022,2,8,1,15,3,177827261.95,26792239.0172,80210.24,39662006.08,29104.56
2022,2,8,1,20,3,145883498.835,26281134.6605,1388.9067,31312395.4133,59782.9867
2022,2,8,1,25,3,150011354.556,29550221.7036,26352.2667,33515204.5333,53858
2022,2,8,1,30,3,136503663.892,26119714.4263,43296.96,26462769.6,74672
2022,2,8,1,35,3,135713071.432,28501213.7735,31324.8,35174404.16,53016.32
2022,2,8,1,40,3,146910105.874,26838703.7454,810.1333,29048068.6933,52964.24
2022,2,8,1,45,3,135284627.912,28465166.1458,344.7467,24436671.68,29031.36
2022,2,8,1,50,3,143248674.496,29438787.8041,454.5067,43244651.4133,85250.72
2022,2,8,1,55,3,135738113.828,26445768.4304,16803.0933,25615801.4933,68934.56
2022,2,8,2,0,3,102013226.979,31564742.9113,582.08,32900804.96,22793.76
2022,2,8,2,5,3,117092227.647,33842674.1322,15582.8,27608964.88,37184.5333
2022,2,8,2,10,3,115262161.717,31698308.8005,446.6133,37924034.4533,38464
2022,2,8,2,15,3,115932043.413,29293604.6759,342.6133,30596364.16,42735.4133
2022,2,8,2,20,3,100302111.935,25418271.3941,344,30495448,204117.36
2022,2,8,2,25,3,88763579.3978,31264102.523,659.7333,57054407.1467,165117.1467
2022,2,8,2,30,3,99049524.1858,26647276.4042,349.3333,22160465.8667,39404.32
2022,2,8,2,35,3,111246853.722,31172760.4392,336.1067,13800387.6267,36012.3733
2022,2,8,2,40,3,83729339.0123,32806857.1829,359.68,16874441.1733,36504
2022,2,8,2,45,3,79642064.9979,38257566.102,265.28,14877352.2133,103424.16
2022,2,8,2,50,3,82865784.8299,37340792.1899,319.44,21105926.64,30428.88
2022,2,8,2,55,3,84229619.8737,31205429.8709,256.8533,16774798.72,36782.6667
2022,2,8,3,0,3,94731082.8144,36119020.7663,350.4,15670840.6667,28634
2022,2,8,3,5,3,76354772.0605,37030008.7456,344.1067,20210146.7733,70376.1333
2022,2,8,3,10,3,67997063.824,37879317.7862,312.4267,21295943.2533,30603.3067
2022,2,8,3,15,3,67072221.0446,38232954.1078,367.0667,16676506.1333,27176
2022,2,8,3,20,3,55516242.42,44626304.912,973.7333,15277123.3333,50384.9067
2022,2,8,3,25,3,53154582.7382,37815267.1429,315.3333,7871279.3333,15600.32
2022,2,8,3,30,3,58154681.9125,39565107.494,280.32,6960417.8133,10791.8933
2022,2,8,3,35,3,53534899.9502,42865722.6955,398.4,2436770.88,90045.9733
2022,2,8,3,40,3,50420588.1337,38038226.3325,471.04,5195401.0667,44599.1733
2022,2,8,3,45,3,34811317.4177,42064407.6776,283.2,4672563.4667,63993.04
2022,2,8,3,50,3,35444921.6098,36341925.4996,437.8667,7069804.3733,66772.5333
2022,2,8,3,55,3,38421631.5564,38649435.031,16060.9067,2198949.8667,22604.64
2022,2,8,4,0,3,62800722.6662,32385413.9677,672.4,2846029.4667,19104
2022,2,8,4,5,3,32932667.3148,33233164.7578,360.96,4295066.56,63543.68
2022,2,8,4,10,3,31604948.0982,32924222.0238,383.68,3903503.68,50362.96
2022,2,8,4,15,3,32301608.8811,30953807.3835,312.96,2484854.08,46433.44
2022,2,8,4,20,3,30346147.302,33534543.6092,422.5067,2850567.8933,46224
2022,2,8,4,25,3,35059065.4494,31167768.1563,274.0267,2707633.8133,39997.04
2022,2,8,4,30,3,38755939.5176,28247309.6972,350.6667,2901000.6667,38328.6667
2022,2,8,4,35,3,41755133.2067,26509794.4822,304.48,4206462.96,25339.6267
2022,2,8,4,40,3,45850017.5666,26465441.0682,359.2533,2402831.1467,24320
2022,2,8,4,45,3,36678642.5749,23817366.8242,225.36,1824196.8,80663.12
2022,2,8,4,50,3,35201619.4461,28022077.796,350.2933,2363855.68,18095.04
2022,2,8,4,55,3,46044547.6619,37429873.3945,265.1733,3239261.76,12808
2022,2,8,5,0,3,58786970.4871,24308083.8695,342.9333,2134906.24,58629.8133
2022,2,8,5,5,3,41550097.3785,25478869.6853,225.6,5142915.4133,35812.64
2022,2,8,5,10,3,36008992.1515,26668724.4974,397.6533,4199398.2933,30765.3333
2022,2,8,5,15,3,40110815.0286,25191185.6292,281.6,2597396.9067,30520
2022,2,8,5,20,3,30569288.0148,28136446.4396,264.2133,3030576.1067,60833.12
2022,2,8,5,25,3,57032962.3332,24733892.3147,311.2,3930184.5333,16098.56
2022,2,8,5,30,3,84130055.6409,22325909.8507,382.8,2013738.8,61645.7867
2022,2,8,5,35,3,65107715.2235,24225760.854,265.6,3188514.24,65768
2022,2,8,5,40,3,43299097.3675,26088605.1009,319.44,3823970.08,30933.92
2022,2,8,5,45,3,37218565.8538,25023811.2204,296.32,3686344.32,69016.24
2022,2,8,5,50,3,30841512.0217,26312708.4093,343.36,3500927.36,40669.7067
2022,2,8,5,55,3,34150577.0727,23965752.2395,226,3847893.2,38184
2022,2,8,6,0,3,57571960.6002,33037485.7918,334.5067,2914493.5467,47178.96
2022,2,8,6,5,3,44317741.6976,32892445.6173,288.64,2413210.56,80335.1733
2022,2,8,6,10,3,43384566.388,25298778.7615,327.3333,2140486.5333,94946.6933
2022,2,8,6,15,3,64901576.9448,26496905.0872,367.4667,1874848.7467,32058.6667
2022,2,8,6,20,3,64324829.4562,28389671.908,368,1871320,104075.7333
2022,2,8,6,25,3,64809363.5436,29131686.0683,626.72,13185098.56,110136
2022,2,8,6,30,3,93619282.4219,27205295.9839,348.8,6326347.4667,89536.6667
2022,2,8,6,35,3,104348549.198,27063456.3361,320.32,8413246.8267,47676.48
2022,2,8,6,40,3,102777546.677,28320710.4718,304.2667,6775574.6667,37024.5333
2022,2,8,6,45,3,107896198.834,24257619.5757,335.5733,6261619.4133,25986.24
2022,2,8,6,50,3,103868821.413,28003659.2974,304.4267,8609550.5067,37676.08
2022,2,8,6,55,3,93642284.811,24370339.5844,23455.1467,15436359.7867,79537.2267
2022,2,8,7,0,3,131945877.566,23093636.9522,593.1733,15861132.6933,46122.7467
2022,2,8,7,5,3,129259456.263,26858327.1691,117077.6533,19013359.1467,84780
2022,2,8,7,10,3,118490176.457,28454178.0839,31474.1333,20459393.8133,37054.0267
2022,2,8,7,15,3,108357199.552,27826335.0976,20831.8933,19360948.16,49258.6133
2022,2,8,7,20,3,140531772.227,30950955.8229,12986.8,21595352.8,72378.9867
2022,2,8,7,25,3,174822990.014,26678461.8706,510.8267,16234518.9333,70852.8533
2022,2,8,7,30,3,124204434.674,24060437.5076,50711.36,11701684.5867,67217.76
2022,2,8,7,35,3,144442408.775,26831894.9628,969.3867,9082278.9333,30271.04
2022,2,8,7,40,3,129118633.628,29575912.837,327.4667,15131443.2,52103.36
2022,2,8,7,45,3,141522958.181,27033746.704,343.7867,18201866.7733,184569.28
2022,2,8,7,50,3,136358500.922,26702455.6908,22240.1067,15311579.6267,40486.8
2022,2,8,7,55,3,129001738.184,24898614.5764,1797956.1333,18791986.8,47790.24
2022,2,8,8,0,3,142064021.597,19368622.3721,214619.0933,24043306.4533,61453.28
2022,2,8,8,5,3,138858080.196,24704359.4756,249348.0533,23770790.72,46144.72
2022,2,8,8,10,3,125413387.787,27154784.1109,76190.2933,20866038.8267,102594.88
2022,2,8,8,15,3,131654472.924,24599488.8189,34136.5333,23222206.2933,134261.5467
2022,2,8,8,20,3,154927032.675,31731128.4162,24632,18375881.7333,104572.6933
2022,2,8,8,25,3,145966842.805,39097636.5273,56269.2,24023279.8667,33867.2533
2022,2,8,8,30,3,146084334.007,29640875.8122,45923.0933,20241016.1067,39017.2267
2022,2,8,8,35,3,142632516.771,28776004.4818,28721.0667,16592990.4,39160.6667
2022,2,8,8,40,3,124140744.652,30582987.0875,43129.3867,20861667.6267,51832.1067
2022,2,8,8,45,3,128933008.435,32470005.3276,830.2933,20837177.6,52840
2022,2,8,8,50,3,165389263.734,35354993.3277,334.6667,10775202.9333,163109.6
2022,2,8,8,55,3,156274104.827,37142710.9853,343.8667,18049866.4,53210.08
2022,2,8,9,0,3,140927552.324,33847052.1573,129498.9333,13842561.0667,58038.4
2022,2,8,9,5,3,170870945.971,34692750.8456,2603.8667,14148946.1333,62056
2022,2,8,9,10,3,156084436.728,41590000.1116,337.0667,10217178.9867,577941.3333
2022,2,8,9,15,3,163115180.158,41899566.575,15609.6,5683609.28,120787.36
2022,2,8,9,20,3,160708287.873,44064196.5974,688.4,8613774,218136
2022,2,8,9,25,3,158886044.496,44735578.6948,40072.32,10790304.4267,111976.32
2022,2,8,9,30,3,184087313.451,45601897.9513,16589.8133,7206060.72,101632
2022,2,8,9,35,3,162230583.049,40449538.228,36671.7333,23320559.2,203759.36
2022,2,8,9,40,3,151792410.264,41328288.2251,31017.28,13466809.92,143817.04
2022,2,8,9,45,3,145102842.035,41424534.0105,1690.88,18715752.96,92496
2022,2,8,9,50,3,140535076.5,40500417.4714,394.9333,13469958.4,164557.04
2022,2,8,9,55,3,145790574.883,46884377.871,322.64,19930169.76,92354.5867
2022,2,8,10,0,3,185809503.707,47958347.9563,320,20183256,49240
2022,2,8,10,5,3,174220332.045,40077299.1737,493.6533,16979067.84,314555.7867
2022,2,8,10,10,3,163347513.243,38268775.9637,440.7467,15150051.3067,95947.2
2022,2,8,10,15,3,180595383.354,42373457.398,408.4267,13119900.3733,61733.92
2022,2,8,10,20,3,196637524.7,42823107.2477,408,13092792,60880
2022,2,8,10,25,3,176790359.486,40209768.9389,777.7333,26584943.4667,158466.24
2022,2,8,10,30,3,175370511.404,39359372.7488,341.9733,21938196.16,58244.8
2022,2,8,10,35,3,177589474.025,38699856.288,43465.1733,19995364.16,112797.4667
2022,2,8,10,40,3,182271973.422,39647159.2533,611641.8133,14971767.68,183208.48
2022,2,8,10,45,3,185567996.254,40933796.9828,8738.9867,14080231.04,66235.52
2022,2,8,10,50,3,185325474.757,41256471.5745,377.4933,17806920.8533,209879.1467
2022,2,8,10,55,3,214908953.899,40699573.345,486.1333,19493903.2,184086.7733
2022,2,8,11,0,3,246139873.969,44146999.2512,330.1333,12984152.4267,98877.4933
2022,2,8,11,5,3,224768049.799,44429757.195,541.12,21056393.8133,89587.36
2022,2,8,11,10,3,207881840.672,46612758.3691,307.2,11644233.6,95375.2
2022,2,8,11,15,3,224228404.893,46539006.421,343.4667,19399144.96,25667.7333
2022,2,8,11,20,3,213898459.451,40844917.3685,359.7867,22008285.0133,56074.6667
2022,2,8,11,25,3,202441675.153,39674997.8581,22587.6267,25026952.2133,33451.52
2022,2,8,11,30,3,240646666.306,46366619.2999,747.2,19091853.12,28579.2
2022,2,8,11,35,3,228506230.905,40092248.0487,471.68,21777417.3867,205827.12
2022,2,8,11,40,3,227155700.381,41629475.7483,322.0267,33476442.24,173574.2933
2022,2,8,11,45,3,233525919.924,36877924.8949,343.68,30239219.84,65609.7067
2022,2,8,11,50,3,255178043.622,37991685.1815,178093.9733,27303499.9467,54693.4133
2022,2,8,11,55,3,295839131.365,33440435.3454,136364.3733,30059374.72,28123.3333
2022,2,8,12,0,3,240046336.79,31375662.4286,2197.0133,34377619.7333,25728
2022,2,8,12,5,3,254955810.2,31187779.6622,376.2667,26277235.0667,84370.7467
2022,2,8,12,10,3,251424292.19,32491053.9341,9342.8267,35749582.72,134690.96
2022,2,8,12,15,3,253316124.935,31683250.932,379.76,33371896.88,13493.8667
2022,2,8,12,20,3,265924428.019,33983378.5731,94873.8133,36966908.48,58431.36
2022,2,8,12,25,3,287232110.217,31114762.2197,1913.4933,42203220.16,98918.3467
2022,2,8,12,30,3,251769744.871,31231514.7669,592.64,35402275.9467,42306.1333
2022,2,8,12,35,3,249804468.886,34052020.3367,359699.2,35372318.08,53390.1067
2022,2,8,12,40,3,281368759.554,31564932.0103,5357.9733,31980858.0267,43295.68
2022,2,8,12,45,3,245641768.416,31658409.8642,20118.9333,24502716.48,32796.6667
2022,2,8,12,50,3,244806355.362,31576784.9723,611.2,20520370.24,52201.44
2022,2,8,12,55,3,225686096.999,22668058.1199,367.6,33475461.0667,55349.1733
2022,2,8,13,0,3,255948553.028,26232940.3867,886626.6667,36955552.1333,32383.36
2022,2,8,13,5,3,297089214.222,36519788.9564,1874408.5333,40240082.4,84148.32
2022,2,8,13,10,3,227610777.959,51053537.6039,2225134.9333,33455189.8667,202882.9867
2022,2,8,13,15,3,199395149.299,46961235.1029,2517288.5333,29066365.8667,40852.16
2022,2,8,13,20,3,223001223.577,41786376.1753,664063.8933,26417045.3333,101254.7467
2022,2,8,13,25,3,221212635.994,34084357.891,135602.24,36398450.88,47718.72
2022,2,8,13,30,3,221958971.801,31579123.0387,79601.8667,36825102.8,58967.8933
2022,2,8,13,35,3,202024340.838,29927054.9838,827821.6533,29983623.1467,101060.8
2022,2,8,13,40,3,249556485.357,31933172.3289,338780.4,23756944.8,146969.84
2022,2,8,13,45,3,262820992.01,30404310.4567,128186,30718721.6,146136.32
2022,2,8,13,50,3,246155203.262,29819376.1244,809001.4933,36077727.36,117917.12
2022,2,8,13,55,3,277757255.271,33628678.9817,1067416.8533,29729124.6933,125954.56
2022,2,8,14,0,3,270250766.12,33507716.388,799166.5067,35012786.88,163767.7867
2022,2,8,14,5,3,273404950.295,31449784.758,31626.9333,30751613.3333,2479279.7067
2022,2,8,14,10,3,284749449.55,29730536.5045,580.5867,26036769.4933,247750.72
2022,2,8,14,15,3,271571987,29607824.6699,343.8933,31426257.4933,22994.4
2022,2,8,14,20,3,254136658.788,31338019.2203,470.2933,24975519.7867,68085.76
2022,2,8,14,25,3,307443805.182,36545730.0151,472,24887352,71224
2022,2,8,14,30,3,368843104.236,35697526.4269,109189.3333,51659357.2,67220.4267
2022,2,8,14,35,3,331958938.289,37853261.2884,71037.8667,27254256.6667,2634122.24
2022,2,8,14,40,3,309192878.979,41955105.14,1448,32034540.9333,6606233.68
2022,2,8,14,45,3,340755827.505,43531058.3146,358.6667,35092622.4,5584078.32
2022,2,8,14,50,3,357697761.925,45181697.6771,257.3867,39098254.08,444087.9467
2022,2,8,14,55,3,367167956.895,47194101.2414,68573.92,50495939.76,220014.4533
2022,2,8,15,0,3,378509040.819,45333663.2218,1349.76,37367353.8133,68908.8533
2022,2,8,15,5,3,403692735.885,42552814.4394,574950.4,38132926.9333,199286.6133
2022,2,8,15,10,3,373320540.689,44571485.9431,8166.8267,32738363.84,278462.9867
2022,2,8,15,15,3,401557181.897,40785566.5348,17938.6667,29646221.6533,88608
2022,2,8,15,20,3,363802456.809,45889117.0649,46876.16,25452709.76,54415.36
2022,2,8,15,25,3,401190616.577,41783255.8549,60453.76,25319987.2,93891.3333
2022,2,8,15,30,3,381871408.498,40692692.9086,445068.1333,35835206.4,154251.4133
2022,2,8,15,35,3,383334506.655,42209482.9329,949566.5067,25848247.5733,231043.2
2022,2,8,15,40,3,373786974.413,42956410.2524,1053402.1333,26175068.4,62475.2
2022,2,8,15,45,3,456765395.123,46486542.4538,1690808.4,22385043.0667,34237.12
2022,2,8,15,50,3,446524479.924,46053204.4898,228401.2,29942244.8,81029.76
2022,2,8,15,55,3,421135327.246,45573720.276,269331.0667,23937768.2667,145212.16
2022,2,8,16,0,3,390445492.059,46114116.7131,100520.1333,23385360.8,17837.92
2022,2,8,16,5,3,371613335.274,41854645.9651,51913.92,25037301.76,81678.4533
2022,2,8,16,10,3,399441246.701,42574539.324,312839.0667,28140967.6,182329.0133
2022,2,8,16,15,3,392241374.134,44491336.764,187363.52,25061827.7333,40917.44
2022,2,8,16,20,3,390055485.793,39197543.9219,59125.2267,28213778.24,155540.7467
2022,2,8,16,25,3,409062917.748,42326771.7504,62765.3333,35701878.6667,42067.52
2022,2,8,16,30,3,405908671.545,41103144.5605,189023.04,32332177.7067,21976.64
2022,2,8,16,35,3,369734503.254,41708888.1837,92755.9467,36959589.0133,64793.04
2022,2,8,16,40,3,380821436.493,43699815.8923,41455.0667,25785549.2,31128.1067
2022,2,8,16,45,3,404443857.484,40595714.5302,169519.0667,34904375.4667,227164.16
2022,2,8,16,50,3,390077123.809,41381915.2116,214498.6667,33138728.5333,418085.44
2022,2,8,16,55,3,397196826.795,45720591.655,107623.7333,23966571.7333,116095.7067
2022,2,8,17,0,3,386429219.754,41094898.8619,185199.04,19313884.8,51654
2022,2,8,17,5,3,396882343.539,41868691.2813,100674.8,20545849.0667,101929.92
2022,2,8,17,10,3,386232636.729,39832655.4084,174589.5467,22246648.32,348953.52
2022,2,8,17,15,3,412878783.886,41820528.3249,65419.6,28729088.6667,297689.0933
2022,2,8,17,20,3,365908164.397,36760269.6273,206926.5067,33867197.6533,116356.48
2022,2,8,17,25,3,370272515.189,37569454.6141,375928.4,40561127.3333,199524.6667
2022,2,8,17,30,3,394174129.654,43261646.5124,303696.2667,35296549.6,187436.1067
2022,2,8,17,35,3,393172679.848,45243913.9884,406484.2667,33660536.4,100877.44
2022,2,8,17,40,3,424980696.512,43909806.5738,314241.3333,38037986.1333,48404.8533
2022,2,8,17,45,3,399553059.089,44306954.6658,225603.3333,49961688.4,33299.5733
2022,2,8,17,50,3,429227887.833,45242325.04,21765.8667,56525017.0667,43283.6533
2022,2,8,17,55,3,417749682.911,42895020.9338,15123.4133,53798154.7733,85202.7733
2022,2,8,18,0,3,409661573.263,50916391.8225,133961.4933,66315639.1467,98436
2022,2,8,18,5,3,433932638.151,48696210.8162,37266.1333,50186845.2,193667.52
2022,2,8,18,10,3,460950301.355,48437829.3764,335469.4667,44034860.8,103571.2
2022,2,8,18,15,3,462833328.965,59614548.6867,164472.4,41829003.4667,39249.92
2022,2,8,18,20,3,438094253.16,51683334.4812,101410.2667,35683555.0667,77646.9333
2022,2,8,18,25,3,436918847.16,51030878.878,100392,35580000,80736
2022,2,8,18,30,3,466441702.664,51761481.7416,592279.44,81283809.36,372461.12
2022,2,8,18,35,3,456552967.137,49933797.4576,636321.7333,58854990.1333,267703.44
2022,2,8,18,40,3,432378070.589,51215294.5727,247779.52,40597061.8667,84949.68
2022,2,8,18,45,3,454892984.948,50408581.1111,993841.7333,36920548.8,67537.6
2022,2,8,18,50,3,450970400.416,48801236.6248,817901.8667,51444012.8,109768.1067
2022,2,8,18,55,3,431849412.283,56402579.6602,139958.1867,41364367.2533,148609.28
2022,2,8,19,0,3,440735324.528,59452063.0053,188864.5333,48071545.7333,63621.3333
2022,2,8,19,5,3,414322922.874,53806443.4648,277978.2667,51909902,349339.68
2022,2,8,19,10,3,425426559.292,46321780.3966,2067730.3467,41460666.4533,441817.12
2022,2,8,19,15,3,447883559.374,50572337.3643,834085.44,59378388.9067,112079.8933
2022,2,8,19,20,3,477228378.701,52284334.8665,191746.56,54104415.8933,92390
2022,2,8,19,25,3,451845722.028,56201501.3842,545236.9067,55116515.3067,131729.3867
2022,2,8,19,30,3,407597686.511,53361406.0394,1527718.6667,47265902.1333,71891.6
2022,2,8,19,35,3,406177340.557,52086475.8813,1625028.9067,60371661.6533,145127.6
2022,2,8,19,40,3,449931232.855,54022969.1119,1555166.8267,49310627.0933,152718.08
2022,2,8,19,45,3,486815417.867,53996646.8603,2435392.6667,36619253.6,59408.16
2022,2,8,19,50,3,469457565.004,51308297.7083,2370080.1333,48712633.2,72556.8
2022,2,8,19,55,3,447625044.048,48591259.3527,2132164.6933,47777432.4267,102444.72
2022,2,8,20,0,3,472893616.687,49570719.2841,872144.1067,42626249.7067,104776
2022,2,8,20,5,3,476414671.241,45593508.5107,847529.3333,56232906.4,137173.76
2022,2,8,20,10,3,529441397.998,48408773.584,11567.04,41497815.2533,95470.0267
2022,2,8,20,15,3,497918176.776,51510509.9639,2207.2,40107056.1333,81874.32
2022,2,8,20,20,3,462953383.144,50075162.8098,70612.0533,51510017.7067,191072.8
2022,2,8,20,25,3,484438558.77,47613782.2766,246554.88,59726926.72,53915.0933
2022,2,8,20,30,3,476254774.058,51656200.0644,24575.68,56422581.6533,45004.8
2022,2,8,20,35,3,455084501.414,50255088.9177,1071088.96,62075876.8,69426.6933
2022,2,8,20,40,3,470879500.533,56813075.1245,1216904,65467400.4,96581.44
2022,2,8,20,45,3,512967601.202,57030437.7203,1052633.4933,69074177.1733,842720.7467
2022,2,8,20,50,3,519047876.32,54320277.9522,1179577.2,62227377.6,4307251.44
2022,2,8,20,55,3,531834242.348,53569349.9503,1401242.1333,85875389.44,4642452.8533
2022,2,8,21,0,3,566449875.147,45170737.5284,283491.2,96103288.9333,602594.6667
2022,2,8,21,5,3,575626315.8,46305193.575,1989276.16,84746254.5067,90597.6
2022,2,8,21,10,3,595553347.783,45817198.7524,834551.36,88025398.6133,102250
2022,2,8,21,15,3,584595778.926,42948214.0635,113867.84,71926397.3333,30456.2133
2022,2,8,21,20,3,586270884.643,42888205.7738,422802.4,71267509.6,89966.72
2022,2,8,21,25,3,599941267.77,46616680.5353,1818106.2667,85342757.8667,46323.2
2022,2,8,21,30,3,650900578.356,46166938.7474,319529.3867,85999968.32,32537.8667
2022,2,8,21,35,3,624465197.311,46717793.5348,514282.24,84423902.6133,146982.56
2022,2,8,21,40,3,543720795.194,46675010.5116,1392783.4667,78292755.4667,44596.32
2022,2,8,21,45,3,579043566.857,47043729.9921,1704476.48,106148073.387,81795.52
2022,2,8,21,50,3,557150886.13,47004515.4688,954414.1867,83014647.5733,61087.4133
2022,2,8,21,55,3,553755878.919,46930823.7344,858084.0533,91383904.4267,64366
2022,2,8,22,0,3,543965082.819,48405132.0203,176648.8533,81854206.08,13321.68
2022,2,8,22,5,3,528401051.568,47511419.4323,75261.8667,77069378.1333,450875.52
2022,2,8,22,10,3,552381379.043,43822498.33,945878.6667,78509265.0667,62111.7333
2022,2,8,22,15,3,557690743.957,44508551.2183,1147516.96,82945885.6,21576
2022,2,8,22,20,3,513323829.217,45100856.1284,1185624.96,108944996.64,81184.64
2022,2,8,22,25,3,515035815.493,45680724.3759,1186216,109471184,86368
2022,2,8,22,30,3,480644180.077,43799802.6284,1688105.7067,177563789.653,69435.9467
2022,2,8,22,35,3,506136643.829,39350663.5127,93612.2667,100552417.6,83090.9333
2022,2,8,22,40,3,509646628.577,38820771.5,129942.2933,95237572.5867,25885.3067
2022,2,8,22,45,3,488580722.403,41792529.2006,152704,114257792.64,84335.7333
2022,2,8,22,50,3,471812833.075,41882078.7843,2856.8,96048103.6,69168.2667
2022,2,8,22,55,3,482344500.983,43096697.244,170184.8,93234841.2,142020.48
2022,2,8,23,0,3,460034731.676,41124442.7863,190587.2,99295131.52,17223.04
2022,2,8,23,5,3,479750584.267,41056622.9199,135466.2667,97691285.6,80423.68
2022,2,8,23,10,3,458809400.888,37961033.6947,85226.24,106362728.107,104241.12
2022,2,8,23,15,3,412382644.362,37993503.2109,672400.2133,90523488.5333,50834
2022,2,8,23,20,3,402615002.245,39829609.1892,1294746.4,78272556.1333,80450.72
2022,2,8,23,25,3,432480898.877,37395829.7031,334948.2667,91389776.8,22788
2022,2,8,23,30,3,443780627.403,39936542.8684,329289.2,81378556.5333,18926.3467
2022,2,8,23,35,3,457074009.405,37907401.7483,140363.52,87787282.88,64415.68
2022,2,8,23,40,3,437476400.129,38695437.005,304683.6,80403394.2667,36575.8933
2022,2,8,23,45,3,455771644.812,37887157.4164,193288,82614528.4,20962
2022,2,8,23,55,3,394316285.038,31006646.2302,3015.5733,73042212.2667,113028.16
2022,2,9,0,0,4,423612177.235,32716886.4178,281.6,67121099.6267,11056.5333
2022,2,9,0,5,4,392225299.03,33820921.3571,469.44,65903481.8133,62737.2
2022,2,9,0,10,4,384207777.519,33729684.3958,306.8,72688349.6,18385.2
2022,2,9,0,15,4,355648148.282,33342322.93,131981.92,56441608.72,26951.8133
2022,2,9,0,20,4,315142337.77,34722300.1455,667043.4133,49944280.32,88400.7733
2022,2,9,0,25,4,339944324.067,33859581.4041,39416,42100967.2,21666.6667
2022,2,9,0,30,4,338821353.039,34108767.9318,23043.84,57763882.1333,14109.8667
2022,2,9,0,35,4,333778671.045,32058661.2839,34515.9467,59079789.76,73655.6
2022,2,9,0,40,4,342462505.922,32410404.613,251201.92,51422407.4667,18832.32
2022,2,9,0,45,4,316489106.686,34607019.9506,84855.4667,40918250.9867,15469.12
2022,2,9,0,50,4,318932434.105,34085815.9492,91392.7467,34901583.04,39977.52
2022,2,9,0,55,4,300771489.678,33044869.5356,73633.6,43191272.1067,83864.4267
2022,2,9,1,0,4,281613968.145,32561087.2651,28344.7467,41115080.96,9576
2022,2,9,1,5,4,248368500.013,32167152.0192,77937.6,51757361.6,72316.2133
2022,2,9,1,10,4,253775289.27,30657213.6889,1577.7333,57589773.8667,31531.1733
2022,2,9,1,15,4,230859700.059,30714343.0477,461.44,52668905.0667,68240
2022,2,9,1,20,4,241265445.111,31795262.0498,440.32,49377766.6133,54384.64
2022,2,9,1,25,4,228177952.884,32284174.582,368.96,47043531.0933,54566.3467
2022,2,9,1,30,4,198546859.337,33349863.0229,241.7067,50911385.3867,41333.76
2022,2,9,1,35,4,214781140.53,36591478.95,61626.4533,45556207.2533,80043.2
2022,2,9,1,40,4,202677505.646,33661676.2216,878,37726272.08,18972.8
2022,2,9,1,45,4,193649856.956,33707552.8321,295.4667,40266257.0667,35829.3333
2022,2,9,1,50,4,161475753.066,31641920.0979,264.5333,45910895.8667,49571.52
2022,2,9,1,55,4,149588315.895,30498376.694,389.44,38773858.08,29139.3067
2022,2,9,2,0,4,109938264.135,32715107.0298,384.1067,36851613.76,3804.5333
2022,2,9,2,5,4,94670511.2556,31541106.3937,344.6667,29170438.9333,57949.7333
2022,2,9,2,10,4,93357198.0584,35241575.6388,257.1733,23490434.9867,31864.9067
2022,2,9,2,15,4,91872250.1439,27480289.7858,350.4,24719796.1333,2158.3467
2022,2,9,2,20,4,87077835.8885,29193449.1794,265.1733,17107914.0267,102995.8667
2022,2,9,2,25,4,86952637.988,29503707.4457,264,17004752,109960
2022,2,9,2,30,4,56486759.7522,30792612.4047,729.7067,44435143.04,46361.0133
2022,2,9,2,35,4,47106179.7831,28265133.9875,451.84,14437092.2667,85822.8267
2022,2,9,2,40,4,43735516.5116,23820107.7971,361.4667,15615345.8667,58364.32
2022,2,9,2,45,4,48363674.9728,29590485.6441,312.64,13047496.5333,17453.76
2022,2,9,2,50,4,52749641.2803,23319076.0408,351.4667,12817379.84,23742.5067
2022,2,9,2,55,4,42265244.7492,23561061.6547,280.72,10053697.36,99953.04
2022,2,9,3,0,4,52340204.7697,32331666.6281,351.04,13116932.0533,45947.7333
2022,2,9,3,5,4,50810339.8776,29881522.4887,367.84,11258806.88,110024.96
2022,2,9,3,10,4,39748628.0999,28451166.131,415.2,12554844,57471.2533
2022,2,9,3,15,4,46936523.7635,28533326.0159,471.0667,11595659.2,29698.5067
2022,2,9,3,20,4,43795617.7802,28475396.1988,18374.08,11743244.8,72536.7467
2022,2,9,3,25,4,46158283.3365,26975162.1792,16911.04,7556408.8533,31811.44
2022,2,9,3,30,4,48506933.0613,28471762.5724,627.7333,9842004.5867,5699.52
2022,2,9,3,35,4,52392054.265,19537004.8516,581.6533,7169005.3333,68402.08
2022,2,9,3,40,4,57790243.0545,20676812.1177,434.5333,3217821.7333,23847.2
2022,2,9,3,45,4,49084137.5024,28025125.7633,479.36,7098967.4667,1513.7067
2022,2,9,3,50,4,42299397.2432,31539970.8804,566.24,11052061.28,57753.92
2022,2,9,3,55,4,39379799.8531,31602663.2183,457.4933,4743162.88,216824.9333
2022,2,9,4,0,4,51380182.972,32258209.0146,629.6533,2844514.7733,17965.3333
2022,2,9,4,5,4,37079542.0595,31069255.9039,333.0667,6897230.8,58995.3333
2022,2,9,4,10,4,35201132.6545,33481413.5425,430.96,5311721.28,49025.76
2022,2,9,4,15,4,37012200.4744,28603008.0669,227.4667,4195413.2,32653.0133
2022,2,9,4,20,4,36413893.1927,20396655.4474,445.0133,6431467.2,28613.36
2022,2,9,4,25,4,57055195.6315,22843605.6832,290.6667,7324972.2667,28400
2022,2,9,4,30,4,65851061.5129,20488328.7586,430.08,5076620.8,2199.4933
2022,2,9,4,35,4,59254326.4512,23617573.605,360.96,4196764.6933,70852.8
2022,2,9,4,40,4,53573778.6012,24293605.3753,415.2533,7033163.2,51527.84
2022,2,9,4,45,4,60594771.222,26285029.1854,321.28,5636332.16,49672
2022,2,9,4,50,4,60503723.6482,23883374.9217,375.2533,6097742.6133,94353.9467
2022,2,9,4,55,4,49978129.9704,19994956.1411,226.5333,8075996.4,34080.6933
2022,2,9,5,0,4,48451413.3154,21594314.0384,397.6533,6861330.0267,14792.4267
2022,2,9,5,5,4,61829923.386,21401408.17,289.4933,3944350.72,94937.04
2022,2,9,5,10,4,73164226.25,36201851.7932,430.08,6386018.88,31128
2022,2,9,5,15,4,74309922.031,39547722.2024,273.6,9899592,2007.4667
2022,2,9,5,20,4,69746359.9648,27334427.6216,517.52,16538788.48,76952.48
2022,2,9,5,25,4,65984184.9706,24580209.7072,338.4533,16116030.4,39815.2
2022,2,9,5,30,4,62036732.9935,21248614.1441,399.1467,7771317.0133,3416.7467
2022,2,9,5,35,4,78162053.308,21046672.2764,400,3665425.6,89432.16
2022,2,9,5,40,4,77683059.738,26065925.1866,455.2533,14879322.24,32097.6
2022,2,9,5,45,4,83864327.8428,33690025.4548,322.72,10845082.72,2806.6667
2022,2,9,5,50,4,63395008.3662,28408802.7913,454.1867,14324529.8133,58179.04
2022,2,9,5,55,4,70806544.9664,27159109.8706,250.7733,14494616.5333,29380
2022,2,9,6,0,4,63470685.2825,22964764.7403,255.8933,15623021.5467,2077.5733
2022,2,9,6,5,4,99977785.0258,24353797.3348,500.6933,13419621.44,75353.8133
2022,2,9,6,10,4,87754905.1642,29273149.9263,346.1333,14968882.88,29819.5467
2022,2,9,6,15,4,92843568.2437,26317612.1282,336.1333,9474966.9333,74953.36
2022,2,9,6,20,4,102845188.973,28348920.3869,446.88,10991790.32,64089.0133
2022,2,9,6,25,4,75645169.4482,27253999.0081,448,11008056,63024
2022,2,9,6,30,4,66827018.6688,23979658.4797,763.7333,18436811.4133,53530.56
2022,2,9,6,35,4,73236029.482,22585596.0171,357.5467,7282388.0533,98771.2533
2022,2,9,6,40,4,99930251.4258,18985847.3924,478.2933,7065570.6667,19987.68
2022,2,9,6,45,4,125890128.17,19325277.5758,361.6,7299033.28,37659.84
2022,2,9,6,50,4,100508661.164,30975763.0308,454.72,6394656.1067,49515.9467
2022,2,9,6,55,4,76284517.4795,21137281.6612,313.92,6772835.7333,50616
2022,2,9,7,0,4,105219797.512,17218249.8567,469.8667,6255573.3333,45068
2022,2,9,7,5,4,148255270.204,14992828.4949,17766.2933,1930448.2133,26653.3333
2022,2,9,7,10,4,128556187.723,13866228.8304,713.6,199632.8533,25368
2022,2,9,7,15,4,142934075.284,16808688.6901,314.8,56530.4,89069.28
2022,2,9,7,20,4,132260479.356,20001391.9119,102285.9733,161355.84,78076.8
2022,2,9,7,25,4,165494703.548,22806853.4854,2449.6,206335.52,75144
2022,2,9,7,30,4,132914169.917,33585704.878,407.6,149238.8,51706.1067
2022,2,9,7,35,4,137209715.303,38127273.0983,14568.64,93776.2133,40762.6667
2022,2,9,7,40,4,130808539.48,30023634.5733,710.1333,242042.5333,34303.28
2022,2,9,7,45,4,127437502.018,28053053.4748,14324.8,1528560.7467,150774.08
2022,2,9,7,50,4,126757913.035,19572796.2244,66244.9067,4541297.8133,159584
2022,2,9,7,55,4,125132097.808,28572651.9076,61939.6267,4872069.12,56792.96
2022,2,9,8,0,4,129479404.272,20787760.0171,47687.68,7430677.2267,30131.36
2022,2,9,8,5,4,186060782.364,19526804.1344,25962.9867,4829402.88,70023.12
2022,2,9,8,10,4,181712507.974,21761771.0699,12719.04,3160140.2667,51941.8667
2022,2,9,8,15,4,190326603.256,24986447.4258,17366.8267,3496326.6133,74498.1867
2022,2,9,8,20,4,180786267.535,29653716.8587,24054.5067,1553701.12,91055.04
2022,2,9,8,25,4,212348901.525,35754601.2171,20576.2133,3491261.12,81302.24
2022,2,9,8,30,4,197093542.99,41953090.893,727.6,8110100.4,80256
2022,2,9,8,35,4,197718609.062,35000794.2268,392,7342791.84,135692.4
2022,2,9,8,40,4,206320659.967,35298625.189,407.7333,3853763.7333,123761.76
2022,2,9,8,45,4,210920672.801,32751216.1769,297.8667,3370670.6667,11038.08
2022,2,9,8,50,4,235331923.994,33080662.7907,358.9333,2461071.0667,157810.9333
2022,2,9,8,55,4,264580756.709,37814107.3147,11530.6667,3606880.2667,202959.8933
2022,2,9,9,0,4,221579100.678,37616612.1551,13041.6,2031672,122818.56
2022,2,9,9,5,4,209119248.076,38119151.5382,37222.5333,2910817.0667,211182.8
2022,2,9,9,10,4,225549838.373,45214026.8476,1012.6667,11472593.4667,165286.7467
2022,2,9,9,15,4,224063898.682,45306541.424,289.7333,8981139.2,107520
2022,2,9,9,20,4,238137086.495,44806057.9669,430.08,2674769.3867,154598.6667
2022,2,9,9,25,4,208414878.644,42328447.1979,14694.2667,9203934,43700.5867
2022,2,9,9,30,4,190905640.075,35745349.4236,22141.8667,10008660.5333,39378.6667
2022,2,9,9,35,4,159998242.485,41250365.7053,20926.6667,8967470.2667,110765.3333
2022,2,9,9,40,4,206956545.822,45776920.3631,33797.4667,6597412,117160
2022,2,9,9,45,4,218843533.464,37089476.1573,1142.88,13236392.96,143309.76
2022,2,9,9,50,4,181331060.605,38036947.9173,448.4,8483177.2,161526.16
2022,2,9,9,55,4,169375969.429,37014653.1054,316.08,5432639.44,163072
2022,2,9,10,0,4,190029652.398,41950293.0389,537.04,8106100.96,105520.8533
2022,2,9,10,5,4,230498455.116,48622178.4488,365.52,13371253.28,51237.6533
2022,2,9,10,10,4,185114403.059,35703042.1672,290.16,14233658.16,48647.2
2022,2,9,10,15,4,199388139.73,34039567.2942,380.8,13136958.1333,72308.1333
2022,2,9,10,20,4,199206447.493,31877382.6178,15606,12614576.2667,112339.28
2022,2,9,10,25,4,196329467.77,36181374.4955,15864,12606376,114824
2022,2,9,10,30,4,192136413.774,34489804.2896,854.4,16545137.3333,12552.5867
2022,2,9,10,35,4,242017822.139,37216714.4812,457.92,18610314.3467,87550.2933
2022,2,9,10,40,4,223300211.834,38637083.6409,16440,24475592.4267,20273.8933
2022,2,9,10,45,4,200394634.298,45183004.166,672,20911343.68,68591.52
2022,2,9,10,50,4,203957185.548,42138217.4193,1174628.8,13364653.0133,29152.8267
2022,2,9,10,55,4,224743816.016,52636383.3066,1344230.56,10480245.76,75061.44
2022,2,9,11,0,4,218090057.549,41007852.5924,1954556.6667,10119747.4667,44813.1733
2022,2,9,11,5,4,223753460.407,47563915.0065,270328.6667,11269576.1333,94239.76
2022,2,9,11,10,4,225819539.639,48258950.7421,25412.16,7896258.72,69264
2022,2,9,11,15,4,238078101.508,50790441.9042,650.9867,12941596.0533,7624.8533
2022,2,9,11,20,4,240919065.722,46673687.4354,26258.24,19463993.4933,58090.6133
2022,2,9,11,25,4,283271262.573,38062538.8206,74560,16612614.6133,32843.92
2022,2,9,11,30,4,239437779.406,39584272.154,100166.72,15896816.32,66168
2022,2,9,11,35,4,229102432.727,36831652.9863,1829.44,21936420.2667,71913.6
2022,2,9,11,40,4,280816059.663,39376853.5936,338.1333,25033784.32,33200.24
2022,2,9,11,45,4,244311702.434,40452248.6951,40749.8667,20791116.0533,30544.5867
2022,2,9,11,50,4,224222854.256,34158800.609,1120.9333,23824501.6,39157.76
2022,2,9,11,55,4,247257229.195,31780251.2568,361.3333,24153865.6,60031.2
2022,2,9,12,0,4,233863708.677,29533615.4281,328.4267,23117326.72,36930.1867
2022,2,9,12,5,4,257275903.095,35227994.8053,406.6667,32856396.5333,61288
2022,2,9,12,10,4,241105627.837,32153071.2596,533.8667,27145941.2,48779.2
2022,2,9,12,15,4,255319494.645,35960427.1938,27447.8667,24418082.9333,41894.6667
2022,2,9,12,20,4,248109405.1,41674910.1676,913.4667,25983378.5333,63625.28
2022,2,9,12,25,4,233831918.352,36117919.4457,157954.5333,23619574.9333,44886.4533
2022,2,9,12,30,4,270417075.358,36763703.5794,213872.4267,33231371.2,52217.4667
2022,2,9,12,35,4,237651790.473,36303249.2032,10349.8667,39735924.32,90193.8133
2022,2,9,12,40,4,231154285.477,37667977.9406,94146.2667,45357298.9333,23601.04
2022,2,9,12,45,4,232322512.283,37001521.7715,40213.0667,31707336.5333,77261.5467
2022,2,9,12,50,4,236010111.495,36436503.534,910.4,36084083.7333,65569.3333
2022,2,9,12,55,4,228713659.872,40873521.7869,249.92,26137897.7067,128818.4
2022,2,9,13,0,4,236696732.081,37375480.092,287.3333,22746532.4,71384.08
2022,2,9,13,5,4,210410507.082,37610959.6443,17834.88,24831131.9467,165862.0267
2022,2,9,13,10,4,174494584.725,35980296.7682,301539.4667,14898566.6667,67263.2533
2022,2,9,13,15,4,175879940.285,29805038.8701,1668103.3333,14594791.0667,25128.3733
2022,2,9,13,20,4,180248763.305,24095223.8512,1240127.36,17481898.1333,110225.3867
2022,2,9,13,25,4,226518671.589,29789480.41,1039784.96,19399423.1467,184129.28
2022,2,9,13,30,4,254265102.11,29497558.6061,1547156.16,16148537.92,153757.3333
2022,2,9,13,35,4,268829736.587,26963779.2201,1354628,18078191.6,130647.04
2022,2,9,13,40,4,276428265.472,26416047.7777,1979328.4267,18083089.92,55610.3733
2022,2,9,13,45,4,266462899.04,27537876.7494,2034686.6133,20741304.96,56713.92
2022,2,9,13,50,4,265302922.022,30605993.8621,1086804.5333,17627245.6,68892.16
2022,2,9,13,55,4,278903783.072,26264570.9669,78007.1467,17805651.6267,143361.36
2022,2,9,14,0,4,289264704.35,28303766.9467,1351.8667,35019681.8667,789368.6933
2022,2,9,14,5,4,294378399.829,30677867.1584,129683.3067,26691919.36,345433.7333
2022,2,9,14,10,4,286459256.447,28849120.4949,69169.3867,33175987.4133,91190.1867
2022,2,9,14,15,4,301839803.697,30607430.0771,1049545.2,26332369.3333,85079.84
2022,2,9,14,20,4,317161989.303,29224899.439,731119.7867,29959879.68,112832.48
2022,2,9,14,25,4,304473981.343,33691362.6119,726592,30010488,114536
2022,2,9,14,30,4,328101267.077,39150692.6923,553664.8533,50242893.12,227003.68
2022,2,9,14,35,4,303451349.4,38736006.7111,32601.8133,24676632.7467,134380.16
2022,2,9,14,40,4,349413055.152,43312102.7733,1719011.9467,28705793.1733,51618.8267
2022,2,9,14,45,4,337108432.593,43994252.8103,1430930.24,49613621.3333,106683.36
2022,2,9,14,50,4,327672519.499,46974565.438,594099.7333,41691866.0267,1202854.4533
2022,2,9,14,55,4,327146830.197,41442104.477,83621.4667,45549017.6,326782.64
2022,2,9,15,0,4,353164488.256,44396627.461,13666.2667,51422013.6,80886.88
2022,2,9,15,5,4,329158429.76,40088543.4965,555.0933,43287898.24,207103.3333
2022,2,9,15,10,4,328716459.109,35545406.4189,410638.6667,45447565.8667,213529.6
2022,2,9,15,15,4,310276038.009,35510811.1218,971012,35673915.4667,78002.24
2022,2,9,15,20,4,295681803.56,37602568.6711,1032028.8,28005419.7333,82235.84
2022,2,9,15,25,4,320306961.073,37944891.7396,1305845.8667,28032159.6,139889.6
2022,2,9,15,30,4,340556005.247,34156571.6497,1334638.4,22863433.7333,98760
2022,2,9,15,35,4,386610975.617,30319414.6809,1113939.9467,31703893.8667,143475.0667
2022,2,9,15,40,4,373953722.338,42274832.7271,1041890.5333,43219646.6667,50632.5333
2022,2,9,15,45,4,379123197.957,40604739.6826,1015224.5333,47611918.9333,103470.08
2022,2,9,15,50,4,332659670.801,41239445.0215,269362.56,34612672.32,83377.9733
2022,2,9,15,55,4,344209262.636,36719018.9163,1077076.8,38361255.2533,82303.6267
2022,2,9,16,0,4,381688471.445,35709070.5518,31108.0533,37683049.7067,70284.8533
2022,2,9,16,5,4,400711163.555,33495834.728,10963.3333,35481845.0667,115007.1467
2022,2,9,16,10,4,381170132.223,42727675.96,131095.2533,38011031.8933,74866.8
2022,2,9,16,15,4,375785854.808,41052052.6948,2093.2267,42010849.0667,83127.52
2022,2,9,16,20,4,458300423.779,41889311.98,675.3067,47468997.3333,102039.04
2022,2,9,16,25,4,413736699.612,39647684.154,521532,51692894.4,42498.6667
2022,2,9,16,30,4,383302694.314,36379476.1375,9295.6,49310232.5333,80434.24
2022,2,9,16,35,4,342726685.982,37029046.4374,68299.3067,47998547.6267,168154.08
2022,2,9,16,40,4,330743934.876,40316084.396,53624.2667,43600704.8,53701.76
2022,2,9,16,45,4,289555827.808,39367060.5385,100112.2133,41284899.3067,40878.72
2022,2,9,16,50,4,309447238.464,38408522.4864,116988.48,35145649.4933,259991.9733
2022,2,9,16,55,4,341846985.488,39459725.8256,80725.0133,41997918.1867,182947.3333
2022,2,9,17,0,4,361660828.513,46611026.1222,299027.6,46318344.8,259995.2
2022,2,9,17,5,4,325726423.248,43006671.4084,426533.7333,40271534.5333,135809.44
2022,2,9,17,10,4,372283372.346,41691820.5769,44872.4,33107600.9333,315081.28
2022,2,9,17,15,4,380491921.436,43081667.8229,1143.68,33124838.08,88357.44
2022,2,9,17,20,4,373723437.124,44774227.4177,202398.08,47876443.7333,67215.3867
2022,2,9,17,25,4,351016447.65,47552281.1218,3366.5067,44616253.9733,147561.7067
2022,2,9,17,30,4,377893604.932,46295554.5713,130406.4,29114933.5467,51158.72
2022,2,9,17,35,4,394333404.099,45129969.5924,2533.0667,30978750.1333,56264.6667
2022,2,9,17,40,4,369588020.022,44883511.4325,25870.9333,36950740.16,84742.72
2022,2,9,17,45,4,347050580.125,49242344.2847,150470,47668227.4667,84405.12
2022,2,9,17,50,4,334257325.99,45170858.7735,237779.8667,49246796.4,101971.84
2022,2,9,17,55,4,358292902.097,44240381.1057,3521.1733,34601556.9067,72261.6533
2022,2,9,18,0,4,399491768.145,44542319.5264,31246.2933,30463883.7333,29308.8
2022,2,9,18,5,4,371508657.732,40598193.4407,19352.6667,31753480.1333,193434.96
2022,2,9,18,10,4,344572409.632,43999996.4917,610.4533,38495029.5467,45923.76
2022,2,9,18,15,4,367273853.187,42663710.6537,987413.44,37865730.9867,37296.96
2022,2,9,18,20,4,376180366.474,45572800.6145,970087.7333,50276333.8667,80961.8933
2022,2,9,18,25,4,387763338.282,44107717.3151,969568,50486848,83896
2022,2,9,18,30,4,414004940.083,42545311.2302,276475.3333,122339384.4,531906.5333
2022,2,9,18,35,4,414369639.647,35828938.0111,15472.6667,60698836.4,248395.3333
2022,2,9,18,40,4,428384120.382,38061109.8279,249930.5333,49321624.5333,71702.24
2022,2,9,18,45,4,399553409.391,37503269.2948,1115264.96,63645054.2933,67893.0667
2022,2,9,18,50,4,402428429.481,38896916.0995,1039615.4667,48516449.7333,397188.2667
2022,2,9,18,55,4,405981438.118,40145838.4231,1103547.3333,51489542.2667,162214.72
2022,2,9,19,0,4,372479627.235,41047059.92,170756.8,40511516.9333,75923.4133
2022,2,9,19,5,4,370698503.778,36928031.7005,835672.7467,43894011.6267,233257.6
2022,2,9,19,10,4,393829749.384,37304998.4375,1705477.4667,47590579.8667,292157.12
2022,2,9,19,15,4,405637946.349,37985620.0686,1277295.36,49820809.3867,295392
2022,2,9,19,20,4,398062761.429,35842028.4062,536210.16,58833812.3467,95876.32
2022,2,9,19,25,4,389036363.231,32741551.2542,75421.5467,49328889.28,28295.8933
2022,2,9,19,30,4,412822289.074,32443894.6389,20281.0667,58495692.2667,32049.8133
2022,2,9,19,35,4,422885718.005,33711245.616,741.0667,59858484.9333,109730.72
2022,2,9,19,40,4,426100082.386,34619725.6201,70059.7333,48672798.1333,54924
2022,2,9,19,45,4,380249699.409,33629630.8298,397542.5067,46864620.16,118320.8533
2022,2,9,19,50,4,410825994.458,38964731.8379,372257.28,54769197.8667,76257.4933
2022,2,9,19,55,4,381248245.364,35746837.7347,404864.5333,47624598.4,86781.3067
2022,2,9,20,0,4,405627351.582,39791837.7494,100173.0133,47974048.7467,114201.7067
2022,2,9,20,5,4,388026673.849,38365751.409,339710.1333,45859421.3333,116028
2022,2,9,20,10,4,392325249.208,37889043.2616,149166.72,47024158.5067,167289.28
2022,2,9,20,15,4,426115520.15,39276751.0097,694333.3333,41820791.04,32408.24
2022,2,9,20,20,4,413968540.497,44001533.3061,486338.8,56445527.6,54768.5067
2022,2,9,20,25,4,428916661.572,46952508.88,155308.8,50326556.9333,35504.32
2022,2,9,20,30,4,414781171.032,43036694.7947,146330.1333,44699952.8,34919.3333
2022,2,9,20,35,4,403940543.335,38108058.3503,50259.3333,54165611.7333,55832
2022,2,9,20,40,4,436142884.876,42038460.3423,236556.48,46715040.8533,37913.12
2022,2,9,20,45,4,452947821.137,45190816.6151,1659919.68,61371130.56,588010.4267
2022,2,9,20,50,4,447291270.288,45401739.2728,317046.4,52553145.1733,281524.56
2022,2,9,20,55,4,458472502.695,42724296.3627,305476.1333,68726954.2667,4142877.44
2022,2,9,21,0,4,512751155.677,49079816.1063,425362,81966852.2667,4723304.08
2022,2,9,21,5,4,503682119.933,50088851.5141,687193.1733,89634393.8133,4947199.3333
2022,2,9,21,10,4,483328364.76,47017179.9731,1527547.3067,59819267.2,3135477.0667
2022,2,9,21,15,4,471872063.442,50746996.0987,125774.5333,69100432.1333,457049.6533
2022,2,9,21,20,4,469964539.171,54860777.4937,22859.0933,66634012.3733,133656.6133
2022,2,9,21,25,4,484322289.974,48931365.6688,165398,61270850.5333,110493.2267
2022,2,9,21,30,4,502893593.105,53119606.8418,51704.2667,91755343.2,51195.0667
2022,2,9,21,35,4,509474480.719,52732091.4333,267878.6667,98602434.9333,211241.4667
2022,2,9,21,40,4,529695399.154,53227133.1987,169474.5333,101220122.533,119900
2022,2,9,21,45,4,528112709.078,51956373.3427,58782.8,102855475.333,158241.12
2022,2,9,21,50,4,539954314.973,49368506.2353,88442,102454108.4,1749739.52
2022,2,9,21,55,4,519444312.749,47797938.9473,88549.76,95005044.9067,186725.2
2022,2,9,22,0,4,501628311.063,46026970.6734,116006.5333,104904311.333,50942.4
2022,2,9,22,5,4,534473797.598,46526221.9822,1115892.6667,107389998.4,58352.08
2022,2,9,22,10,4,504769628.77,46956719.0362,1235169.4667,108242810.933,66573.2
2022,2,9,22,15,4,462153926.215,48064849.4416,1923884.48,120233636.16,42477.44
2022,2,9,22,20,4,495374049.191,49595885.4498,2048052.8,98849411.7333,104611.5733
2022,2,9,22,25,4,494166269.255,45025272.9258,1396775.6,115787452.933,63677.8667
2022,2,9,22,30,4,465456805.548,47465960.1099,1385704,116080728,60168
2022,2,9,22,35,4,458827393.998,43937597.8852,149907.9467,214849858.027,124943.3333
2022,2,9,22,40,4,445635839.879,39314856.095,118253.4667,113412704.133,152130.9333
2022,2,9,22,45,4,455102947.329,36586994.4076,519491.0667,110119210.267,103184.72
2022,2,9,22,50,4,474433069.677,37455506.8173,796390.1333,101914497.2,113776.64
2022,2,9,22,55,4,429507895.84,38443618.1139,842723.7333,114901175.147,88566.4
2022,2,9,23,0,4,426893500.46,31518829.4509,524365.4667,104415725.733,82296.32
2022,2,9,23,5,4,404391745.923,32400114.6026,91030.8267,95072031.8933,165156
2022,2,9,23,10,4,410908452.305,28528479.8468,183266.6667,84075750.9333,182816.08
2022,2,9,23,15,4,381122225.242,33249064.1535,13418.9333,86606714.9333,181507.7333
2022,2,9,23,20,4,380805957.812,33399093.6977,566.4,90342103.68,183715.68
2022,2,9,23,25,4,361966896.729,32000009.9993,27829.76,92910793.7067,89057.8133
2022,2,9,23,30,4,359062640.937,32140427.4542,82474.56,83789978.24,165960.2133
2022,2,9,23,35,4,347537732.662,34405927.7105,35921.4667,88209822.5333,102584.8533
2022,2,9,23,40,4,323078014.123,29723917.3729,918.1867,85657467.9467,95999.7867
2022,2,9,23,45,4,329879166.346,25688116.058,274.4533,76929955.2,24845.8667
2022,2,9,23,55,4,307543530.588,25345867.9035,540.5867,69515730.24,42680.48
2022,2,10,0,0,5,298591136.595,24731083.4955,481.7067,64518583.68,42760
2022,2,10,0,5,5,282676406.275,23041306.8467,653.6533,67677735.8933,68121.0133
2022,2,10,0,10,5,275255856.574,24161146.277,482.3467,62988916.16,86674.56
2022,2,10,0,15,5,275945364.018,22937763.6775,314.24,56503599.04,34262.72
2022,2,10,0,20,5,330869365.6,25732526.8889,469.8667,69567598.8267,65541.68
2022,2,10,0,25,5,310056290.473,24109464.8537,629.8667,70300434.3467,23195.44
2022,2,10,0,30,5,288929858.957,26163634.3655,245.2267,74673462.4,16177.28
2022,2,10,0,35,5,295564325.778,26229064.4444,397.8667,79096293.2267,63206.72
2022,2,10,0,40,5,246872531.263,28884138.8421,439.4667,84597598.9333,56326.0267
2022,2,10,0,45,5,227301652.783,36721116.1785,361.3333,68126096.5333,22377.76
2022,2,10,0,50,5,221143322.971,38095415.5093,360,68361261.2,65197.6
2022,2,10,0,55,5,199313806.864,35546758.0194,344.2133,63512284.8,31698.16
2022,2,10,1,0,5,174279602.372,29876013.1399,541.3333,60230864.4267,54306.6667
2022,2,10,1,5,5,169494814.078,34079258.0117,291.4133,53211524.6933,71410.4
2022,2,10,1,10,5,175963294.028,31137111.5271,524.8,47337157.44,44385.68
2022,2,10,1,15,5,150956578.466,31973208.7218,299.0933,53694924.6933,5011.4133
2022,2,10,1,20,5,163279805.59,28715543.7074,540.6933,47633652.3733,64184.6667
2022,2,10,1,25,5,160881808.833,28317758.5592,559.7867,57442509.12,32789.8667
2022,2,10,1,30,5,151531585.054,28854998.2131,13744.5333,50890390.5333,29442.2667
2022,2,10,1,35,5,148432142.391,25944518.8298,252092,40352786.8,48661.04
2022,2,10,1,40,5,136141427.218,32905023.8073,135912.5333,43004948.3733,155938.56
2022,2,10,1,45,5,127857244.977,28642042.9297,8910.2933,35675475.52,140014.16
2022,2,10,1,50,5,113427261.65,27227453.3905,498182.5333,35088627.0667,52767.4667
2022,2,10,1,55,5,123973710.548,31388606.488,1124188.9067,33089582.5067,69496.1867
2022,2,10,2,0,5,102049505.387,32512990.7961,268444.9067,31008724.16,57650.32
2022,2,10,2,5,5,102784869.979,34832734.3975,3952.4267,28755063.7867,57620.4
2022,2,10,2,10,5,101383195.184,30265818.7282,127452.9067,32046877.5467,54812.2133
2022,2,10,2,15,5,106517301.481,34190751.3337,57559.68,22159791.8933,18226.8267
2022,2,10,2,20,5,103053191.279,36417439.5836,57831.2533,28889571.3067,75344.96
2022,2,10,2,25,5,97149046.1625,31831854.816,17615.68,27862011.4133,32536.32
2022,2,10,2,30,5,89096107.7281,23221980.4365,17072,27846872,29320
2022,2,10,2,35,5,88129580.7537,23109897.7755,113879.2,41218301.6,105565.1733
2022,2,10,2,40,5,82505555.0419,32770621.1445,22016.8,11417798.5333,24574.0267
2022,2,10,2,45,5,82490375.4055,36488007.0251,639.92,8556117.12,4247.7333
2022,2,10,2,50,5,72296484.0842,30232539.2477,424.2667,8802516.9333,60827.0667
2022,2,10,2,55,5,79013675.3469,30269119.5673,455.4667,6038556.4,43528
2022,2,10,3,0,5,73974437.7976,29570583.2289,471.7867,7101450.4533,27160.32
2022,2,10,3,5,5,76897535.5396,25267044.2983,700.9067,4839197.6533,63476
2022,2,10,3,10,5,67519539.3767,26257687.0414,475.0933,7972072,53618.8
2022,2,10,3,15,5,69313524.0551,30078430.2382,274.6667,2266014.6133,66593.6533
2022,2,10,3,20,5,61424576.0434,27758137.3532,516.6933,2438104.64,77496.4267
2022,2,10,3,25,5,83597856.5299,37038936.1477,559.4667,1527810.88,78272
2022,2,10,3,30,5,67397667.3744,39554446.0515,489.2,5426558.2667,40112.48
2022,2,10,3,35,5,80575650.1631,31628146.1791,464.4,2772122,56670.88
2022,2,10,3,40,5,71216801.9383,31432270.4711,511.2,3721542.5333,52510.64
2022,2,10,3,45,5,49301897.6697,32291099.3088,322.56,5736731.7333,3915.5733
2022,2,10,3,50,5,54258794.6674,33400616.7182,414.72,4715430.2933,61379.84
2022,2,10,3,55,5,62821602.6492,30950093.0901,360.7467,4126645.12,21843.04
2022,2,10,4,0,5,53822327.5357,29873631.0574,407.36,3037888,42793.28
2022,2,10,4,5,5,56597692.9818,28462664.4193,415.8667,9263914.5333,79628.48
2022,2,10,4,10,5,45663032.8856,32146208.7435,502.8267,5235017.92,110252.2667
2022,2,10,4,15,5,52722249.0764,32216912.039,236.5333,5921458.4,112224
2022,2,10,4,20,5,30472441.1175,30803114.2142,532.96,2971065.04,20235.84
2022,2,10,4,25,5,42761530.356,35635346.6372,299.2,6853269.3333,86026.3467
2022,2,10,4,30,5,39663565.7465,34515304.0377,540.6933,4949370.7733,30931.9467
2022,2,10,4,35,5,41799234.3541,44044044.3424,417.7067,4983130.4533,52632.56
2022,2,10,4,40,5,44466190.9141,35685005.9026,266.0267,3647839.4667,29149.3333
2022,2,10,4,45,5,47453628.9492,34849627.2063,516.5867,6174065.8133,50019.84
2022,2,10,4,50,5,64035875.5877,34799882.4276,291.8667,4422746.1333,88836.16
2022,2,10,4,55,5,52275364.806,34707020.5801,343.2533,11400583.8933,54698.72
2022,2,10,5,0,5,44577880.5959,42225629.8052,391.36,5874192.7467,16195.1467
2022,2,10,5,5,5,43561869.9381,38190105.6949,455.1467,12383166.4,110163.8933
2022,2,10,5,10,5,43471850.81,37102360.7908,242.88,6012729.4933,8270
2022,2,10,5,15,5,53984822.762,44039290.5305,358.4,5421695.36,24
2022,2,10,5,20,5,57696854.5956,43185196.9728,415.2533,7111031.1467,82500
2022,2,10,5,25,5,53212395.7488,42495630.5621,510.4,16142473.2,19555.3333
2022,2,10,5,30,5,62330419.4156,42360899.3397,456.7467,9987842.0267,110298.1333
2022,2,10,5,35,5,57245008.7239,42924474.7271,416.5333,11018646.4,117248
2022,2,10,5,40,5,49283708.1713,33230452.3872,494.9333,10806313.1733,21308.8
2022,2,10,5,45,5,60312427.731,47277165.6735,543.2,13125078.8,14456
2022,2,10,5,50,5,63108447.9722,35445488.6366,363.0667,14006818.2667,48604.56
2022,2,10,5,55,5,62054752.0732,34321266.6318,225.8133,12653591.7867,53265.28
2022,2,10,6,0,5,47685588.752,34749627.8005,405.5467,10055689.0667,4864.0533
2022,2,10,6,5,5,55458109.3945,37071589.0137,392.2133,11386244.48,73468.72
2022,2,10,6,10,5,66981508.3417,35668688.9134,628.8,10173856.96,35162.6133
2022,2,10,6,15,5,91596524.9417,42476178.9259,253.12,10447193.4933,27979.12
2022,2,10,6,20,5,81101927.1198,36992576.9572,413.2,10863876,93944.64
2022,2,10,6,25,5,79985550.3473,32272452.5914,423.8667,12070869.0667,18059.36
2022,2,10,6,30,5,86413604.4512,37960064.5433,424,12091208,12848
2022,2,10,6,35,5,101558314.402,37256077.555,974.6667,22174260.8,102012.4533
2022,2,10,6,40,5,93157319.5826,32910011.4795,541.9733,13775115.4133,33414.5067
2022,2,10,6,45,5,93164745.1932,32816480.4558,346.56,11259430.72,26517.8133
2022,2,10,6,50,5,124664338.774,31188106.0057,304.5333,6733672.64,82825.9467
2022,2,10,6,55,5,125635005.218,34090833.0647,564.48,8895698.88,93832
2022,2,10,7,0,5,131265195.905,29500190.8272,355.6,2442682.2667,81769.5733
2022,2,10,7,5,5,140341749.023,31372804.7019,1922.7733,209059.2,80768
2022,2,10,7,10,5,134926496.743,28494974.7196,602.1333,1383019.84,58418.32
2022,2,10,7,15,5,158993121.629,28731280.6994,568.2133,486763.2,4089.36
2022,2,10,7,20,5,135487969.255,25203694.3658,315.4133,2225789.0133,59974.2933
2022,2,10,7,25,5,140505379.785,29035297.9488,25831.2,503252.8,64704
2022,2,10,7,30,5,142130176.765,27422354.2904,840.4,6059423.6,37156.48
2022,2,10,7,35,5,138790687.17,27613857.8037,52076.2667,5526919.8667,31795.52
2022,2,10,7,40,5,155612923.288,31592353.404,261920.1067,8769193.8133,68682.08
2022,2,10,7,45,5,152014871.954,30061608.2744,4066.6667,7815868.8,59629.04
2022,2,10,7,50,5,163611880.016,32968036.2822,17182,14498852.6667,49394.3467
2022,2,10,7,55,5,151828485.203,28781311.7198,75708.9067,17911339.0933,76863.2267
2022,2,10,8,0,5,146527581.886,22651121.9068,20910.1333,16849166.5333,207369.7067
2022,2,10,8,5,5,172871649.345,29365212.5102,34704.8533,18769878.9333,125742.3467
2022,2,10,8,10,5,179332517.225,25886364.6277,37027.3067,11856932.3733,58395.7333
2022,2,10,8,15,5,194141522.096,26634277.9072,916.5333,14056938.4,55220
2022,2,10,8,20,5,178901397.432,28096187.0939,272.4267,15321603.3067,172787.8933
2022,2,10,8,25,5,186065698.122,30826587.3614,335.1467,21880320.5333,151978.6667
2022,2,10,8,30,5,183488421.319,32093480.8818,320.2133,19835538.88,27131.36
2022,2,10,8,35,5,160408772.073,28336821.3239,17677.44,21264973.76,144155.52
2022,2,10,8,40,5,147417601.429,28298204.5134,17243.3333,21481055.6,226085.8133
2022,2,10,8,45,5,201162039.995,28828827.7169,569.1733,17839353.1733,145883.4133
2022,2,10,8,50,5,183788606.925,33507696.3207,47277.76,18256228.9067,50749.0133
2022,2,10,8,55,5,172636029.075,30908744.0988,19282.88,2006728.96,169442.6667
2022,2,10,9,0,5,185256215.444,26168978.491,16756.9067,9205652.6933,149100.16
2022,2,10,9,5,5,160412444.674,27003518.0141,49736.5333,5914812.1333,72304.64
2022,2,10,9,10,5,179879790.383,28211967.191,45970.4533,7179587.7333,93120.1867
2022,2,10,9,15,5,190937287.875,27573270.5273,1344.7467,10428769.3867,95384
2022,2,10,9,20,5,196180004.207,26317230.8013,58332.56,19570455.04,103914.1333
2022,2,10,9,25,5,173415778.635,29416828.512,16569.92,7660240.5333,96060.64
2022,2,10,9,30,5,167272469.084,32570629.5336,816.5067,12335315.0667,53136
2022,2,10,9,35,5,158153244.995,33651711.9582,287.76,11675643.84,116401.76
2022,2,10,9,40,5,184828674.739,31925267.087,62856.88,9373432.32,78500.8
2022,2,10,9,45,5,157620684.894,32568253.6921,64792,9303048,61352
2022,2,10,9,50,5,152606749.759,31565050.4665,45863.7867,16079158.9333,42114.4
2022,2,10,9,55,5,156134381.316,29447773.7232,18318.5333,9341847.7333,40592
2022,2,10,10,0,5,190068456.468,33916078.5462,46648,17242276.6667,130917.0133
2022,2,10,10,5,5,157340765.94,29273787.9924,66281.28,17448907.84,93625.3333
2022,2,10,10,10,5,154563842.247,29180376.301,57066.8,13856252.9333,26330.8267
2022,2,10,10,15,5,178089405.914,31184678.6937,232893.76,11249238.72,25236.96
2022,2,10,10,20,5,165432969.274,34387003.744,3571.0933,16802901.5467,41204.48
2022,2,10,10,25,5,187247159.868,32806797.2156,40885.44,15069556.0533,86857.6
2022,2,10,10,30,5,188760134.536,32546978.7488,41432,15045112,89360
2022,2,10,10,35,5,174399555.427,32587401.811,165451.28,40488508,298865.28
2022,2,10,10,40,5,171428257.079,32096745.9331,426878.2667,18286949.6,231626.24
2022,2,10,10,45,5,160864957.279,30392659.9724,95402.9867,14521421.5467,55242.24
2022,2,10,10,50,5,167685056.516,34551910.5458,25539.2,15345489.4667,225421.1733
2022,2,10,10,55,5,178431260.814,34073381.046,61027.7333,21166571.4667,103378.88
2022,2,10,11,0,5,182254045.275,35661614.6644,1161.3867,16014417.6,213941.3333
2022,2,10,11,5,5,202535353.68,41534059.125,34916.8,19488028.48,79331.1467
2022,2,10,11,10,5,200951672.079,44013700.3228,842.7733,25620859.2,21491.2
2022,2,10,11,15,5,191574409.512,41188003.2896,249.7067,23178389.5467,65355.52
2022,2,10,11,20,5,211577585.083,38261490.8291,382.1867,21421701.9733,138944.8
2022,2,10,11,25,5,243813829.213,37103537.3604,313.2,26472840.9333,44016.48
2022,2,10,11,30,5,229283604.911,33995467.5769,288.4,27049995.4667,19020.6667
2022,2,10,11,35,5,219273710.664,32995365.3858,366.6667,31644303.4667,84477.44
2022,2,10,11,40,5,222684533.392,34175404.7167,399.4667,20236580.6667,34850.0267
2022,2,10,11,45,5,219402748.086,36660438.1794,368.4267,30806745.28,23754.88
2022,2,10,11,50,5,230302545.907,39119130.0377,33730.5333,19722706.6667,87892
2022,2,10,11,55,5,230286930.813,35330773.3284,242840,26667536.48,118564.48
2022,2,10,12,0,5,234575968.219,33930902.6109,2000180.08,30377175.76,12601.36
2022,2,10,12,5,5,222715416.432,33612998.248,521880.32,16923382.5067,42042.4533
2022,2,10,12,10,5,225546259.688,31549434.9074,39056.8,19571239.3333,156317.1733
2022,2,10,12,15,5,209172185.687,29431270.6187,56397.2,15581200.8,100542.08
2022,2,10,12,20,5,220007912.815,141122460.636,956.32,20553942.96,175058.6667
2022,2,10,12,25,5,215494320.897,35410050.525,502.5067,18682695.2533,24844.96
2022,2,10,12,30,5,184218857.473,31933349.5979,425.0667,21109470.72,95523.92
2022,2,10,12,35,5,209791423.311,33149466.7982,1158889.0667,13535542.2933,82513.2267
2022,2,10,12,40,5,217074451.291,30390063.3998,1593869.44,10842136.2133,62683.7333
2022,2,10,12,45,5,208762563.507,28468376.5806,1622805.5467,6930917.2267,23573.36
2022,2,10,12,50,5,189919316.374,32913294.5049,41227.7333,11096815.7333,162588.9333
2022,2,10,12,55,5,196522725.527,31227377.7974,492.16,10204078.1867,69132.8
2022,2,10,13,0,5,194780927.023,33090975.1972,366.72,10415303.36,36569.92
2022,2,10,13,5,5,232268801.773,29919631.3356,375.8667,9432204.2667,140420.2133
2022,2,10,13,10,5,208120154.583,30267484.6444,344.4267,10576336.5333,97797.7067
2022,2,10,13,15,5,193915937.335,24727240.1604,336.1067,12541969.3867,101635.2
2022,2,10,13,20,5,207960364.055,26277956.5813,320.2133,7265799.68,130909.3333
2022,2,10,13,25,5,206067265.351,24416000.7229,37245.0133,8326087.4667,148266.6667
2022,2,10,13,30,5,208231302.465,23426535.8178,757.6,6981583.36,79533.8133
2022,2,10,13,35,5,241963280.918,32974418.1494,18712.32,8002458.7733,91916.08
2022,2,10,13,40,5,263174840.559,33398208.3637,13103.1467,9510419.0933,62826.96
2022,2,10,13,45,5,222642265.996,31677977.492,26158.5067,7649350.4,124371.5733
2022,2,10,13,50,5,238489365.144,33409847.1185,46500.32,4217250.88,108469.8667
2022,2,10,13,55,5,244420919.949,30839587.4069,82342.4,11983852.9067,244161.0667
2022,2,10,14,0,5,256224973.784,34386595.1758,131865.28,20243243.2,48073.52
2022,2,10,14,5,5,284710426.781,33681092.2961,169580,18599220.4,135133.6
2022,2,10,14,10,5,281633214.202,34921848.0598,318081.7067,20286556.3733,156271.3067
2022,2,10,14,15,5,293403685.528,41337355.9548,60105.1733,20224835.6267,105962.7733
2022,2,10,14,20,5,277108705.03,49617447.4268,765192.32,21156380.0533,72374.08
2022,2,10,14,25,5,262977301.61,34783248.5593,2196444.16,29877927.5733,106904.2667
2022,2,10,14,30,5,313733314.151,38965350.922,2215656,29995616,109112
2022,2,10,14,35,5,280062727.675,37448430.2962,94030.6133,64885578.0267,142390.4533
2022,2,10,14,40,5,324674589.226,35019902.8011,154120.5333,37425059.52,113714.56
2022,2,10,14,45,5,363426332.095,32484806.9246,171738.1333,37252968.7467,57267.76
2022,2,10,14,50,5,355638570.319,38495460.6589,256117.92,34291866.16,119559.04
2022,2,10,14,55,5,331298118.832,39619182.4681,265816.4267,48294609.1733,92664.16
2022,2,10,15,0,5,335456617.328,38805606.6392,42017.92,41623054.72,88455.1467
2022,2,10,15,5,5,353292038.562,30850359.771,32824.5333,41112490.1333,66945.92
2022,2,10,15,10,5,349966009.897,33715562.562,216152.48,36570940.16,101784.96
2022,2,10,15,15,5,334405709.81,37298596.029,991822.4,40308216.48,84039.3333
2022,2,10,15,20,5,345233731.607,34814612.9443,472044.9067,46263333.6533,34521.5467
2022,2,10,15,25,5,347839706.478,33206892.2504,468182.8,41562115.7333,54312.9067
2022,2,10,15,30,5,325542462.731,33965192.2437,938501.12,43465424.64,74658.08
2022,2,10,15,35,5,336051475.411,32131272.9293,2030852.3733,34383491.2,165884.64
2022,2,10,15,40,5,339909964.624,30147625.3583,1203932.96,30689842.24,178038.64
2022,2,10,15,45,5,355319414.587,34362178.9417,540206.4,23859976.1067,55016
2022,2,10,15,50,5,335122492.12,37768819.5505,1578310.9333,36931634.4,187537.1467
2022,2,10,15,55,5,360564705.491,39778266.8927,1428109.5467,34510130.0267,109305.8133
2022,2,10,16,0,5,349544826.15,39060458.4827,1440308.48,47254590.6133,97948.48
2022,2,10,16,5,5,375326688.22,38566168.8052,913445.2,26508200.9333,103573.92
2022,2,10,16,10,5,357144938.266,39290112.0547,1150463.3333,35345399.4667,123276.1067
2022,2,10,16,15,5,340133775.242,35518336.1114,1204569.6,40701341.8667,97479.7333
2022,2,10,16,20,5,302403918.8,41265385.671,702760.64,30998013.12,95312
2022,2,10,16,25,5,317869974.163,43487046.6288,1070067.3333,32498886.8,29436.2133
2022,2,10,16,30,5,319208019.371,38584894.8033,203855.2533,38654754.6667,35509.6533
2022,2,10,16,35,5,308722455.875,36588632.3595,1121322.4533,32118005.5467,53715.2
2022,2,10,16,40,5,333274583.042,36353849.7902,901737.0667,28502710.5067,50190.64
2022,2,10,16,45,5,349481363.747,35776620.6723,143681.6,34408326.5067,49816
2022,2,10,16,50,5,351331024.585,44503187.4673,120342.6667,39320081.4667,383621.44
2022,2,10,16,55,5,329496629.109,34087546.1442,108943.04,35357881.8133,184402.6667
2022,2,10,17,0,5,326665462.612,32097337.7755,306504.9333,41460125.8667,62023.1467
2022,2,10,17,5,5,325248256.326,33708790.5714,87066.6667,41602123.3067,128008.96
2022,2,10,17,10,5,323269183.539,40760146.6251,90717.9733,41297886.1867,361261.1733
2022,2,10,17,15,5,319134681.051,37731650.138,298426.3467,40851836.0533,142621.0667
2022,2,10,17,20,5,328638126.32,35658814.2076,194435.2,40203488.7467,38169.92
2022,2,10,17,25,5,322687374.832,36087845.8836,309008.2133,49691798.2933,31408
2022,2,10,17,30,5,337470007.436,37368389.2796,236967.6,49054032.8,32067.6
2022,2,10,17,35,5,321446863.925,45385285.2969,590994.4,43957560.8,41866.4
2022,2,10,17,40,5,343717077.053,38409754.3055,242423.7867,41496035.52,25418.8
2022,2,10,17,45,5,370560853.536,40544969.0141,1628867.7333,42380442,55546.24
2022,2,10,17,50,5,362747572.793,38244943.8988,108006.8267,44645670.72,78606.88
2022,2,10,17,55,5,369922459.249,40221762.1188,82155.3067,59777723.6267,50951.6267
2022,2,10,18,0,5,370178615.905,46419867.2227,1785.0667,54178324,78225.6
2022,2,10,18,5,5,371067746.396,41255028.4631,261219.7333,44779215.7333,52694.4267
2022,2,10,18,10,5,413889499.547,45521230.4943,3897.0667,45234540.6933,57934.1333
2022,2,10,18,15,5,386808161.18,47971122.9835,113813.0667,29012183.6,24941.3333
2022,2,10,18,20,5,411299572.658,52437694.02,2348555.6,34051965.3333,56563.7333
2022,2,10,18,25,5,430239529.927,48664728.3639,1132591.36,31046180.0533,51440.64
2022,2,10,18,30,5,453134481.45,51002167.6427,1115648,31004344,50784
2022,2,10,18,35,5,506040335.151,44149086.9241,3001138.5333,69931198.8,484858.32
2022,2,10,18,40,5,457390187.545,45772813.7068,2000458.56,23938786.9867,131180.3733
2022,2,10,18,45,5,431151716.002,49824100.6663,60814.8,22582022.6667,20212.6667
2022,2,10,18,50,5,449057804.556,46507681.701,659.84,24971984.8533,65183.3067
2022,2,10,18,55,5,443340703.532,44604255.9551,13480.4,22022493.6,82664.8
2022,2,10,19,0,5,445760303.496,41839780.2374,1717408.96,27857844.9067,80679.2
2022,2,10,19,5,5,410643919.051,43940749.7889,3000860.8,31678078.4,297903.6
2022,2,10,19,10,5,450901485.849,47596731.2913,700039.0667,37633306.5333,46450.9867
2022,2,10,19,15,5,429712273.857,44618336.8128,98485.2267,38133604.6933,34582.56
2022,2,10,19,20,5,414835683.609,42722434.6372,68869.2,26602329.0667,90699.84
2022,2,10,19,25,5,384227135.051,45618060.7227,48380.9333,15651878.6667,67570.72
2022,2,10,19,30,5,404075204.691,45024020.5173,298388.8,26668578.6667,418605.0133
2022,2,10,19,35,5,436926646.893,49816470.9683,4390.2933,28265354.9867,305256.32
2022,2,10,19,40,5,413968897.933,47826571.9166,390735.4667,45043491.0667,270155.04
2022,2,10,19,45,5,446730769.779,51064550.396,40992,27124494.2667,75449.92
2022,2,10,19,50,5,432428851.715,54297239.0521,1070252.5333,39122306,48684.6667
2022,2,10,19,55,5,418177035.086,51799896.9531,1085700.3733,43281501.3333,68368
2022,2,10,20,0,5,372868842.838,42342514.7353,1374779.8667,45978733.0667,28241.2
2022,2,10,20,5,5,389792551.426,50937625.3786,212494.8,49540628.4,95401.0667
2022,2,10,20,10,5,373164433.391,51998607.4585,72243.9467,37530670.2933,101240
2022,2,10,20,15,5,357266504.057,50542258.0749,101956.8,30520767.4667,73595.68
2022,2,10,20,20,5,393776654.809,47480140.7951,44085.2267,26311695.1467,65879.6
2022,2,10,20,25,5,412540044.656,49389196.3816,20986.1333,30000767.8667,40972.8
2022,2,10,20,30,5,411727287.551,51860069.9738,35250.1333,38675385.0667,27303.2267
2022,2,10,20,35,5,441503214.262,51718133.1144,102188.8,42421180.2667,46213.76
2022,2,10,20,40,5,463551803.952,54385103.4234,422856.1333,49507684.4,156074.56
2022,2,10,20,45,5,454037283.999,50809130.1759,296769.0667,44794690.1333,52143.6533
2022,2,10,20,50,5,436491837.033,53843361.1807,2061735.2,49642235.4667,98410.2933
2022,2,10,20,55,5,421643395.73,53539701.5529,2308807.8667,38859662.8,81292.16
2022,2,10,21,0,5,428575254.127,48278765.296,4828814.4,42019128.2667,185529.7867
2022,2,10,21,5,5,448259775.831,44955710.2064,1974184.4267,50806797.5467,69006.7733
2022,2,10,21,10,5,436475237.47,44106284.4711,1251540.3733,49042145.0667,90760.08
2022,2,10,21,15,5,462127011.083,43463343.0675,1362677.3333,45603326.72,226223.28
2022,2,10,21,20,5,456854460.126,39891784.1563,1201385.3333,43116362.1333,300565.4933
2022,2,10,21,25,5,443649021.92,37898207.5524,1868502.1333,55003045.6,152832.96
2022,2,10,21,30,5,453323897.587,154502724.25,1443688.6667,57060254.6667,54036.08
2022,2,10,21,35,5,475503653.931,42029364.9417,490587.84,58989853.2267,107083.52
2022,2,10,21,40,5,514226431.912,39070078.4491,47076.5333,62869155.8667,54000
2022,2,10,21,45,5,485575118.461,36054230.1635,471178.24,63646277.0133,80212.16
2022,2,10,21,50,5,490789114.104,36486728.0667,34610.2667,63598178.2667,86411.6
2022,2,10,21,55,5,471683506.576,37896356.4142,179253.3333,58501212.6667,65073.3867
2022,2,10,22,0,5,465037086.608,37595510.4004,247974.9333,56628752.6667,36982.72
2022,2,10,22,5,5,507220398.474,34369931.6441,1000659.7333,47348693.12,119407.84
2022,2,10,22,10,5,502323190.916,36411632.9042,122095.0667,56025245.2,40726.5333
2022,2,10,22,15,5,484838547.835,34755398.7986,478744.8533,69125694.8267,147736.2933
2022,2,10,22,20,5,474436692.36,33448400.6976,151790.1867,56797624.64,115133.5467
2022,2,10,22,25,5,497794302.265,34900532.7474,378143.4667,63510848.8,75832.8533
2022,2,10,22,30,5,495749405.075,32391825.0172,382056,63627496,71256
2022,2,10,22,35,5,486230587.506,36155982.0174,184927.8933,89783232.1067,82991.3067
2022,2,10,22,40,5,467495211.941,29593591.1879,106148.5867,78023941.76,58916.1333
2022,2,10,22,45,5,431632738.925,31762301.9443,243797.9733,77060061.44,31685.36
2022,2,10,22,50,5,437380402.021,39004553.4728,341700.4,70125149.6,110420.8
2022,2,10,22,55,5,492850080.158,45089244.1326,105651.84,64699264.8533,71921.5467
2022,2,10,23,0,5,444964554.406,39350503.671,131719.7333,65281035.6,65024.08
2022,2,10,23,5,5,436264669.457,47457599.275,23774,61961916,86904.8
2022,2,10,23,10,5,385686848.489,37485784.8569,117895.2533,54701068.8,291934.7733
2022,2,10,23,15,5,365564919.32,34358135.2932,267862.9333,51398237.2267,100523.2
2022,2,10,23,20,5,300116693.14,42553422.2478,135780.0533,46370714.1333,64875.12
2022,2,10,23,25,5,335526076.368,42423796.8243,87184.2133,50698336.4267,68454.3733
2022,2,10,23,30,5,376236092.434,42200007.0663,111028.48,38999397.92,56618.7467
2022,2,10,23,35,5,355284178.58,26929340.2036,14254.56,33764525.6,106015.1467
2022,2,10,23,40,5,338113980.34,30514226.5561,62273.8133,33559986.24,132405.3333
2022,2,10,23,45,5,310335569.407,33614034.9205,225041.3867,35144021.9733,43993.6
2022,2,10,23,55,5,277172821.011,42008516.8009,24989.3333,33966419.84,44984.5867
2022,2,11,0,0,6,281740710.177,34381047.6979,194381.0933,31818956.56,32813.92
2022,2,11,0,5,6,254787796.209,37590301.2401,15504.2133,25012990.5067,45790
2022,2,11,0,10,6,258703613.922,37311295.1368,172780.4,24641233.7333,74382.9333
2022,2,11,0,15,6,238567626.747,32214117.3915,82496.64,26199581.0133,17328.48
2022,2,11,0,20,6,217223298.85,37326333.9893,258847.8933,24890929.92,54275.4667
2022,2,11,0,25,6,198305735.174,37847824.7996,139430.1867,27731025.4933,65042.08
2022,2,11,0,30,6,207784981.234,43333837.1182,40601.28,31699304.5333,236776.1333
2022,2,11,0,35,6,225196804.596,33152989.0708,400739.52,35169400.4267,233840.5333
2022,2,11,0,40,6,201254015.96,31431916.1844,55934.9333,51948912.1333,124729.76
2022,2,11,0,45,6,193955944.934,34566903.8137,80979.0667,42797074.9333,12069.5467
2022,2,11,0,50,6,182066492.382,38024842.0367,46078.72,32109813.3333,108305.68
2022,2,11,0,55,6,184294905.41,35249360.0121,65209.92,37042838.48,24621.3333
2022,2,11,1,0,6,165443079.078,34522719.3484,100249.1733,33796545.6,17706.8533
2022,2,11,1,5,6,160152927.851,37489358.6819,29632.64,42143228.8,67241.28
2022,2,11,1,10,6,127246048.742,46363488.9543,215096.2667,27426682.9333,25306.56
2022,2,11,1,15,6,117696131.313,38029519.6588,134010.4533,34171078.8267,43993.92
2022,2,11,1,20,6,115839024.952,37491699.6625,61843.8667,33736913.0667,42183.9467
2022,2,11,1,25,6,116045075.111,30577169.5509,86751.1467,46356788.0533,8158.0267
2022,2,11,1,30,6,105838375.125,26539160.3378,65057.92,45156533.8667,4883.84
2022,2,11,1,35,6,105115488.957,31612552.9317,64909.4667,41375758.9333,52167.3067
2022,2,11,1,40,6,100112665.06,25975697.1626,55070.8,36182036.4,31558.16
2022,2,11,1,45,6,105472538.329,27223641.8307,36449.3867,34626904.32,29536
2022,2,11,1,50,6,109623523.79,27324342.2786,62812.9333,37813714,62487.92
2022,2,11,1,55,6,132225037.992,27903078.5643,15820.1333,38208808.6667,56557.8133
2022,2,11,2,0,6,147933313.264,29042959.4524,48412.6933,29743008.7467,12054.2933
2022,2,11,2,5,6,140576240.067,40548537.7973,20669.0133,34332709.9733,53725.8133
2022,2,11,2,10,6,118175143.024,45732239.9286,823.04,29090199.7867,19161.6
2022,2,11,2,15,6,84200121.0391,51928515.1537,39594.4,27160184.8,125126.1867
2022,2,11,2,20,6,89133706.4187,42906193.8941,1065.6,20404704.64,134152
2022,2,11,2,25,6,98269438.2147,40427373.6357,425.4933,21404951.2533,47341.8667
2022,2,11,2,30,6,63969914.321,34036986.8742,439.7333,13950099.3333,44076.2933
2022,2,11,2,35,6,61555303.0632,37242738.8604,440,13823496,44320
2022,2,11,2,40,6,49601145.7572,38591046.6439,1268.8,29644040.8533,47085.76
2022,2,11,2,45,6,77665980.3748,38473327.2469,348.5867,11620474.7733,32086.9333
2022,2,11,2,50,6,107073750.736,39164040.5515,478.08,16095302.9333,26714.5067
2022,2,11,2,55,6,69875873.7983,41122613.2214,385.6,10171980.6667,26376
2022,2,11,3,0,6,63282292.164,30027207.548,446.9333,8904011.0667,16684.8267
2022,2,11,3,5,6,52921002.0915,25296208.2744,518.8,8158115.2,62303.44
2022,2,11,3,10,6,67441912.0997,29057981.0209,527.8933,9711071.7867,30070.24
2022,2,11,3,15,6,75177801.3276,38385887.8225,496.4267,7705808,30629.8667
2022,2,11,3,20,6,79646017.2235,27250566.8469,260,7766459.8667,30864
2022,2,11,3,25,6,69642337.1609,28550805.856,548.0533,9518369.7067,86641.92
2022,2,11,3,30,6,91033766.3012,34114916.1914,552,7481846.2667,31896.1867
2022,2,11,3,35,6,92499032.2199,31964775.7173,356,6824455.52,26984
2022,2,11,3,40,6,140156785.171,33166127.3193,667.7333,6597629.5467,65550.4
2022,2,11,3,45,6,131186810.371,36791952.7474,506.24,7974466.9867,43769.0667
2022,2,11,3,50,6,118841080.601,40924767.6248,567.1467,4138544.7467,61292.8
2022,2,11,3,55,6,50955526.2263,42911175.9771,465.7333,5654550.1333,88268.5333
2022,2,11,4,0,6,67094496.3832,34468836.6491,306.1333,5243245.3333,8316.6933
2022,2,11,4,5,6,82621255.9579,28909044.4004,500.6667,3691685.3333,35832.64
2022,2,11,4,10,6,53535808.886,30676417.0944,409.28,3577745.7067,54871.52
2022,2,11,4,15,6,56769092.2332,33340541.4047,455.36,3283835.7333,4406.3467
2022,2,11,4,20,6,52466514.9797,33108504.2056,495.3333,5036931.4667,61922.64
2022,2,11,4,25,6,60367703.3003,25555355.1117,480.2133,4403790.4,54016.16
2022,2,11,4,30,6,80755213.4291,26181308.7792,17180.9333,2946562.9333,7695.76
2022,2,11,4,35,6,64181137.9606,27740034.3044,16808.8533,154802.7733,58031.84
2022,2,11,4,40,6,40696913.9948,35990725.2665,657.6,137932.1333,29906.6667
2022,2,11,4,45,6,48622292.5692,31721625.8974,612.9067,68794.9867,52953.68
2022,2,11,4,50,6,45916173.4008,30106148.187,395.7333,293314.6667,27544.4
2022,2,11,4,55,6,45740745.0596,23535235.2726,636.6933,75775.36,40165.3867
2022,2,11,5,0,6,40983465.4988,28694564.102,474.24,200561.28,24295.5733
2022,2,11,5,5,6,33552187.8447,25239513.2633,495.6,255482.4,78255.92
2022,2,11,5,10,6,35518352.9481,24735397.1303,590.72,101800.96,82424
2022,2,11,5,15,6,42774628.5272,25868032.663,284.16,179703.04,31160.4267
2022,2,11,5,20,6,39533344.4098,26365786.9242,586.8,188949.6,40090.9867
2022,2,11,5,25,6,39224328.4169,30517742.3391,442.5333,127397.6,5237.52
2022,2,11,5,30,6,31969414.5538,36022951.1093,463.6,65275.2,768
2022,2,11,5,35,6,61048663.208,34504381.1596,322.4,314352.8,51153.4933
2022,2,11,5,40,6,31457352.3573,43629158.8689,666.1333,18321.3333,56960
2022,2,11,5,45,6,36825211.6991,31390392.4836,774.2667,10053.8667,40561.7067
2022,2,11,5,50,6,42027892.5942,38294646.846,233.2,63910.2667,41562.1333
2022,2,11,5,55,6,59017773.2701,32987757.7569,11247.04,75870.56,41744
2022,2,11,6,0,6,63442695.8191,29399920.0182,555.52,234278.4,34198
2022,2,11,6,5,6,74091974.6063,30149281.782,455.2,199529.2,27478.16
2022,2,11,6,10,6,82761918.8905,30332747.7791,400.9333,20747.6,27024
2022,2,11,6,15,6,102320550.165,33494766.4151,542.08,174757.9733,47515.36
2022,2,11,6,20,6,103723260.756,29662818.301,425.6,23441.4933,54499.6267
2022,2,11,6,25,6,98898673.5323,29009049.7402,19280.4,3377767.8667,39564.24
2022,2,11,6,30,6,115431421.594,28215548.6941,537.6,6284701.8667,15035.4667
2022,2,11,6,35,6,125066582.901,29556625.2776,280,6323216,13480
2022,2,11,6,40,6,132493550.568,33939482.108,97630,21496017.8667,114570.08
2022,2,11,6,45,6,111877443.325,36640424.848,52087.8667,11959309.8667,35984.5067
2022,2,11,6,50,6,117033292.92,34721320.0676,1138,13298480.6667,13757.2267
2022,2,11,6,55,6,126194120.966,29485336.3568,476.8,6418844.4,3464.8
2022,2,11,7,0,6,173410538.424,34288020.6341,456.32,9955995.0933,1432
2022,2,11,7,5,6,208562644.331,34040072.858,661.2267,8838125.6533,22443.2
2022,2,11,7,10,6,217645414.335,36461986.2784,83394.0267,6682011.52,27242.72
2022,2,11,7,15,6,183478018.084,33447408.0892,1703.04,7224360.1067,2124.6667
2022,2,11,7,20,6,173181974.358,31763321.4332,43918.4,10332241.92,59282.6667
2022,2,11,7,25,6,188210697.127,30490694.1124,14288.1333,3255022.9333,27852.4
2022,2,11,7,30,6,171810959.268,26888196.8347,630.8,324331.6,2914.56
2022,2,11,7,35,6,154650051.005,25112365.2236,502.4,131729.2,23643.12
2022,2,11,7,40,6,154716223.277,24102128.9237,21002.9867,1139531.84,26863.1467
2022,2,11,7,45,6,167777064.893,25396735.2377,137351.4667,164259.84,44331.2
2022,2,11,7,50,6,148747028.276,24376657.9498,27363.52,125550.5067,137829.4933
2022,2,11,7,55,6,151051795.273,24328972.3079,711790,62935.4667,236384
2022,2,11,8,0,6,180622249.011,18955455.4099,9929.7067,3575423.68,30727.04
2022,2,11,8,5,6,193297227.75,27722287.5282,26067.6267,8789564.2667,185611.9467
2022,2,11,8,10,6,187376594.362,24032185.472,44602.24,5889422.6133,86424.8
2022,2,11,8,15,6,200898116.727,23613865.3198,36252.16,6681182.1867,75447.52
2022,2,11,8,20,6,226951848.688,27846999.1648,23127.7867,5928120.4267,65416.24
2022,2,11,8,25,6,250847374.276,27884355.4764,661.2267,6182715.9467,103184.2667
2022,2,11,8,30,6,238292208.547,29970242.0161,53648.8,6132818.4,61247.8933
2022,2,11,8,35,6,196127265.554,33008300.3044,37174.5333,15812065.6,51342.8533
2022,2,11,8,40,6,213070210.887,29891329.5956,866.4,18126693.8667,134260.48
2022,2,11,8,45,6,191874442.959,28239624.0158,514476.4,14299060.9333,37849.5467
2022,2,11,8,50,6,186767456.384,29860317.4707,175885.3333,10875246.72,219454.96
2022,2,11,8,55,6,196949881.814,26982640.6471,40383.68,7789146.7733,55498.1867
2022,2,11,9,0,6,201669814.349,27007270.5764,29909.6533,9869405.12,138362.5067
2022,2,11,9,5,6,229436372.671,25697148.5901,54600.7467,9625262.6133,124595.2533
2022,2,11,9,10,6,192929767.596,25894995.5674,1371.8667,9691376.9333,154464.16
2022,2,11,9,15,6,203997353.536,25906541.1385,440.32,15199541.3333,46444
2022,2,11,9,20,6,186188552.257,25160655.9836,40995.9467,8828500.8,74155.2
2022,2,11,9,25,6,207391729.62,27227614.17,972.2667,11590182.9333,151665.6
2022,2,11,9,30,6,223610810.022,27125936.1525,129835.2,8801927.36,29067.2
2022,2,11,9,35,6,221272063.053,30356994.0551,2196.48,11251635.6267,61902.2933
2022,2,11,9,40,6,207984413.63,28791572.2027,321.7067,10036285.9733,88027.6
2022,2,11,9,45,6,208379184.345,30473790.5127,469.9733,10531203.84,151949.84
2022,2,11,9,50,6,204206998.75,34007098.6948,227.3067,15050849.1733,72987.36
2022,2,11,9,55,6,227099583.638,28826320.5589,555.52,22209327.8933,159271.8933
2022,2,11,10,0,6,194355887.887,30743377.0802,378.4533,14659741.5467,63112.96
2022,2,11,10,5,6,210544027.504,24461401.4188,494.4,16552498.0267,29269.92
2022,2,11,10,10,6,204314628.039,29278405.7165,330.8,16674422.6667,185371.28
2022,2,11,10,15,6,230785536.811,25793363.932,53923.7333,15740695.68,79549.0667
2022,2,11,10,20,6,197147959.051,31460696.0629,3167.68,19935976.2133,266141.2
2022,2,11,10,25,6,209340393.909,26823547.0443,498.6667,21737456.1067,55585.28
2022,2,11,10,30,6,188514846.622,33324490.2583,37114.9333,13069136.2667,53138.4
2022,2,11,10,35,6,206311789.804,32620166.6711,37736,12921816,54072
2022,2,11,10,40,6,179154256.721,27298769.0137,1245.12,44026056.4267,175672.9067
2022,2,11,10,45,6,210949071.871,38912197.1474,22829.6533,25716056.5333,62878.24
2022,2,11,10,50,6,264277482.049,27633865.3488,703.04,13515452.5867,192256.2667
2022,2,11,10,55,6,229083666.556,28718859.8531,510.1333,17531986.6667,257021.0933
2022,2,11,11,0,6,250124078.234,30858066.4038,283.0933,20166720.4267,69996.0533
2022,2,11,11,5,6,230566802.575,29809965.5662,390.5067,21853000.64,30905.52
2022,2,11,11,10,6,256121646.198,28982284.1511,328.8533,12377035.2,75826.9333
2022,2,11,11,15,6,251377212.453,35704027.1189,241.1733,10787039.8933,58702.88
2022,2,11,11,20,6,214850927.924,28434363.8454,468.9067,14905454.8267,62383.68
2022,2,11,11,25,6,220110071.081,30966993.9439,298.9333,19159509.2,49777.7067
2022,2,11,11,30,6,216573501.955,35954685.7161,422.2933,33265168.5333,32574.5867
2022,2,11,11,35,6,261080484.359,31966199.6255,297.28,21048246.96,148118.6133
2022,2,11,11,40,6,224531235.718,29381226.1537,44159.2533,23072180.0533,150515.52
2022,2,11,11,45,6,225835006.393,27509788.773,12965.5467,23991118.4,49192.1067
2022,2,11,11,50,6,242032533.251,30049959.7379,490.7733,16437052.48,168785.2267
2022,2,11,11,55,6,264038660.371,25108779.1606,19514.8,19373237.2,69801.0933
2022,2,11,12,0,6,264028222.884,24003163.2988,843.68,30346522.4,237848.5333
2022,2,11,12,5,6,230604597.913,34607159.2086,306.0267,37803253.44,180127.52
2022,2,11,12,10,6,226776024.306,24687470.625,10442.24,46130720.4267,220990.4
2022,2,11,12,15,6,256864704.398,28039790.5895,242778.24,55920749.3333,300730.6667
2022,2,11,12,20,6,264245139.095,29248545.296,6970.6667,29684804.2667,223389.6
2022,2,11,12,25,6,261895619.792,28792896.0579,1181.84,36407399.92,165451.36
2022,2,11,12,30,6,287525741.738,30099694.7393,439.76,38517302.08,123400.64
2022,2,11,12,35,6,263692731.5,34092133.7971,416,38575432,113288
2022,2,11,12,40,6,248316854.988,28168895.292,613.3333,38913464,114098.96
2022,2,11,12,45,6,265405909.065,25725964.9358,19733.6533,27789363.4133,25348.2667
2022,2,11,12,50,6,281283927.857,27340677.345,590.1867,32098677.76,28468.16
2022,2,11,12,55,6,260859504.006,26640493.8692,508.9333,29530053.4667,151289.28
2022,2,11,13,0,6,278013755.203,25615631.4372,85523.2,30191752,50831.8933
2022,2,11,13,5,6,262669211.775,32206044.9274,122673.4933,16549034.0267,153354.1333
2022,2,11,13,10,6,270036806.099,26211464.5729,2359.4667,18026990.9333,45548.2667
2022,2,11,13,15,6,292028088.336,28338710.4326,501.44,30882458.24,44102.24
2022,2,11,13,20,6,307839606.834,30438521.4727,448.7467,24501594.3467,220054.8533
2022,2,11,13,25,6,297889371.364,26432186.7054,400.64,28287143.04,171031.5733
2022,2,11,13,30,6,310635912.386,22871516.2044,447.36,35758905.7067,71395.0933
2022,2,11,13,35,6,281666107.729,21738785.6484,67446.6133,38367101.0133,131752.5867
2022,2,11,13,40,6,285726152.042,20926807.4716,32225.28,31330503.68,223813.44
2022,2,11,13,45,6,311906235.756,26919716.336,13567.7333,48688778.2667,37710.4
2022,2,11,13,50,6,304701878.819,26719826.8527,496.4,38513152.2667,144461.12
2022,2,11,13,55,6,314266914.365,29227380.2322,445.76,42734752.7467,89178.5867
2022,2,11,14,0,6,314407316.422,27068913.6121,290.1333,31600648.2133,83696
2022,2,11,14,5,6,284113622.833,29420218.0203,1225538.56,34191820.0533,161369.6
2022,2,11,14,10,6,302435026.319,26123421.9061,1037950.72,22513499.9467,139130.24
2022,2,11,14,15,6,329854832.273,30473150.8464,1159456.7467,35455583.5733,136688
2022,2,11,14,20,6,318109041.062,27733730.9061,1325948.48,27942853.92,68531.2267
2022,2,11,14,25,6,351561749.561,28299399.4255,861789.8667,24824246.6133,129608.8
2022,2,11,14,30,6,351866107.881,31771513.2729,1102856.96,30966432.64,33976.8
2022,2,11,14,35,6,320220792.575,30836698.6253,1106200,31049976,137573.3333
2022,2,11,14,40,6,344118718.646,34110465.1416,2184634.72,74234480.88,145432
2022,2,11,14,45,6,331766951.281,38134894.5524,1301931.6267,45204030.08,95653.44
2022,2,11,14,50,6,352503245.163,38488965.1076,2027093.3333,40223333.6533,38517.4933
2022,2,11,14,55,6,355204692.679,36220072.3225,1732910.08,33840947.6267,75072.32
2022,2,11,15,0,6,335264655.475,36186798.4789,1292298.6667,41480196.6933,142011.68
2022,2,11,15,5,6,346923230.194,33216839.6984,21967.0667,35123297.3333,164080.8533
2022,2,11,15,10,6,430062920.354,33946188.7044,347.2,28842494.1333,67454.9333
2022,2,11,15,15,6,415808260.47,28002281.0347,49455.6,32609350.1333,14460.6667
2022,2,11,15,20,6,382707031.758,28553799.2813,17995.3333,35714254.6667,197688.8533
2022,2,11,15,25,6,335103331.573,33508500.3477,220950.8,32587681.8667,130261.2533
2022,2,11,15,30,6,308342031.545,36264700.2007,188516.9067,30316294.5067,87012.16
2022,2,11,15,35,6,351676743.421,49089519.8603,542300.5867,28773026.0267,84024
2022,2,11,15,40,6,300871310.929,42030531.662,73481.44,23405782.24,63193.6
2022,2,11,15,45,6,285209261.27,36540430.0361,30343.3333,41559280.1333,59079.2267
2022,2,11,15,50,6,311521815.297,37426222.5937,44520.7467,26737651.2,35184.3733
2022,2,11,15,55,6,326596828.38,33281737.4134,475332.9067,28403769.7067,169340.6667
2022,2,11,16,0,6,361606143.107,35017430.9558,295736.88,25241160.88,181744
2022,2,11,16,5,6,323265310.221,36280011.7556,40890.56,21221697.92,149789.2
2022,2,11,16,10,6,353995211.079,39233070.5363,169314.3467,22607978.3467,68504.9333
2022,2,11,16,15,6,324479045.62,34955429.5539,82611.7333,16947966.2667,64497.12
2022,2,11,16,20,6,307350543.791,33878717.268,688347.8667,23006056.9333,62476.16
2022,2,11,16,25,6,314130573.577,42181944.7137,1472295.2,25129906.5333,55685.3333
2022,2,11,16,30,6,331476198.464,56792071.7002,1350068.9067,18864948.16,15263.28
2022,2,11,16,35,6,343470970.521,48015329.2508,1387619.84,24812564.48,43114.16
2022,2,11,16,40,6,362556650.937,38235005.0156,1220473.92,30887109.2267,38728.32
2022,2,11,16,45,6,359708611.459,37578484.8855,796546.8,31105212,170241.0933
2022,2,11,16,50,6,333907036.188,39814428.326,44774.5067,37230260.48,57311.3067
2022,2,11,16,55,6,350195776.734,44435063.2029,173110.2667,46212827.4667,98398.4
2022,2,11,17,0,6,348801143.375,44323508.849,124322.6667,40810458.2667,306887.36
2022,2,11,17,5,6,347171762.722,36579421.3705,101812.48,45149018.88,174130
2022,2,11,17,10,6,374699837.978,33246311.0183,58568,38278284.4,432129.6
2022,2,11,17,15,6,373812795.514,39309891.5311,63118.5333,39899766.2667,150987.2
2022,2,11,17,20,6,382416931.03,148972426.252,137642.4,44281103.6,88844.8
2022,2,11,17,25,6,371011156.441,34195070.6428,128252.5333,42837108.6667,63873.28
2022,2,11,17,30,6,342587898.349,33646559.9602,29176.4267,40870689.6,60228.16
2022,2,11,17,35,6,348157524.684,34324686.2214,34684,53544804,25572
2022,2,11,17,40,6,401622317.046,28636911.2215,72940.5867,57952529.0667,37718.2933
2022,2,11,17,45,6,435967072.843,31436727.3067,102971.7333,50685340.9333,66633.3333
2022,2,11,17,50,6,418523831.353,34225746.8452,950552.96,54903101.76,76688.64
2022,2,11,17,55,6,460392958.017,35644341.9918,423432.2667,61598914.1333,150296.32
2022,2,11,18,0,6,437217042.311,38058910.6773,464829.2267,59079257.6,44469.3333
2022,2,11,18,5,6,404368721.426,44101983.5793,936349.3333,50877734.72,42350.4
2022,2,11,18,10,6,405407113.804,40248844.5058,1348831.84,48540659.36,29283.84
2022,2,11,18,15,6,417158601.958,41638549.3657,686101.2,45379866.5333,19189.5467
2022,2,11,18,20,6,433503634.277,40460256.5827,175540.8,60612917.7333,116027.52
2022,2,11,18,25,6,434774808.934,51119958.1356,21829.8667,60381678.5333,157098.0267
2022,2,11,18,30,6,435774635.592,50256593.3852,83670.1333,67088378.2667,344994.1333
2022,2,11,18,35,6,496745769.105,50500049.2268,84760,67202192,358216
2022,2,11,18,40,6,498086490.911,53537108.2281,191258.9333,147224851.733,93846.1867
2022,2,11,18,45,6,465291928.297,51150785.4174,91749.2,73138937.8667,63085.44
2022,2,11,18,50,6,415219720.385,50629624.7358,120216.1067,79352876.3733,32838.5067
2022,2,11,18,55,6,436833932.799,49800645.8837,88300.8,80015059.84,50319.3867
2022,2,11,19,0,6,424542111.472,52977970.4649,1593256.8533,77361300.0533,10081.36
2022,2,11,19,5,6,362121723.027,49919543.9545,784472.96,77007322.08,97183.68
2022,2,11,19,10,6,370922308.02,51169396.0781,176118.08,56055362.56,70279.3333
2022,2,11,19,15,6,379302514.453,49624076.0508,62457.8667,43404126.6667,67425.04
2022,2,11,19,20,6,388743807.468,48892826.8858,447832.96,46260386.1333,70729.04
2022,2,11,19,25,6,410182708.523,49920986.1805,2110020,33357443.6,51304.64
2022,2,11,19,30,6,388236109.004,50068845.126,2658929.8133,36205176.32,47058.8267
2022,2,11,19,35,6,404243452.322,43957485.3589,425350.6133,42080681.3867,48491.68
2022,2,11,19,40,6,445720267.872,44846389.2772,82882.7733,33908413.44,60684.9067
2022,2,11,19,45,6,431585091.225,50834126.1828,471010.0267,31896063.1467,22462.4
2022,2,11,19,50,6,450674959.197,50451938.4985,174802.4533,38654198.72,163508.96
2022,2,11,19,55,6,413698001.953,49659242.1884,91928.8533,26584786.9867,253910.72
2022,2,11,20,0,6,468019316.803,50061530.9824,70878.08,36232208.64,116459.76
2022,2,11,20,5,6,467857154.711,48247613.0058,73070.72,32803438.5067,144603.84
2022,2,11,20,10,6,446284190.475,48754016.2848,75393.2,40101740.2667,58162.7467
2022,2,11,20,15,6,428501873.014,50930232.4925,124181.2267,39043700.48,22081.12
2022,2,11,20,20,6,439742900.168,48298554.2811,134264.64,32538073.92,32823.92
2022,2,11,20,25,6,472245947.719,52384710.0233,1032434.9333,42971334.6667,56389.0133
2022,2,11,20,30,6,454150856.471,49412677.1909,1477526.9333,52703280.96,21360.32
2022,2,11,20,35,6,446583869.099,53055533.1016,1356312.9333,55630077.4667,72940.16
2022,2,11,20,40,6,443056762.211,47398856.6578,1476966.5333,37121335.2,75371.2
2022,2,11,20,45,6,444609623.36,46652978.6598,318061.7333,28819695.0667,207932.16
2022,2,11,20,50,6,545329341.03,46188511.5994,410311.4667,24975684.6933,280576.72
2022,2,11,20,55,6,434662204.332,49303490.586,1504671.7867,29363223.68,114965.8667
2022,2,11,21,0,6,442054931.842,41308991.8999,708036.9067,29008539.4133,27332.8533
2022,2,11,21,5,6,439630569.548,38238421.1771,109329.7333,28531203.4667,281496.24
2022,2,11,21,10,6,451559829.324,40636992.1067,216943.2,39267996.9333,362292.7467
2022,2,11,21,15,6,406774345.334,40158725.1433,133087.0667,40008008.1333,110029.52
2022,2,11,21,20,6,398791029.135,40648763.0345,300011.68,38437970.56,408704.9333
2022,2,11,21,25,6,405459285.17,43455296.7242,333750.5067,38804657.1733,303089.2
2022,2,11,21,30,6,398855116.942,41745865.8246,259339.0933,57989277.2267,104434.88
2022,2,11,21,35,6,437630260.394,40593214.1743,73909.7333,55406355.2,84344.1333
2022,2,11,21,40,6,437693133.65,44261529.3183,58441.2,57302761.0667,72640.5333
2022,2,11,21,45,6,436101498.746,45336251.1231,73276.6933,74826288.96,62964.96
2022,2,11,21,50,6,425300868.674,43778911.7448,82038.9333,84347336.4,60696.1867
2022,2,11,21,55,6,419904742.134,41484202.7276,368066.5333,77808495.0667,89227.9467
2022,2,11,22,0,6,411316661.641,40202882.981,1008617.3333,85280936.8,13285.9733
2022,2,11,22,5,6,433260467.865,44858093.8505,307137.0667,88033256,48184.64
2022,2,11,22,10,6,443196965.66,43627213.4725,277082.2667,90604642.1333,142625.2267
2022,2,11,22,15,6,445618315.91,40809066.73,194710.2667,93083521.6,33608.16
2022,2,11,22,20,6,455384766.252,36744618.8132,330095.68,94280952.4267,82228.9867
2022,2,11,22,25,6,472960481.75,40247338.2983,271899.4133,102297629.653,53604.08
2022,2,11,22,30,6,445135176.968,44186787.3827,230595.2,91227544.8533,37160.96
2022,2,11,22,35,6,498731817.023,47919169.0337,230048,91076488,36272
2022,2,11,22,40,6,493209847.691,40920918.3412,515644.5867,235500137.067,120591.2533
2022,2,11,22,45,6,452034252.61,38534706.3182,824699.7333,129601721.6,41054.2133
2022,2,11,22,50,6,450858753.796,42705107.7854,688026.4,125505902.4,86162
2022,2,11,22,55,6,460304438.84,40702120.1976,135474.6667,117035358.507,82023.6
2022,2,11,23,0,6,467615481.397,35001950.9466,570737.6,114492125.333,42896.32
2022,2,11,23,5,6,449017256.122,36994042.39,831474.1333,106598560.8,49332.48
2022,2,11,23,10,6,434070988.938,43094875.7185,1491911.3333,97233401.3333,48864.2667
2022,2,11,23,15,6,407057011.774,40004725.3576,714606.4,89777702.1867,26001.68
2022,2,11,23,20,6,407630377.947,36167280.2924,539153.2,89294281.7333,72708.88
2022,2,11,23,25,6,368605700.326,35381612.0615,242630.96,90354576.08,214142.72
2022,2,11,23,30,6,361230538.964,31610182.5025,133487.6,99926239.0667,279630.0267
2022,2,11,23,35,6,349958830.127,33428094.0781,248484.4,85335062.6667,52409.3333
2022,2,11,23,40,6,339731993.546,32086344.003,318843.9467,85778271.5733,66992.6667
2022,2,11,23,45,6,332244899.415,28130966.4928,803061.0133,91674724.8,36652.2133
2022,2,11,23,55,6,316578007.066,27245415.7263,1362990.08,84527540.5867,45786.9867
2022,2,12,0,0,7,327794075.703,28173498.9647,1079569.8667,85547692.2667,32328.4
2022,2,12,0,5,7,326401672.918,35348531.104,1235954.8,76728872.4,30816.96
2022,2,12,0,10,7,301953159.175,37890050.4761,1317527.7333,73636380.2667,18272.64
2022,2,12,0,15,7,291260686.936,37333509.0712,2952831.36,66413271.5733,28655.4933
2022,2,12,0,20,7,274783466.214,36916826.8599,1094427.9467,57583759.7867,53721.04
2022,2,12,0,25,7,276908352.979,40964073.9004,1129699.4667,53517448.4,94860.48
2022,2,12,0,30,7,260510874.96,31863603.98,1216804.8,55716277.76,87746.2933
2022,2,12,0,35,7,233520254.514,32677829.0041,1060464.4267,45298443.3067,7706.1867
2022,2,12,0,40,7,253460749.5,35646609.5217,1154978,45353843.8667,65674.4533
2022,2,12,0,45,7,232608637.901,25754917.7835,1109603.3067,47658619.4133,7150.48
2022,2,12,0,50,7,255802722.003,29759098.0676,1073605.8667,42691353.4933,52598.9867
2022,2,12,0,55,7,215628028.177,40677116.8039,1336299.6267,40110554.88,57061.3333
2022,2,12,1,0,7,209454007.827,41692668.6784,1139183.7867,36336470.1867,66366.24
2022,2,12,1,5,7,222658587.579,52776409.2417,1057207.4667,39927903.6,127043.7333
2022,2,12,1,10,7,196996569.081,38697153.5261,968339.4667,44372034,50342.24
2022,2,12,1,15,7,192718623.806,34426546.7704,1094404.3733,41211189.8667,53338.1867
2022,2,12,1,20,7,198491871.408,37908021.2228,1060939.52,37699354.4533,28920.16
2022,2,12,1,25,7,182201156.171,47814671.829,1216088.96,37537166.4,43489.0133
2022,2,12,1,30,7,180853647.873,44903780.3153,1150129.6,29140977.8667,30868.1333
2022,2,12,1,35,7,195154439.923,41676209.6008,1117931.52,23996027.6267,54792
2022,2,12,1,40,7,170140844.321,39557763.2196,1103422.4,29896612.8,54736.64
2022,2,12,1,45,7,172526779.473,39491839.2308,1132879.36,27824704.64,30483.84
2022,2,12,1,50,7,152425525.092,40918979.3651,908073.0667,29394280,27173.8133
2022,2,12,1,55,7,140721754.368,44047070.9255,1081303.4667,27812359.4667,79172.9067
2022,2,12,2,0,7,143684910.199,40538477.8167,1071974.4,26083366.9333,81638.6667
2022,2,12,2,5,7,121819316.661,47029484.593,1071245.76,24714355.36,33033.2
2022,2,12,2,10,7,120912253.692,47079788.9157,110562.6667,24136310.9333,50046
2022,2,12,2,15,7,112492666.345,50128219.7739,1793.8133,18106601.28,119117.6
2022,2,12,2,20,7,106235409.026,55270800.9326,449.6,15349330.5333,136870.9867
2022,2,12,2,25,7,97202357.744,61543439.1457,463.7867,12778843.4133,116280
2022,2,12,2,30,7,107032423.584,53103994.256,424.6667,13862927.3333,138238.72
2022,2,12,2,35,7,92536618.426,51195157.9061,424,13881880,139744
2022,2,12,2,40,7,101764419.211,49670428.016,18847.04,35763778.6667,75893.92
2022,2,12,2,45,7,101747209.672,48808015.7618,546.6667,11907198.1867,20077.3333
2022,2,12,2,50,7,98962063.6117,53303563.5157,690.6667,11490097.92,84874.6667
2022,2,12,2,55,7,84869968.1278,58656956.4302,19150.6133,11123134.4,34885.44
2022,2,12,3,0,7,80937274.8166,58256711.4434,98766.8,12093831.7333,66662.88
2022,2,12,3,5,7,89804758.8187,63690499.297,1800.5333,8490185.3867,76082.56
2022,2,12,3,10,7,101995080.376,47383314.8882,456.2667,13247742.2667,45099.2
2022,2,12,3,15,7,99209935.3683,36694572.712,12611.7333,21090825.28,52329.6
2022,2,12,3,20,7,92633943.9552,39457918.3474,691.3067,13403176.5333,53080
2022,2,12,3,25,7,84102507.6609,43647624.4565,464.8533,12853193.1733,17384.8
2022,2,12,3,30,7,85773863.1019,30757425.3475,73961.6,12364578.8,28212.4
2022,2,12,3,35,7,83527161.0595,33061956.8065,1311.7867,12120701.76,90548.8
2022,2,12,3,40,7,88008131.3063,37828061.8709,477.8667,11393132.3733,94928
2022,2,12,3,45,7,82125703.5465,37337239.6144,448.4267,14735074.3467,6875.6
2022,2,12,3,50,7,77908841.2874,33740759.4901,376.72,10692958.96,55315.52
2022,2,12,3,55,7,72761775.3164,32175228.7415,549.6533,11972092.48,67361.6533
2022,2,12,4,0,7,73385886.2228,38573948.664,260.9333,13003799.8667,42880.4267
2022,2,12,4,5,7,101526164.907,35950827.1748,397.12,15165427.84,28275.36
2022,2,12,4,10,7,69252757.5151,41005089.544,407.8933,15771110.5067,46038
2022,2,12,4,15,7,62948769.0727,28688366.3051,479.04,14413994.0267,17269.44
2022,2,12,4,20,7,64992655.0256,27217903.9284,19613.44,14089077.5467,25860.6933
2022,2,12,4,25,7,65951472.8511,34415262.7462,1015.6,11951645.4667,38921.52
2022,2,12,4,30,7,61017555.649,38191207.0342,31685.2267,15656264.96,40288
2022,2,12,4,35,7,53590790.8237,39048580.6967,1067.4133,14773595.0933,28552.6933
2022,2,12,4,40,7,57066720.7677,36420592.9647,270.4,9290747.8667,44527.68
2022,2,12,4,45,7,50694628.9907,33142860.5644,515.7333,8692213.2,24058.56
2022,2,12,4,50,7,42452062.9601,40155696.5717,598.6667,10565504,68516.16
2022,2,12,4,55,7,50337331.6287,39143967.0232,386.88,4311836.0533,72184
2022,2,12,5,0,7,55304919.8912,45992082.181,26005.76,2124183.04,31547.6533
2022,2,12,5,5,7,58278471.5812,37337561.2559,919.0667,1932282.9333,28800
2022,2,12,5,10,7,45712818.6671,39105980.1944,456.4267,1251443.0933,5862.48
2022,2,12,5,15,7,43606070.2844,34619190.6262,354.08,836160.16,4136
2022,2,12,5,20,7,35409948.9697,34434960.4357,509.8667,529859.2,12737.6
2022,2,12,5,25,7,51011444.5415,34393583.9011,582.8,320386.1333,13352
2022,2,12,5,30,7,71676519.3574,29946165.7115,245.7333,377186.2667,1661.1733
2022,2,12,5,35,7,42977096.9937,40220765.3531,658.3467,786364.3733,12709.7867
2022,2,12,5,40,7,40709405.669,39410554.8636,269.3333,355370.7733,13704
2022,2,12,5,45,7,42590873.9579,39860756.6693,405.6,721345.0667,51486.8
2022,2,12,5,50,7,51534235.727,33663709.773,313.28,293143.68,53744.9867
2022,2,12,5,55,7,48989244.3723,32266950.3929,438.2933,412578.6667,53672
2022,2,12,6,0,7,59864283.376,38422768.5511,432.1067,812403.84,29145.68
2022,2,12,6,5,7,45082791.8752,38626260.8491,581.9733,614791.1467,26720
2022,2,12,6,10,7,54599429.9211,33812697.6242,441.92,620217.6,50711.8933
2022,2,12,6,15,7,52498172.6331,31792257.6302,550.5067,34650.56,28950.0267
2022,2,12,6,20,7,53098507.8274,30309557.4128,567.84,804384.96,92280.64
2022,2,12,6,25,7,56673883.21,33270941.7516,591.52,370573.6,21170.24
2022,2,12,6,30,7,62715981.2392,30110467.3784,536.9333,413818.2667,53472.5333
2022,2,12,6,35,7,58191758.7173,31708707.1704,536,414704,56304
2022,2,12,6,40,7,62441970.3605,29971103.3127,985.92,658568.5333,5181.44
2022,2,12,6,45,7,65236946.8412,23955788.7236,668.3733,9657769.7067,736
2022,2,12,6,50,7,72249396.0548,26446979.0684,57069.76,5116846.6133,74514.0267
2022,2,12,6,55,7,72553693.2098,33633810.7791,1244.6933,6279950.9333,79747.2
2022,2,12,7,0,7,76545146.1151,33826993.2285,542.9333,6517392.4,32212.8
2022,2,12,7,5,7,81518568.3014,42482944.7522,504.5333,5793149.6533,75060.5867
2022,2,12,7,10,7,85293777.93,43272989.83,504,10151214.2933,82542.96
2022,2,12,7,15,7,92446768.0484,40857142.8053,740.8,11989918.2933,19182.2933
2022,2,12,7,20,7,103814238.663,32614570.4709,522.9867,14938187.52,50907.2
2022,2,12,7,25,7,96745145.2174,35048320.4143,606.5333,16572324.5333,29384.6933
2022,2,12,7,30,7,96377966.4758,37000577.9899,23657.3333,15717953.3067,66457.84
2022,2,12,7,35,7,100196869.078,37331401.2987,906.9333,10009421.8667,71392
2022,2,12,7,40,7,110833022.091,37328524.5853,425.4667,8043699.4667,31665.4933
2022,2,12,7,45,7,118015439.255,38542984.9747,258.8,7365903.0667,2143.7067
2022,2,12,7,50,7,141171758.935,36779904.0378,110810.0267,8312413.3333,36537.6
2022,2,12,7,55,7,143924653.447,37532877.7721,73279.36,7656478.8267,58074.8267
2022,2,12,8,0,7,159046097.667,42542963.4114,1668.8,19598480,59528
2022,2,12,8,5,7,183488031.727,40243735.8089,353.8667,21146011.8667,101554.1867
2022,2,12,8,10,7,153538280.58,38020839.4652,123662,25805342.6667,218548.64
2022,2,12,8,15,7,178351349.95,37628468.8491,19926.08,15216680,19057.28
2022,2,12,8,20,7,180428374.719,38176763.6071,56305.0667,13422671.36,37867.6
2022,2,12,8,25,7,172563337.112,32999564.0928,275216.64,10798086.08,40648
2022,2,12,8,30,7,175213134.443,27016426.5436,55978.56,19777090.88,48368.5333
2022,2,12,8,35,7,201703909.5,38834834.9186,1339.2,11576623.6,41643.68
2022,2,12,8,40,7,212986966.1,37154822.6232,24325.5467,14802540.3733,336102.1867
2022,2,12,8,45,7,218667085.014,33236644.5166,794.3467,30730989.5467,26793.0667
2022,2,12,8,50,7,236860937.138,38626492.0149,38273.1733,18801485.9733,37590.8
2022,2,12,8,55,7,271622164.631,40610430.5863,982.8267,27235733.9733,154118.4
2022,2,12,9,0,7,260786592.895,46003384.2343,34113.3867,30174047.2533,63554.88
2022,2,12,9,5,7,283000750.734,41890231.3472,48365.5467,28212376.4267,146566.4
2022,2,12,9,10,7,263263456.392,46043952.2153,207657.92,28903913.7067,30798.6667
2022,2,12,9,15,7,274699886.557,43867140.5933,86970,24153079.2,19064
2022,2,12,9,20,7,295313856.815,48165860.6262,300796.5333,45450514.9333,39053.2267
2022,2,12,9,25,7,260570556.769,48631544.8591,57757.3333,40662470.6667,52454.6667
2022,2,12,9,30,7,293886750.981,48039008.8642,33217.0667,41346408.2667,153409.3333
2022,2,12,9,35,7,295354248.714,47936766.4097,231847.1467,37837443.0933,118412.3733
2022,2,12,9,40,7,256555040.876,46612140.5171,62720.1333,41420723.7333,208798.08
2022,2,12,9,45,7,279706590.235,45224811.9037,22378,45771460.8,111462.6133
2022,2,12,9,50,7,307127711.993,41310034.5465,148996.5333,43294339.3333,166594.6667
2022,2,12,9,55,7,324219545.298,44642118.0916,3540.96,37120595.84,77008
2022,2,12,10,0,7,302541662.9,42519584.3272,14483.4133,39263006.5067,126333.9733
2022,2,12,10,5,7,278125236.607,40490501.8987,18539.7333,36584450.7733,155137.84
2022,2,12,10,10,7,286432267,41109549.5196,524.16,28432411.9467,161288.4
2022,2,12,10,15,7,281828040.097,43415968.3129,83688.8533,39863184.1067,92405.12
2022,2,12,10,20,7,297236625.048,43473449.746,62175.7333,39547128.1333,232273.28
2022,2,12,10,25,7,290834352.292,44624051.6054,25380.0533,32455848,152860
2022,2,12,10,30,7,307847501.129,43359686.604,159665.44,36816572.16,80727.04
2022,2,12,10,35,7,299823255.3,41739313.1052,2607.5733,28061453.44,148084.88
2022,2,12,10,40,7,296763970.991,39606586.4032,448,27941912,153560
2022,2,12,10,45,7,283007269.892,39839187.1332,66712.5333,44877445.44,166535.36
2022,2,12,10,50,7,294891972.909,41152862.4402,1185.6,9960455.8933,17045.6
2022,2,12,10,55,7,263818929.092,41379174.4165,531.8667,27392617.7333,289994.9867
2022,2,12,11,0,7,275694846.489,49613191.3222,38036.4,34999022.1333,94921.0933
2022,2,12,11,5,7,273070548.473,52630885.9978,1168384.64,34743704.64,153568.64
2022,2,12,11,10,7,292607351.89,48915666.5962,426457.6,36662217.6,157497.0667
2022,2,12,11,15,7,283132241.522,50398331.2059,7147.7333,26210162.6667,26927.4933
2022,2,12,11,20,7,291276868.429,46856922.7501,19917.76,32565587.9467,239110.56
2022,2,12,11,25,7,311953408.04,47502506.7839,169422.5333,33489264.8,46202.4533
2022,2,12,11,30,7,315154127.736,45550258.2138,196307.2,39663684.8,67612.4
2022,2,12,11,35,7,376428638.676,47734737.9361,119610.9333,33326900.8,54139.8933
2022,2,12,11,40,7,368133293.54,45282043.2593,230618.24,40330473.8133,40903.36
2022,2,12,11,45,7,365410701.583,45622357.4891,380064.96,41640957.6533,103151.2533
2022,2,12,11,50,7,400014988.638,44788275.9047,734880.2133,51024394.56,278931.7333
2022,2,12,11,55,7,423985840.791,50859118.2778,25064.5333,52925578.88,202388.96
2022,2,12,12,0,7,412262397.033,50715969.1414,364066.5333,55569537.6,267720
2022,2,12,12,5,7,399181013.054,50037928.1926,1427382.72,52661245.3333,349100.8
2022,2,12,12,10,7,397460996.734,49517006.6594,1903649.8667,60802630.1333,187891.5733
2022,2,12,12,15,7,390499413.246,51841029.1707,25794.24,55784999.68,296745.36
2022,2,12,12,20,7,374516146.283,53791292.7787,1037535.4667,56898814.8267,137433.0667
2022,2,12,12,25,7,365582037.608,51100215.7369,1036199.4667,57214652.0533,327599.28
2022,2,12,12,30,7,362575907.475,48598641.9613,1036560.32,54074805.12,108811.2
2022,2,12,12,35,7,347647695.27,47161329.9869,759551.2,48443792.8,167572.96
2022,2,12,12,40,7,369772672.167,48480271.9466,54448.96,50871789.2267,164454.72
2022,2,12,12,45,7,348287904.417,52332073.5276,99476.4,51893406.2667,72147.92
2022,2,12,12,50,7,375308073.695,51689562.2291,283106.9867,45550216.96,101920.32
2022,2,12,12,55,7,350724845.879,49631842.0448,52320.1067,52464648.32,337180
2022,2,12,13,0,7,333577798.824,51773521.9889,85177.3867,46916059.3067,137357.6
2022,2,12,13,5,7,360688914.368,48190440.0016,199510.4,51957263.3333,152551.1467
2022,2,12,13,10,7,339533428.619,44222500.3631,947975.68,64166281.3867,40526.8267
2022,2,12,13,15,7,352375010.856,46993825.5561,741478.9333,50578730,49537.7067
2022,2,12,13,20,7,365243309.895,47319546.0049,51223.2,54074455.36,125138.4
2022,2,12,13,25,7,394889260.255,46693757.5676,538079.1467,56989137.3867,162784.24
2022,2,12,13,30,7,421838426.292,45210013.0728,880644.9067,46890750.08,29916.8
2022,2,12,13,35,7,418450298.216,45151321.5433,15154.2667,48361596.5333,52806.1067
2022,2,12,13,40,7,453166481.851,44454975.6865,321.4667,62361605.6,46492.9067
2022,2,12,13,45,7,429379848.169,43509220.5739,582895.36,59949587.2,113171.52
2022,2,12,13,50,7,445452953.817,161669304.555,1146430,59086147.8667,87582.72
2022,2,12,13,55,7,431099334.207,57523867.5636,1190469.2,69143184,134620.3733
2022,2,12,14,0,7,443438742.733,54067632.2453,1243400.8,63228588.5333,931546.88
2022,2,12,14,5,7,459069834.013,52101439.7587,1293320.9333,56388120,335180.2133
2022,2,12,14,10,7,483902406.049,58473790.9397,1903244.4,61749922.5333,301263.04
2022,2,12,14,15,7,474443716.695,54586440.0551,2990487.04,55448851.84,378160
2022,2,12,14,20,7,446138162.027,49069231.6524,2280268.2667,71469817.7333,162609.28
2022,2,12,14,25,7,426850955.955,49609262.646,1971481.4667,62045568.2667,303692.0533
2022,2,12,14,30,7,432657674.826,48582132.4124,1982858.3467,72151831.7867,229210.6133
2022,2,12,14,35,7,479121266.26,47758247.3245,1864796.8,68837228.1333,5534605.44
2022,2,12,14,40,7,481511747.973,47256522.2309,1862792,68778696,5873688
2022,2,12,14,45,7,479046386.771,45451060.1596,6407294.5333,119787326.933,16702272
2022,2,12,14,50,7,474318853.802,47160867.448,1317162.9333,45011763.8667,9784394.24
2022,2,12,14,55,7,440930822.633,46920720.8889,1034034.4,33669276.1333,8709341.0933
2022,2,12,15,0,7,465335978.471,41644073.7049,235879.8667,41034090.5333,9846408.96
2022,2,12,15,5,7,510381529.76,43570252.0427,83082.7733,39992221.2267,10118455.5733
2022,2,12,15,10,7,540128779.206,44667023.8362,151559.4667,42664479.6,9835206.2133
2022,2,12,15,15,7,528499457.663,44640460.4126,199804.16,53911611.4133,9109986.9867
2022,2,12,15,20,7,450496204.382,43439488.9712,3820.5333,59632064.8,9284631.7333
2022,2,12,15,25,7,459250606.432,53227302.0405,27080.64,64086314.9867,9136537.7067
2022,2,12,15,30,7,474096280.075,47212443.2257,13650.3467,48286641.28,8908188.9333
2022,2,12,15,35,7,483732340.009,49407673.9101,183745.8667,54962324.5333,10161532.48
2022,2,12,15,40,7,511251803.802,48146019.921,18450.5333,58839732.5333,16935651.5733
2022,2,12,15,45,7,528058972.23,51135048.2996,681.6,70135732.6933,17827367.12
2022,2,12,15,50,7,491957605.947,50517395.965,42637.4667,72267764.5333,17029621.6
2022,2,12,15,55,7,514554959.84,53317893.1074,179109.44,76411220.9067,11820418.3467
2022,2,12,16,0,7,539171694.557,49754730.6791,654682.5333,62718249.6,9092344
2022,2,12,16,5,7,542918533.252,48891453.4333,903762.4,58663943.4667,9231389.9733
2022,2,12,16,10,7,525907467.872,49149090.7865,1210423.1467,58131172.3733,10110354.7467
2022,2,12,16,15,7,519997964.483,52186363.9055,1083343.2,45743163.0667,8751186.4
2022,2,12,16,20,7,513320128.303,51911347.1186,1114773.6,38123281.6,13598324.88
2022,2,12,16,25,7,551988825.429,52419909.0147,1762794.6667,42761796.16,16978906.5067
2022,2,12,16,30,7,538096447.105,49845098.7149,2274601.92,42449498.24,16316137.44
2022,2,12,16,35,7,575397148.905,53827483.7269,1890702,39098643.8667,16550695.36
2022,2,12,16,40,7,532286748.347,52439472.779,2079108.48,38927166.9333,15700414.24
2022,2,12,16,45,7,549859117.974,47870285.49,1078610.2667,40451041.3333,16617338.6667
2022,2,12,16,50,7,567767996.184,50447075.1507,606316.8,49532483.4667,16685484.5867
2022,2,12,16,55,7,557030048.653,48875091.274,162715.8667,63955865.3333,17323932.8
2022,2,12,17,0,7,575443598.97,48095208.759,76947.2,67956706.9867,13351170.5867
2022,2,12,17,5,7,565904767.663,48342746.3637,18716.5867,51922027.3067,9559292.6933
2022,2,12,17,10,7,551190387.039,48062774.0178,35735.5733,56796945.28,9674460.5333
2022,2,12,17,15,7,543295776.369,50684421.8262,99398.9333,59398620.16,6766881.12
2022,2,12,17,20,7,523528505.265,48871442.4242,10867.0667,61816652.5333,11363295.52
2022,2,12,17,25,7,531351646.381,47945241.501,549.2,53459287.0667,16490512
2022,2,12,17,30,7,568700746.123,51757491.3992,463.1467,50198319.68,22634097.1733
2022,2,12,17,35,7,536719554.052,56304388.9735,282.4533,57578498.3467,25952002.88
2022,2,12,17,40,7,531571247.327,53793376.5968,484.5333,46628162.9333,25992145.4933
2022,2,12,17,45,7,562850960.03,51307492.3602,508202.9867,66985410.9867,26903219.52
2022,2,12,17,50,7,556340047.335,55547205.0204,225586.4,69340414.2667,32380256.88
2022,2,12,17,55,7,573141740.059,64410284.9196,22558,59388017.4667,36423048.1067
2022,2,12,18,0,7,560354318.839,54762742.0259,17052.4,51508954.2667,45726398.4267
2022,2,12,18,5,7,587965499.419,57281057.1304,605.76,47347494.08,47358278.5333
2022,2,12,18,10,7,588323092.11,52674825.8791,533.9733,46263638.6133,47086929.44
2022,2,12,18,15,7,632149312.81,54182103.1712,378.1333,43823356.8,52808315.1467
2022,2,12,18,20,7,642413616.638,57285835.7498,876179.8667,54056457.8667,47420530.0267
2022,2,12,18,25,7,645037587.653,55038323.463,1270244.5333,54466416.6667,52244566.6133
2022,2,12,18,30,7,643414376.376,55832777.1837,312280.32,51804134.8267,52112059.1467
2022,2,12,18,35,7,643838119.769,53426820.0014,4987.4667,862801.7333,3297659.76
2022,2,12,18,40,7,684252470.579,57934774.8393,0,0,0
2022,2,12,18,45,7,678124820.12,54249927.888,925539.12,121421583.36,110149036.32
2022,2,12,18,50,7,663298454.291,55634842.7469,57820.2667,68263376.2133,58955395.3333
2022,2,12,18,55,7,651217205.089,55537163.0112,27679.1467,68035121.0667,46779044.0267
2022,2,12,19,0,7,633112410.183,56952962.7148,60031.4667,55923680.64,47395374.6133
2022,2,12,19,5,7,621566211.464,54140112.7042,271046.9333,53800183.8667,43658073.44
2022,2,12,19,10,7,634644665.652,54175654.5422,63372.4,52697187.8667,36964900.48
2022,2,12,19,15,7,655224342.962,52612056.05,57550,55340223.4667,36557515.68
2022,2,12,19,20,7,648777611.62,52574101.527,69044.16,48156755.4133,36448275.7333
2022,2,12,19,25,7,668948243.088,55406714.8005,109768.4,50015472.6667,32752415.04
2022,2,12,19,30,7,644278837.035,55576640.3735,125208.64,44173347.7333,35281029.76
2022,2,12,19,35,7,676899580.2,55426105.831,76225.6,40578582.5333,35338508.8
2022,2,12,19,40,7,643859361.091,56682261.5352,586351.1467,45113590.9333,46281532.1333
2022,2,12,19,45,7,629423188.772,55587104.1267,845115.2,49043657.0667,49366018.6667
2022,2,12,19,50,7,601468696.716,58283641.4138,638624.1067,51154844.3733,48534771.0933
2022,2,12,19,55,7,556508806.29,55370232.1996,407367.3333,48664415.2,42683096.64
2022,2,12,20,0,7,504073659.611,50211062.7773,76605.92,77285031.76,43600369.6
2022,2,12,20,5,7,504542215.837,51191262.5956,154369.6,77670341.28,17608988.3733
2022,2,12,20,10,7,492742455.39,46808420.7242,397743.0667,69656721.2,15508040
2022,2,12,20,15,7,483709709.164,44795417.9464,302781.6,93005568.32,19523848.9067
2022,2,12,20,20,7,463624663.024,51606090.8355,138054.72,76827641.3867,18163817.92
2022,2,12,20,25,7,459279822.427,50162417.5535,1129746.4,75263582.2667,16730077.84
2022,2,12,20,30,7,438827794.508,51257365.2027,1261531.8667,82830726.6667,16640008
2022,2,12,20,35,7,444652183.962,49283127.3669,1408722.2667,94063561.3333,17344602.5333
2022,2,12,20,40,7,465853632.155,54162911.7406,47326.5067,70355806.4,6119663.36
2022,2,12,20,45,7,503245042.397,50413312.2884,107177.2,78274157.4667,4526544
2022,2,12,20,50,7,518676876.346,50784169.9083,294178.72,92446569.76,1160984
2022,2,12,20,55,7,540449122.572,52876466.7661,915226.6667,63840486.72,386229.2
2022,2,12,21,0,7,535100215.302,49363503.3931,807172.9067,74712555.9467,564728.64
2022,2,12,21,5,7,507711397.099,41260722.0135,78134.6133,78647679.36,549576
2022,2,12,21,10,7,504878659.704,43949750.119,647092,66527356.8,520094.64
2022,2,12,21,15,7,490621046.633,42652121.1268,587646.24,59563670.72,518952
2022,2,12,21,20,7,495643721.656,40769633.3155,1097926.5333,84089033.0667,426617.0667
2022,2,12,21,25,7,483193089.509,40368790.5697,937343.2533,63641810.56,451590.08
2022,2,12,21,30,7,506476390.757,41562882.4107,1644003.6267,62696342.2933,1412210.24
2022,2,12,21,35,7,459544559.323,43328710.2258,1079222.9333,57380593.4667,4260677.2
2022,2,12,21,40,7,462992103.762,43446757.6098,1181470.72,54502833.1733,2177097.92
2022,2,12,21,45,7,451225836.779,41412009.4493,2249114,53961488.8,2037542.08
2022,2,12,21,50,7,450082658.758,41804195.4387,1624202,68336782.2667,3222995.2
2022,2,12,21,55,7,439203135.528,40843041.0768,2367977.7067,70106309.9733,1224258.2667
2022,2,12,22,0,7,437308784.58,40115194.8383,1735090.3467,68698802.9867,696551.92
2022,2,12,22,5,7,433184730.296,42055196.82,1577326.6667,62697328.8,270620.0533
2022,2,12,22,10,7,393715638.617,40953411.537,1456296.5333,55596482.8,240368
2022,2,12,22,15,7,381267050.897,47416288.2361,1173395.84,61151789.12,487289.4933
2022,2,12,22,20,7,392411750.272,47529967.1975,1888629.0667,57963175.8667,309186.6933
2022,2,12,22,25,7,364199333.515,50736893.4265,1244555.0667,58354155.2,3142767.4667
2022,2,12,22,30,7,348295702.63,52282468.8274,587181.12,65319322.3467,3675525.52
2022,2,12,22,35,7,330482729.611,48028771.5142,847413.3333,66160013.8667,3216610.08
2022,2,12,22,40,7,340314177.757,48266879.4324,720776,53646417.8667,3097968
2022,2,12,22,45,7,355652755.748,47011069.5076,464097.0667,61682171.0667,4019344.32
2022,2,12,22,50,7,376585445.799,45322331.6181,170558.1333,59893674.9333,3579403.84
2022,2,12,22,55,7,404200526.982,45565216.8784,66894.6133,60576206.9333,2766772.0533
2022,2,12,23,0,7,383372163.343,48053150.3816,32228.9333,67549052,555439.1733
2022,2,12,23,5,7,382411768.231,47440639.9784,99538.7733,76341040.2133,431032.88
2022,2,12,23,10,7,350704442.483,50095659.4473,97773.4667,67139984.8,239677.92
2022,2,12,23,15,7,324838628.203,49700375.3622,124328.5333,70844232.32,471272.16
2022,2,12,23,20,7,328128086.384,48527875.0301,190731.52,74913246.6133,178727.7333
2022,2,12,23,25,7,330181069.689,46852679.8782,320725.28,61054718.88,150484.1067
2022,2,12,23,30,7,316732681.541,49049346.3657,63760,59186657.6,197772.16
2022,2,12,23,35,7,321420897.97,50551467.9204,125411.4133,64537038.72,79242.9867
2022,2,12,23,40,7,309948964.367,42235547.1932,2228.6933,56324072,92440.32
2022,2,12,23,45,7,314954561.895,40201038.2055,31809.6,58539792.7467,177883.8933
2022,2,12,23,55,7,302714495.325,45342179.4483,84155.3333,54208533.4667,47551.9467
2022,2,13,0,0,1,271304879.633,46605273.4098,22338.4,55924229.8667,205272.5333
2022,2,13,0,5,1,279430037.772,47011151.4311,65002.8,57138443.0667,23027.3867
2022,2,13,0,10,1,275410807.27,43458471.4214,345065.7333,46754105.4667,197979.68
2022,2,13,0,15,1,270449737.274,44319899.7444,873065.12,46921928.16,644154.7733
2022,2,13,0,20,1,259418783.666,57593813.7373,173659.3333,49418335.0667,2125830.72
2022,2,13,0,25,1,251292848.744,54004020.3262,112330.1333,51064477.0133,299047.68
2022,2,13,0,30,1,252523921.786,54127583.685,168658,50903590.2667,106254.5333
2022,2,13,0,35,1,270239372.851,52411043.2708,98244.5867,49253915.0933,63444.64
2022,2,13,0,40,1,251811415.698,58651646.2048,295346.9333,58247186.5333,36650.6667
2022,2,13,0,45,1,243147932.495,54218534.2182,77895.8933,54240694.72,49297.44
2022,2,13,0,50,1,257523168.759,42657968.1518,29967.36,63767341.9733,61673.92
2022,2,13,0,55,1,263994768.43,49169147.6366,951.8933,61171224.64,18746.4
2022,2,13,1,0,1,286474276.825,48041822.1234,20656.5333,71408867.7333,51172.8533
2022,2,13,1,5,1,293951946.369,36417077.4204,18001.6,66469857.3333,27422.7733
2022,2,13,1,10,1,243643351.874,38657433.2213,116965.9733,61561644.16,58522.48
2022,2,13,1,15,1,233282615.28,39241977.5118,53720.7467,71539207.4667,55563.3333
2022,2,13,1,20,1,230051325.226,36587374.9664,479245.8667,60303491.9467,31206.9067
2022,2,13,1,25,1,230049224.67,37146804.9372,720245.12,57130347.7333,119533.3333
2022,2,13,1,30,1,214929833.919,36875351.1573,670215.04,56903434.9867,61250.7733
2022,2,13,1,35,1,225520271.124,39706824.9202,862653.76,47380999.5733,6793.92
2022,2,13,1,40,1,226765521.99,35382056.1554,1967978.4533,42400241.0667,34939.2
2022,2,13,1,45,1,196735930.806,47919774.1729,1410934,44145814.6667,61364.16
2022,2,13,1,50,1,188516741.025,43089375.1627,676137.8667,38791676.4,59541.7333
2022,2,13,1,55,1,197123069.027,43060115.6767,28126.8267,34194696,15923.76
2022,2,13,2,0,1,216554879.581,41307212.9696,69871.7867,35199834.24,71269.8133
2022,2,13,2,5,1,225343512.553,44471240.29,407826.24,32541809.92,11742.3467
2022,2,13,2,10,1,174187974.958,44090043.3443,56322.9333,29538082.5333,16416.5333
2022,2,13,2,15,1,174169802.725,39107175.9358,1175.68,26688973.76,49673.92
2022,2,13,2,20,1,167740319.482,50798126.166,19976.96,32973151.5733,5107.3333
2022,2,13,2,25,1,155511663.581,43252516.3576,759.2533,39830266.7733,23326.4533
2022,2,13,2,30,1,138465716.792,44784490.7395,488.1333,30844130.4,15496
2022,2,13,2,35,1,140951493.707,40748542.661,432.9333,29798553.8667,2112.8
2022,2,13,2,40,1,155211825.533,38764827.5674,432,29783440,1304
2022,2,13,2,45,1,152494531.468,37221845.7744,746.6667,62090070,36976.96
2022,2,13,2,50,1,133328304.117,41870654.0382,28718.08,32940899.3067,60899.84
2022,2,13,2,55,1,133454485.227,39258853.9406,608.96,23564224.7467,27978.9333
2022,2,13,3,0,1,125498572.821,39587078.3051,618.6667,25168276.5867,64650.24
2022,2,13,3,5,1,126425919.272,41924078.1857,513.8667,25855806.1333,5294.6933
2022,2,13,3,10,1,113816867.764,50196062.493,622.5067,16938985.7067,29306.2933
2022,2,13,3,15,1,118071526.068,52957289.9774,481.92,18477648.8533,61506.56
2022,2,13,3,20,1,105249040.354,46611003.6677,377.7333,25282153.4667,40227.28
2022,2,13,3,25,1,119673565.938,49141895.1577,525.9733,18821041.7067,35389.3333
2022,2,13,3,30,1,108599535.611,36422344.2865,441.4667,19570739.0667,2698.7733
2022,2,13,3,35,1,113205238.492,44406301.6239,597.8667,19532800.7467,33766
2022,2,13,3,40,1,127518404.773,40492557.9121,339.52,17591598.9333,13814.5333
2022,2,13,3,45,1,106590538.349,36396203.4337,24227.0667,12796893.7333,37195.9467
2022,2,13,3,50,1,94507500.7839,44994302.1025,13739.2,12260831.8933,2933.6
2022,2,13,3,55,1,99127866.963,46077225.538,381.44,7810958.08,10740.6667
2022,2,13,4,0,1,88307940.3105,37133391.9363,1096208.4,10334224,47187.2
2022,2,13,4,5,1,86709093.7462,43293010.9858,1446741.6,9371684,42322.6667
2022,2,13,4,10,1,82660782.5665,41858170.9173,1084971.0667,15895615.8667,38330.72
2022,2,13,4,15,1,76542516.1979,40477121.6341,2113354.7733,13384172.5867,15224.1067
2022,2,13,4,20,1,73731019.0926,38466770.5451,1099110.9333,16800269.6533,69692
2022,2,13,4,25,1,89641080.7951,34120996.2672,15006.2933,8786492.5867,39371.2
2022,2,13,4,30,1,119792708.914,34046645.0712,144038.56,7058244.8,36840
2022,2,13,4,35,1,127836411.071,34787994.7456,1953.84,3019826.88,35160
2022,2,13,4,40,1,124235914.793,41712810.4393,354.0267,2336469.5467,35040
2022,2,13,4,45,1,110403015.869,37794617.1787,612.48,3384732.9067,2569.6
2022,2,13,4,50,1,117434406.642,43293935.9961,410.7733,2959720.4267,0
2022,2,13,4,55,1,113440346.662,38378075.3212,387354.9867,3069744.96,46080.96
2022,2,13,5,0,1,118015423.49,38174654.8656,5731.7333,3122026.6667,9433.28
2022,2,13,5,5,1,127211969.868,39014347.0326,42803.0667,3367798,45536.4
2022,2,13,5,10,1,134108388.95,35983735.0949,1101.2267,15614417.28,48496
2022,2,13,5,15,1,155324888.834,37052729.0556,464.8533,6905215.5733,28439.3333
2022,2,13,5,20,1,137672053.157,36258642.8851,424.5333,12001897.28,15938.6667
2022,2,13,5,25,1,98903858.4478,37067714.4602,384.6667,21981221.7333,22789.0667
2022,2,13,5,30,1,93204461.596,40677277.692,494.1333,10288303.6,23408
2022,2,13,5,35,1,91063227.8795,42831960.6761,290.7733,10831352.8533,1968.32
2022,2,13,5,40,1,98547123.2764,49364235.616,595.84,13386289.7067,68231.2267
2022,2,13,5,45,1,102304002.23,46104326.6816,410.56,7855430.08,39443.9733
2022,2,13,5,50,1,100947564.801,37416077.4677,297.4933,6811490.9867,16897.76
2022,2,13,5,55,1,96588829.2121,36657190.9528,619.6267,8047156.9067,24321.68
2022,2,13,6,0,1,88333686.4187,41412467.3371,270,11450042,23529.44
2022,2,13,6,5,1,91961240.7418,41893745.2066,516.5867,8691256.4267,14211.6
2022,2,13,6,10,1,93892834.5301,44028424.4466,575.2533,7382373.3333,31649.3333
2022,2,13,6,15,1,97345744.6293,45085073.9225,354.9867,8061052.5867,135652.48
2022,2,13,6,20,1,78442490.9943,38042933.3828,375.68,8678889.92,78689.6
2022,2,13,6,25,1,85649175.1219,36826482.1757,368.16,11715539.36,19953.0667
2022,2,13,6,30,1,86123879.9599,35564151.1171,493.8667,12652518.5333,15266.4533
2022,2,13,6,35,1,67756588.2489,37846861.8439,464.4267,8423035.6267,1888.6667
2022,2,13,6,40,1,72180054.027,39846850.1184,464,8365680,656
2022,2,13,6,45,1,77199519.8716,39180222.3989,661.3333,17991939.4133,71952.32
2022,2,13,6,50,1,69548309.1211,38738756.4149,348.2667,8103276.48,6333.12
2022,2,13,6,55,1,65411044.1159,36906997.9979,344,7131991.8933,13649.92
2022,2,13,7,0,1,78202032.4594,37940079.3344,17322.56,8218982.2933,39417.92
2022,2,13,7,5,1,78648017.7682,36419930.1899,16170.6667,7369535.5733,103113.28
2022,2,13,7,10,1,79734255.2656,39911511.1292,24923.3333,9195792.5333,140298.56
2022,2,13,7,15,1,73262780.2604,40572571.5427,882,8604045.6,46870
2022,2,13,7,20,1,93037006.9014,43724870.1009,542.8,6193100.5333,34091.4133
2022,2,13,7,25,1,102947688.535,42382302.57,269.6,12072031.52,4603.84
2022,2,13,7,30,1,108690070.42,33201282.885,22444.2667,19386547.7333,1600
2022,2,13,7,35,1,90662118.3517,34039014.8706,824.2133,16661396.0533,14921.76
2022,2,13,7,40,1,100674153.417,40401773.8623,394.2667,14010893.3333,34412
2022,2,13,7,45,1,95846998.4205,36508412.2391,628.8,16633560.2133,5286.88
2022,2,13,7,50,1,112015343.509,34556664.6356,545.4667,16245161.8667,56990.8
2022,2,13,7,55,1,139142556.525,33800503.7437,258.88,12377205.6,84417.4133
2022,2,13,8,0,1,145949258.158,37946944.3268,22538.88,7693186.56,20932.6133
2022,2,13,8,5,1,211007690.087,36636608.3719,991.2533,10099505.92,85504
2022,2,13,8,10,1,230623497.4,38708393.7402,17255.3333,8847867.7333,71557.2
2022,2,13,8,15,1,238445582.233,39778622.578,57815.68,15243328.5333,91671.2533
2022,2,13,8,20,1,207839811.183,36607653.7475,17993.4933,11292339.6267,19798.2933
2022,2,13,8,25,1,207240738.206,37256288.0419,33299.3333,13961821.7333,126407.7067
2022,2,13,8,30,1,228219174.395,35458148.9929,17134.5333,15977766,22998.4
2022,2,13,8,35,1,232055942.316,36397468.383,101218.1333,10108044.6667,127431.84
2022,2,13,8,40,1,238043964.308,35333936.4165,27093.0133,10538952.8533,52276.48
2022,2,13,8,45,1,233111933.151,36950688.8921,66467.3333,12146640.6667,54205.8667
2022,2,13,8,50,1,221741811.128,45985950.8467,147498.24,20500216.4267,45538.0267
2022,2,13,8,55,1,213128126.646,44295403.9143,289164.2667,17385933.44,24487.4667
2022,2,13,9,0,1,218002372.324,40238068.8281,99579.6267,20004623.04,22880
2022,2,13,9,5,1,235701416.086,39700410.7554,1261006.9333,23664537.3333,121341.6267
2022,2,13,9,10,1,214042186.845,43243095.6671,107847.4667,17962454.5333,202019.8933
2022,2,13,9,15,1,216798783.066,41143577.1067,54983.0667,16951086.1333,62830.1333
2022,2,13,9,20,1,201212559.218,43226292.2769,1300.4,17878679.6,43630
2022,2,13,9,25,1,206540544.76,41614312.6209,400,27590716.1333,79414.9067
2022,2,13,9,30,1,221616723.276,44964198.0556,416224.1333,35496666.2667,23297.6
2022,2,13,9,35,1,227482526.916,41639826.9881,119107.3333,27335587.3333,87775.68
2022,2,13,9,40,1,213662590.126,39646529.7541,1914.0267,15601035.7333,52616
2022,2,13,9,45,1,246310465.048,39897599.6885,88152.6667,14737964.8,163860.7467
2022,2,13,9,50,1,249273490.401,44162436.2168,24472.5333,16851054,178624
2022,2,13,9,55,1,228050045.465,37028841.2903,59079.2,15288911.52,108715.3333
2022,2,13,10,0,1,224247232.731,40076927.0836,59808,15256296,102360
2022,2,13,10,5,1,236357167.341,36725591.0364,23220.1333,26270062,198508.8
2022,2,13,10,10,1,278915007.5,35808567.0644,927.3333,15275087.4667,136651.4133
2022,2,13,10,15,1,247639483.839,37073529.794,434.1333,16040903.8667,129768
2022,2,13,10,20,1,258288445.99,36749934.6258,39938.1333,18186472.64,140661.6
2022,2,13,10,25,1,257551394.396,37207537.6151,1052.1333,13475958.9333,148712.96
2022,2,13,10,30,1,251253995.595,40845376.9549,273.4933,15306544.8533,203734.48
2022,2,13,10,35,1,249307305.927,37808807.0354,398.2933,6605861.76,79117.76
2022,2,13,10,40,1,292689750.977,39561605.4948,400,6487936,66904
2022,2,13,10,45,1,321967255.087,40974739.0119,20145.3333,9605905.0667,252614.56
2022,2,13,10,50,1,297501443.435,37461982.9003,33882.88,5790994.9867,255320.2667
2022,2,13,10,55,1,287255708.76,35749512.1389,127103.0667,17056926.1333,81035.12
2022,2,13,11,0,1,276831118.193,41364556.1449,15250.5333,10400574.9333,187638.4
2022,2,13,11,5,1,265317556.975,41938245.2446,87256.96,17142168.8533,88773.2533
2022,2,13,11,10,1,272075594.583,39606468.518,20594.3467,9652251.4133,79672
2022,2,13,11,15,1,285453895.972,38183996.2906,25462,12774118.2667,200994.6667
2022,2,13,11,20,1,336303272.214,38103994.0341,707.04,5804654.64,72297.8133
2022,2,13,11,25,1,376930296.187,40520477.6206,945382.72,9088410.1333,96917.5467
2022,2,13,11,30,1,353771194.23,41214251.8437,1874378.56,12553420.16,165733.9733
2022,2,13,11,35,1,359736181.194,41529708.1719,1816038.6667,16826753.8667,68617.28
2022,2,13,11,40,1,335250946.587,40258268.3844,1051537.3333,14788009.3333,59041.8133
2022,2,13,11,45,1,362127870.958,47975619.9679,491347.3067,14021980.3733,232120.8533
2022,2,13,11,50,1,330356972.604,42345047.9865,64484.48,19324120.1067,111932.6667
2022,2,13,11,55,1,356354706.105,43237925.509,1321528.32,40434542.08,169528.96
2022,2,13,12,0,1,375506399.556,44980140.9013,889161.3867,46589593.6,874232.96
2022,2,13,12,5,1,414346178.337,42838946.1072,12050.7733,59653571.84,6221818.08
2022,2,13,12,10,1,409548971.716,42936420.595,60751.0667,48455995.4667,7391520.0267
2022,2,13,12,15,1,392606587.214,43758599.6445,20564.9067,61634491.3067,7516094.4533
2022,2,13,12,20,1,356316934.757,40062179.27,677.2267,67134146.1333,7226265.52
2022,2,13,12,25,1,342498451.689,40577764.0722,26906.0267,50869144.64,7570239.6
2022,2,13,12,30,1,382933776.015,39050789.3234,224360.5333,48022161.3867,9578516.64
2022,2,13,12,35,1,382711331.353,40616511.1918,3405.8667,40131053.0133,15542517.44
2022,2,13,12,40,1,396111726.304,43411738.0028,367873.92,35863096.5333,23000587.36
2022,2,13,12,45,1,385649577.881,43347669.2889,115627.84,29467498.9867,25294365.8667
2022,2,13,12,50,1,416814562.558,45470527.2782,280011.6267,27575687.36,25699013.7867
2022,2,13,12,55,1,399687537.591,42195220.8015,205580.48,30208097.0667,18869453.3867
2022,2,13,13,0,1,413012656.797,42659666.034,1011750.5333,16002273.2,18579820.0533
2022,2,13,13,5,1,409364874.454,43612075.1618,1055923.2,16083822.5333,19145364.6667
2022,2,13,13,10,1,410161731.18,43808575.1484,959577.7333,24488071.8667,19445139.0133
2022,2,13,13,15,1,448461200.332,48238295.3292,84492.1333,26318484.8,18071979.52
2022,2,13,13,20,1,403023822.205,43235064.1922,444045.12,30289768.64,18019074.4533
2022,2,13,13,25,1,400519907.597,43742561.9161,384528.64,31776074.7733,18284512.8267
2022,2,13,13,30,1,449930669.743,41388774.875,512751.4667,28674234.4533,20685408.56
2022,2,13,13,35,1,485475465.776,42551156.1397,7175.68,23308586.7733,23844816.56
2022,2,13,13,40,1,501797444.695,46704935.3316,41523.2,45231271.36,28360981.12
2022,2,13,13,45,1,510176360.012,45376511.5349,21367.8933,46492871.8933,29932894.56
2022,2,13,13,50,1,499043707.532,46714457.8862,22571.9467,39599213.6533,29570942.6133
2022,2,13,13,55,1,496883817.608,44596513.1138,32401.7333,26323588.6667,30107097.84
2022,2,13,14,0,1,547703992.248,48258688.5729,1026788.8,30916731.2,30730069.92
2022,2,13,14,5,1,553065468.008,44649780.9299,2331846,35911069.8667,31965840
2022,2,13,14,10,1,540836188.402,44571662.9112,1743698.9867,31251729.28,30342938.6667
2022,2,13,14,15,1,531659795.782,45474918.6204,988730.88,35984829.12,33489500
2022,2,13,14,20,1,557231770.359,45580188.8748,13703.68,34927208.2133,32611129.36
2022,2,13,14,25,1,516051844.262,44936063.809,25624.9333,41820971.4667,32122220.56
2022,2,13,14,30,1,431773453.562,43231791.7916,780.2667,41979600.1333,29838939.4667
2022,2,13,14,35,1,454120431.668,43919003.578,151274,41168283.0667,23158472.56
2022,2,13,14,40,1,457017658.288,42588750.185,18240.32,45845472.7467,21928523.2267
2022,2,13,14,45,1,418630293.411,42728099.8499,16408,45908864,21884000
2022,2,13,14,50,1,445213321.123,42430754.1324,2783386.72,90961720.64,39249718.88
2022,2,13,14,55,1,484987672.753,45293277.8883,2473059.3067,48725548.8,18025998.3467
2022,2,13,15,0,1,512824158.431,46629523.9857,1864569.0667,59843978.88,22781122.08
2022,2,13,15,5,1,496328746.965,46548670.519,1699546.6667,56260967.7333,21516496
2022,2,13,15,10,1,451344578.234,45406289.3551,164052.2667,54420464.2667,22621784.64
2022,2,13,15,15,1,442647868.167,42929571.8458,64251.2,58045040,23203012.5333
2022,2,13,15,20,1,410471733.752,50439902.636,964236.8,74510242.6667,21794029.3867
2022,2,13,15,25,1,474919325.84,52619413.6876,410814.9333,57623905.3333,23210558.6933
2022,2,13,15,30,1,464053597.508,46905901.2591,1012203.6,60547673.7333,25897793.12
2022,2,13,15,35,1,453904140.631,44084840.2653,1259496.1333,51937836.9333,28118523.7333
2022,2,13,15,40,1,440269689.986,42443232.6456,793882.3467,50701901.3333,35084287.3067
2022,2,13,15,45,1,463557857.44,46832304.0089,124653.8667,59601022.72,35354125.6
2022,2,13,15,50,1,447276684.85,45376712.9892,116018.5333,70897857.8667,35606331.52
2022,2,13,15,55,1,421475845.612,42123958.8865,131368.64,60614192.32,33075352.08
2022,2,13,16,0,1,432427699.424,45209940.385,122214.6667,63774791.7333,25030749.84
2022,2,13,16,5,1,441997807.94,45117115.7726,160547.6,66399564.9333,17446011.5467
2022,2,13,16,10,1,443920147.923,46814318.042,134039.04,56461968.2133,16067290.6667
2022,2,13,16,15,1,451474578.611,45411621.9939,581922.5333,57801435.0667,17060933.8133
2022,2,13,16,20,1,446711128.402,44873513.4347,214177.7333,59943013.6,16090532
2022,2,13,16,25,1,470238718.787,44254719.3787,107956.5333,51872012.6667,16473680.32
2022,2,13,16,30,1,495986669.923,42998861.7942,64200.9333,59573993.0667,16111457.6
2022,2,13,16,35,1,495887611.926,45956197.2524,63196.9333,67353201.0667,12671411.2
2022,2,13,16,40,1,475008714.986,45931719.9916,409718.6667,70816433.7333,9822313.6
2022,2,13,16,45,1,462219227.285,45080192.2764,26774.1333,77264799.3333,9324382.08
2022,2,13,16,50,1,497267501.267,47200805.2268,734.8267,69884975.36,11562665.2533
2022,2,13,16,55,1,479510162.547,44798277.3168,75582.9333,72270248.5333,9503881.28
2022,2,13,17,0,1,443398524.814,44967315.1996,161084.4,81883678.8,11550023.2533
2022,2,13,17,5,1,438316329.413,46805556.4867,53944.1333,65001244.5333,17534045.12
2022,2,13,17,10,1,422062193.299,43933433.3027,29133.3333,69704656.6667,19028550.6667
2022,2,13,17,15,1,446417276.115,45026005.369,762.1333,67570100.8,25887228.16
2022,2,13,17,20,1,440341074.007,46327415.1105,78798.9333,66002430.4,26187640.64
2022,2,13,17,25,1,417659835.613,45423354.5884,180671.8667,69157364.8,26064552.8
2022,2,13,17,30,1,412562894.454,45873524.4035,252129.3867,62826133.76,21860896.6933
2022,2,13,17,35,1,396772064.759,45259538.1713,196729.3867,60691812.16,18030446.72
2022,2,13,17,40,1,398951865.83,43187558.5975,92936.72,49023446.72,11057715.2
2022,2,13,17,45,1,391439159.505,45710343.5107,87246.8267,55252806.5067,9367531.44
2022,2,13,17,50,1,416496912.28,48895732.9156,552851.2,52166758.4,10225267.36
2022,2,13,17,55,1,437361462.737,47880385.1915,107013.8667,46948979.3067,9152192.32
2022,2,13,18,0,1,453286442.753,48683995.9744,211379.0933,55499886.1867,9581231.8933
2022,2,13,18,5,1,453594671.965,54724996.5131,288648,50849126.4,12557395.6
2022,2,13,18,10,1,486521263.44,56081684.1557,191392.1067,54088442.88,17643335.5733
2022,2,13,18,15,1,484563249.706,52070158.0586,321898.4533,69478572.5867,25756247.4667
2022,2,13,18,20,1,531536830.463,59152537.0016,132181.7333,78512650.8,24184821.12
2022,2,13,18,25,1,550731939.623,61488263.7065,127158.1333,100021365.2,18510232
2022,2,13,18,30,1,566294579.806,59123145.6704,25466.72,99803263.2,18742577.28
2022,2,13,18,35,1,588439736.756,56591243.9255,25870,79225086,17804686
2022,2,13,18,40,1,591969091.369,54483107.2246,748.0533,84812598.5067,17919356.9333
2022,2,13,18,45,1,611305771.233,59037750.235,408,84892816,17933232
2022,2,13,18,50,1,632129000.856,56449342.4851,228863.8667,161782355.467,33703859.6
2022,2,13,18,55,1,592013193.086,54727946.8904,334709.9733,79311979.52,20216252
2022,2,13,19,0,1,563956092.4,50385772.7496,79178.4,80603852.1333,17688840.96
2022,2,13,19,5,1,609561067.29,51398149.5867,1479.1467,75398947.7333,18396138.24
2022,2,13,19,10,1,595253570.217,54027176.0892,488,78546642.56,20169310.2933
2022,2,13,19,15,1,585317600.548,54110885.9246,196816.4,77881845.0667,21786789.9733
2022,2,13,19,20,1,593666531.028,51553442.1021,42094.8,83133664.2667,20125274.24
2022,2,13,19,25,1,585261563.966,52747969.9832,20069.44,75497043.3067,20281297.6267
2022,2,13,19,30,1,570120795.256,51856774.9916,848.2133,70714695.4667,20442828.16
2022,2,13,19,35,1,592183685.531,51951345.3775,449.92,57879253.6533,21923308.64
2022,2,13,19,40,1,608519778.28,49738003.5917,652.5333,63884648.2667,22276722.72
2022,2,13,19,45,1,603981254.004,52265082.7759,882768.9333,82807496.5333,24671617.28
2022,2,13,19,50,1,582480788.216,51195176.2958,140773.0133,73813798.6133,25885763.2
2022,2,13,19,55,1,576002080.046,50003734.9016,1212885.76,65021190.4,30377282.24
2022,2,13,20,0,1,569197328.827,48723335.5436,1306839.4667,68277424.5333,31904151.2
2022,2,13,20,5,1,558172625.93,47865675.6537,943946.1333,73248642.0267,28783099.6
2022,2,13,20,10,1,541349288.24,46575544.0414,945978.0267,66655718.9333,28265511.3867
2022,2,13,20,15,1,573609053.835,49437917.5414,1050675.0667,62248572.1333,25087159.1733
2022,2,13,20,20,1,591307118.16,48726372.4987,1390997.8667,68257057.0667,20474775.36
2022,2,13,20,25,1,574324320.711,46361374.5411,912874.6667,74617860.16,25261703.04
2022,2,13,20,30,1,572492618.226,43051460.1766,1264544.6667,80101584.8,25952830.7733
2022,2,13,20,35,1,581108015.704,42242068.804,1480687.4667,71327016.5333,27694428
2022,2,13,20,40,1,615192280.481,47393207.4348,495093.3333,62494768.1333,26973689.3333
2022,2,13,20,45,1,648227301.844,50521600.8838,97956.16,72705003.3067,31610922.88
2022,2,13,20,50,1,657164949.473,52584183.1659,18664.8,52193056.4,32892540.4
2022,2,13,20,55,1,687881140.893,50294703.2407,179576.5333,45374232.1067,52195374.1867
2022,2,13,21,0,1,677605589.15,44532471.9544,193371.3333,64973880.9333,67820118.9867
2022,2,13,21,5,1,688015543.456,43814279.875,45800.5333,57421517.7333,54078384.8
2022,2,13,21,10,1,699805564.937,46850851.2813,186504.7467,60022832.8533,59403176.7467
2022,2,13,21,15,1,704996856.378,52339216.9549,448276,73708041.7333,75054929.3867
2022,2,13,21,20,1,706350108.571,52201882.9822,1603242.9333,93325737.4667,73994275.52
2022,2,13,21,25,1,716779277.252,45336687.3071,321141.0667,103331924.8,76938126.6667
2022,2,13,21,30,1,713981173.508,44817688.2895,88391.1467,87670931.6267,77153847.6267
2022,2,13,21,35,1,726739327.379,48640860.4512,395609.92,93789814.5067,72979428.6933
2022,2,13,21,40,1,717791282.431,49769962.4409,418807.1467,105108686.72,67547542.08
2022,2,13,21,45,1,710350561.253,49378994.4332,2293612.2667,117083548.907,77576044.8533
2022,2,13,21,50,1,732853693.842,49839178.743,313541.8667,121972343.067,72581511.68
2022,2,13,21,55,1,710760725.445,52533363.0196,244466.6667,106580713.6,74728577.36
2022,2,13,22,0,1,693572455.777,46253085.1292,252902.9333,93784638,76579153.76
2022,2,13,22,5,1,682756601.367,45523206.9241,240134.6133,84664928.5333,80924162.7467
2022,2,13,22,10,1,689276001.436,46411387.7649,455632.5333,91732750.2667,92507047.8933
2022,2,13,22,15,1,681728737.358,49973806.4994,1157320.9333,82428342.8,77778873.6
2022,2,13,22,20,1,657363426.871,48421835.8323,1960734.9333,89473855.36,77945411.12
2022,2,13,22,25,1,662560542.932,53176900.2623,1580781.2,82136594.6667,66034545.1733
2022,2,13,22,30,1,675573893.288,52873453.9282,854295.8933,68714863.8933,60920969.28
2022,2,13,22,35,1,664620816.795,55229176.4284,71171.3067,81685090.6667,68206596.16
2022,2,13,22,40,1,573842096.243,51517378.3837,94181.12,80465845.12,69514416.8
2022,2,13,22,45,1,571734401.006,52107369.0919,94864,80437336,69562840
2022,2,13,22,50,1,522065928.409,49617655.9324,2474838.1867,168091239.787,76348930.96
2022,2,13,22,55,1,504255783.555,43535496.1085,542404.5867,69589266.6667,33502817.7067
2022,2,13,23,0,1,480069265.589,45052238.3486,596764.6667,76361267.8667,28752380.2667
2022,2,13,23,5,1,451104098.298,42221655.0057,1084767.8933,79550861.0133,31567950.8
2022,2,13,23,10,1,439886530.264,43061744.9277,620048.8533,77056844.2667,30590762.56
2022,2,13,23,15,1,431977175.764,46191241.454,497450,70431151.2,28806220.08
2022,2,13,23,20,1,409564671.035,50040570.2353,313822.9333,64793995.4667,27483390.72
2022,2,13,23,25,1,379556497.756,58059100.4628,572147.52,67115167.2533,28495040.64
2022,2,13,23,30,1,410846394.85,55863265.4233,508302,62553021.6,28320174.4
2022,2,13,23,35,1,378813097.505,56305380.7006,1007439.4667,57309107.3067,22738847.04
2022,2,13,23,40,1,398171735.807,54334755.1069,217762.9333,59254562.9333,23827848.2133
2022,2,13,23,45,1,374166685.996,51353057.432,189179.84,53125881.6,27269196.2133
2022,2,13,23,55,1,338765754.871,51477908.0992,207805.9733,49301847.1467,18188694.32
2022,2,14,0,0,2,354508319.607,51602725.4019,187400.1067,51466530.4533,19157614.2933
2022,2,14,0,5,2,319548894.813,48514102.2709,145206.4,58286946.5333,18172059.9733
2022,2,14,0,10,2,314623394.626,51036456.8189,105668.6933,46437096.64,17076661.9733
2022,2,14,0,15,2,326668782.949,52727814.1358,108143.4667,48254527.1467,12299735.1467
2022,2,14,0,20,2,309649516.69,48315340.581,909357.3333,49964959.4667,9374214.4
2022,2,14,0,25,2,315520218.556,50421596.7043,2715459.6,40631735.8667,8651542.6667
2022,2,14,0,30,2,310010928.387,54807510.6272,2837679.5733,42010560.32,834873.92
2022,2,14,0,35,2,263305110.899,50155149.2093,2969774.24,50077580.8,309654.24
2022,2,14,0,40,2,280696290.186,52595850.1642,1910460.9067,41661248.5333,191936.24
2022,2,14,0,45,2,288234001.317,51653307.515,108493.2267,39552062.72,186458.1333
2022,2,14,0,50,2,295812745.807,53069055.3692,75637.5467,38512602.56,207962.32
2022,2,14,0,55,2,249515821.836,44616271.1483,155290.0267,37033341.12,161317.68
2022,2,14,1,0,2,259948666.976,43967077.8427,136748.5333,29199796.2667,334698.24
2022,2,14,1,5,2,261164494.724,49008694.4291,193697.92,32128876.16,98867.2267
2022,2,14,1,10,2,258198037.772,49910038.5376,594190.4,29979413.8667,147857.52
2022,2,14,1,15,2,251778982.138,48224728.699,343027.0933,28582406.4,73835.0667
2022,2,14,1,20,2,243463354.696,40583339.2409,90201.7067,28684451.3067,106557.9733
2022,2,14,1,25,2,245146111.914,44621460.5867,663850.4533,30476864.2133,155698.32
2022,2,14,1,30,2,230331558.013,44962043.1157,1042579.4133,38854776,85223.5733
2022,2,14,1,35,2,226289309.531,43791756.1533,135004.2667,33298340.48,44327.2
2022,2,14,1,40,2,216886599.486,41851977.3229,344165.8667,25193063.0667,212793.6
2022,2,14,1,45,2,206556648.979,41988519.0737,25958.8267,23703008.96,186696.3733
2022,2,14,1,50,2,202219415.667,43762370.1524,22992.5333,19849578.2667,108410.24
2022,2,14,1,55,2,197014541.094,39456954.8912,32235.4133,21040105.3867,130071.84
2022,2,14,2,0,2,190270373.859,37938057.459,135257.4933,11841676.3733,79618.6133
2022,2,14,2,5,2,193343650.016,44812347.9809,87379.0667,12719105.6,77772.48
2022,2,14,2,10,2,185313583.253,40482547.075,58049.0667,6663691.4133,109587.6267
2022,2,14,2,15,2,171307207.282,45527529.6021,138862.72,3211691.7333,55187.84
2022,2,14,2,20,2,158899487.397,41555251.6416,68722.6667,2601889.1733,47912.2133
2022,2,14,2,25,2,175952155.636,42985670.0523,1266.56,5722991.8933,133496.32
2022,2,14,2,30,2,177071073.557,36869684.1536,50877.44,8305267.7333,119239.1467
2022,2,14,2,35,2,159316194.461,46242957.1872,37130.9867,15488031.4667,97925.0133
2022,2,14,2,40,2,151947191.881,42760072.1298,17993.0667,8132947.7333,114117.76
2022,2,14,2,45,2,154333808.822,37977010.3069,17672,8006648,115184
2022,2,14,2,50,2,164489197.156,36404248.5489,34618.9867,10636319.8933,167911.04
2022,2,14,2,55,2,144659375.189,35830490.7701,1001.3867,7207077.3333,124716.32
2022,2,14,3,0,2,137910337.989,36070404.0413,244.0533,4497132.16,116336
2022,2,14,3,5,2,154172657.139,42913234.6225,21117.92,3219264.48,92516.7467
2022,2,14,3,10,2,151381030.434,38512971.1147,721.3867,4724658.3467,127014.24
2022,2,14,3,15,2,130050913.929,48073159.252,550.88,12437596.48,91435.4667
2022,2,14,3,20,2,115957160.534,47342148.0962,583.5733,11875643.9467,72783.2
2022,2,14,3,25,2,111332769.098,39714569.3498,646.9333,10825358.9333,71560
2022,2,14,3,30,2,114960895.835,29139828.3089,395.4133,9541944.8533,62268.2667
2022,2,14,3,35,2,109147733.018,29098633.2373,541.9733,10487408.32,61640
2022,2,14,3,40,2,111101248.506,37855152.1488,457.1733,7745390.08,96449.6
2022,2,14,3,45,2,115513328.1,44057386.7522,519.36,7413797.36,98936
2022,2,14,3,50,2,110098117.159,39526457.6807,472.64,5287690.9867,53730.56
2022,2,14,3,55,2,120720637.547,37696195.4354,369.3867,15838663.5733,62759.76
2022,2,14,4,0,2,121088576.978,36527480.2228,510.08,9608262.6133,63792
2022,2,14,4,5,2,104670844.24,34509380.9008,590.6667,13873032,118836
2022,2,14,4,10,2,102840089.682,31224859.5566,338.56,12824361.52,105321.6
2022,2,14,4,15,2,96133047.5201,31963472.1108,454,14201663.7333,41585.0667
2022,2,14,4,20,2,102188067.516,35936004.9148,353.3867,13096824.32,70605.1733
2022,2,14,4,25,2,103785743.822,39450314.4367,273.3333,16859180.8,73288
2022,2,14,4,30,2,132476164.778,36572683.929,445.6533,7229136.96,165322.1333
2022,2,14,4,35,2,109456460.603,39900846.0182,463.7333,14968374.1333,73572.08
2022,2,14,4,40,2,103972592.578,35597600.8952,400.8533,20188271.4667,65408
2022,2,14,4,45,2,109401160.928,42409924.8306,313.4667,13479418.4,115677.8667
2022,2,14,4,50,2,107335975.221,33994468.2479,501.44,10807309.2267,39261.1467
2022,2,14,4,55,2,100826851.726,42196130.6937,409.28,11429232.64,40296.5867
2022,2,14,5,0,2,100219829.453,39739926.2471,447.4667,13260887.7867,64946.0267
2022,2,14,5,5,2,112065771.429,46178976.24,637.44,11894020.0533,54704.96
2022,2,14,5,10,2,111884896.623,46401739.9129,671.5733,11002907.9467,70408.32
2022,2,14,5,15,2,109279185.88,40145341.6041,640.4267,8711493.76,27734.56
2022,2,14,5,20,2,110503178.519,34497448.57,286,17996913.8667,34264.32
2022,2,14,5,25,2,107817454.63,33157323.3228,524.6933,11807857.7067,68904.7733
2022,2,14,5,30,2,119840179.672,36317946.5412,409.6,12382089.0667,42076.6933
2022,2,14,5,35,2,94788075.6505,33613587.8002,392.2133,12809149.44,29076.48
2022,2,14,5,40,2,88078140.8636,40438782.2119,376.2133,11076609.0667,58584.32
2022,2,14,5,45,2,81897244.4373,32880221.3703,431.2533,8779840,47796.2667
2022,2,14,5,50,2,83247837.9428,48735095.1211,266.24,7041981.44,7402.6667
2022,2,14,5,55,2,93311417.9154,33001057.9179,437.6533,2667341.0133,81931.7333
2022,2,14,6,0,2,104773297.855,33952926.5976,392.64,6700116.3733,23942
2022,2,14,6,5,2,105518919.05,30147801.0027,12707.6,5735082.32,49236.8
2022,2,14,6,10,2,128808961.92,30211379.4211,26834.6667,5297458.6667,101478.5067
2022,2,14,6,15,2,114721821.511,32942129.8462,32256.1333,5901393.0667,58388
2022,2,14,6,20,2,98453845.3811,32221918.9139,1129.0667,4777425.8667,62685.12
2022,2,14,6,25,2,98592646.311,32211894.0891,372.64,5110631.52,73297.76
2022,2,14,6,30,2,100014295.614,31203995.4386,478.1333,6008519.4667,23824
2022,2,14,6,35,2,109002577.245,28271760.7317,322.1333,2864048.8533,61429.12
2022,2,14,6,40,2,119781679.376,23980031.6577,516.6667,242839.6,48646.4
2022,2,14,6,45,2,125253368.581,30155071.8122,520,199136,116838.9333
2022,2,14,6,50,2,138271041.913,29329399.8879,37160.8533,4195838.5067,121792
2022,2,14,6,55,2,152286052.572,28926040.5085,1225.4667,2266228.6667,29000.32
2022,2,14,7,0,2,157585782.738,31405850.164,592.32,246155.84,22016
2022,2,14,7,5,2,147020841.136,30602379.9795,411.0667,112663.4667,56490.24
2022,2,14,7,10,2,141958600.414,26406957.5135,22493.5467,5324018.9867,34571.44
2022,2,14,7,15,2,155932589.607,27250068.6496,42904.2133,5999890.56,32696
2022,2,14,7,20,2,151699899.879,29454799.8271,50437.8667,5994329.7067,30819.2
2022,2,14,7,25,2,147974776.679,33316029.3317,1219.8667,5452107.0667,27423.68
2022,2,14,7,30,2,149500227.195,24177967.3915,462.6667,3207929.2,30603.8933
2022,2,14,7,35,2,134969929.319,26176508.7509,250.88,7532922.24,2232.48
2022,2,14,7,40,2,140522711.478,23850030.3196,484.8,2971683.0933,51742.8
2022,2,14,7,45,2,151211529.709,27387846.9141,24333.76,6118669.44,207586.56
2022,2,14,7,50,2,173364769.117,24489412.8594,707.6267,5365665.8133,47033.52
2022,2,14,7,55,2,188728118.236,28015292.1557,328.7467,1779413.44,52500.8
2022,2,14,8,0,2,172023032.408,28688003.8426,351.68,689286.5067,21653.6
2022,2,14,8,5,2,204537853.397,29242234.7169,469.6,1901877.92,31517.76
2022,2,14,8,10,2,200738884.63,31104342.6871,400.96,3262834.9867,52739.0933
2022,2,14,8,15,2,187667746.609,34928022.4533,15492.0533,7194623.68,25807.2
2022,2,14,8,20,2,179568610.279,34118708.4494,627.6267,4568885.6533,81619.92
2022,2,14,8,25,2,197948790.457,34478870.0245,149608,5583140.6933,61712.7467
2022,2,14,8,30,2,199689370.957,32205487.1394,2345.28,8916861.5467,114099.52
2022,2,14,8,35,2,216084441.872,34464028.8387,69327.84,14645837.6,54958
2022,2,14,8,40,2,182520091.1,36645798.6736,1432.5333,10210954.4533,157899.3333
2022,2,14,8,45,2,215481977.721,37182300.1452,267.8667,10172757.0667,40081.92
2022,2,14,8,50,2,177135353.683,32659983.6281,358.4,11058214.9333,163804.8267
2022,2,14,8,55,2,181040788.728,29385846.6011,375.7867,9257228.3733,31270.2933
2022,2,14,9,0,2,187096753.482,31122649.9873,352.32,6429962.6667,53596.9333
2022,2,14,9,5,2,153165752.732,33295627.4124,446.4,7437977.0667,49761.3333
2022,2,14,9,10,2,173906599.423,30947861.7963,35981.7333,6039420.8,59082.72
2022,2,14,9,15,2,179308400.936,32485252.5049,1729.8667,8088142.6667,56593.6
2022,2,14,9,20,2,180629031.535,30942279.2201,57874.4,6968192.16,93732.8
2022,2,14,9,25,2,170217458.03,32335376.6709,2664.9067,6777788.6667,129133.9733
2022,2,14,9,30,2,174389235.605,35694985.6402,149648.8,6835194.9333,109893.84
2022,2,14,9,35,2,162486246.144,38836964.2682,6736.96,11599237.12,46112.7467
2022,2,14,9,40,2,166763153.389,32423906.7739,336.8,11082299.7867,42247.36
2022,2,14,9,45,2,173006864.685,36217505.2469,328,11055072,53504
2022,2,14,9,50,2,157918785.166,32474931.7726,579.7333,19970231.6,133026.8267
2022,2,14,9,55,2,170798662.144,33547130.7697,307.7333,12539449.92,90421.6533
2022,2,14,10,0,2,211936924.432,34145295.904,406.6133,11601924.6933,55163.9467
2022,2,14,10,5,2,229400247.075,32351197.252,400.1067,13839269.12,33090.48
2022,2,14,10,10,2,231157392.258,27955681.0716,321.3333,28957073.0667,52896.9867
2022,2,14,10,15,2,234922070.342,26653109.1101,545.04,37604906.08,53011.2533
2022,2,14,10,20,2,228659421.476,30468654.6331,489.92,29249110,159670.8
2022,2,14,10,25,2,226302575.576,29668488.4066,271.4667,23459664,259257.36
2022,2,14,10,30,2,209976312.665,31203654.0473,349.36,25862491.6,144833.0667
2022,2,14,10,35,2,220480131.066,31492975.4158,321.0667,23063251.2,165683.36
2022,2,14,10,40,2,156637474.657,33558055.0424,397.3333,14925631.7333,63472.9067
2022,2,14,10,45,2,178716227.058,36845709.9597,400,14648448,30064
2022,2,14,10,50,2,160070704.762,29519696.6172,463.1467,21152325.76,60810.4533
2022,2,14,10,55,2,180737024.19,28625724.736,448.2133,14263440.7467,136516.2133
2022,2,14,11,0,2,165057133.17,27303862.9177,23709.6533,21676043.6267,137101.92
2022,2,14,11,5,2,162928043.627,29427227.4368,691.3067,28260795.7333,211383.68
2022,2,14,11,10,2,171946599.481,33647451.7006,289.4667,23021958.8,154545.28
2022,2,14,11,15,2,161857410.06,32212308.5061,559.6,35313613.6,153151.4667
2022,2,14,11,20,2,184498082.245,31651712.8298,458.6133,15153587.7333,119931.84
2022,2,14,11,25,2,181034336.687,30822417.2291,347.36,14618979.28,55443.04
2022,2,14,11,30,2,167604945.939,31106613.0508,128920,20561608.2933,433549.28
2022,2,14,11,35,2,177820944.94,30811397.0023,29385.0667,18797553.6,245556.5333
2022,2,14,11,40,2,206143023.575,30220049.8054,86262.72,28713106.56,280262.1333
2022,2,14,11,45,2,221398262.763,30433538.6371,3758.72,22193529.28,170222.7467
2022,2,14,11,50,2,195279763.602,34347517.8994,216,21904544,253249.76
2022,2,14,11,55,2,207085720.839,32262672.1292,58760.8533,49817691.3067,266384
2022,2,14,12,0,2,200970640.895,33778468.979,1378,38708036.5333,257283.6267
2022,2,14,12,5,2,189750699.733,33173290.4764,57071.3333,37467352.6667,119834.88
2022,2,14,12,10,2,175795816.445,30418976.1415,34196,31888763.8667,202190
2022,2,14,12,15,2,172939763.524,30678447.2822,845.2267,29454470.1867,88963.8133
2022,2,14,12,20,2,182034931.825,33852108.7186,305.28,30454127.7867,75920
2022,2,14,12,25,2,183072191.379,32843251.8706,44435.6267,23123640.96,144487.2
2022,2,14,12,30,2,219502770.704,31437992.489,43350.72,17819559.5733,94903.04
2022,2,14,12,35,2,200618661.586,31722375.9456,27870,27397210.8,533857.76
2022,2,14,12,40,2,237875176.08,32258771.9301,782.6667,27627807.2,199786.16
2022,2,14,12,45,2,273527274.066,31942654.9215,374.88,27897816.4267,150153.7067
2022,2,14,12,50,2,272958763.588,34459209.5563,32896.8,41228792.1333,211775.3333
2022,2,14,12,55,2,259342102.402,32171162.6339,801.1733,24286987.2,80504.7733
2022,2,14,13,0,2,264279633.426,35037817.4635,67045.7333,29177395.6,86261.3867
2022,2,14,13,5,2,288337716.376,32383742.9893,161498.2667,23948976.8,142645.1733
2022,2,14,13,10,2,262065071.28,31970042.8059,25088.16,25173710.88,108228.2667
2022,2,14,13,15,2,249378558.623,29304387.7904,18543.2,29745550,105569.2
2022,2,14,13,20,2,246579470.891,33496933.4684,577.92,19731549.3333,61134.8267
2022,2,14,13,25,2,277952521.351,35942263.147,882431.7867,24652182.1867,148168.24
2022,2,14,13,30,2,265317646.266,29215265.2601,775075.84,33099735.36,16461.84
2022,2,14,13,35,2,272181756.568,29004684.9306,330371.7333,32172003.0933,4960
2022,2,14,13,40,2,268740614.521,32263047.5026,203363.2,27024408.9333,143053.7333
2022,2,14,13,45,2,275279394.022,33047730.7913,24572.3733,28111864.8533,101487.68
2022,2,14,13,50,2,287487802.296,36072161.0243,595.7333,40617633.6,199982
2022,2,14,13,55,2,306324406.857,32851536.8101,826626.5333,43193804.8,74610.32
2022,2,14,14,0,2,293125860.26,30539697.6208,1320774,45520346.6667,360992.1067
2022,2,14,14,5,2,310672048.101,30751745.6638,18429.2267,52167599.7867,74101.76
2022,2,14,14,10,2,314045027.696,26868315.4314,96450.3467,44084770.24,188575.2
2022,2,14,14,15,2,316630291.455,29323389.3553,26731.6,43292775.8667,116538.2667
2022,2,14,14,20,2,320742726.618,29990490.98,18755.52,41748709.6533,83858.7733
2022,2,14,14,25,2,361537321.949,30418681.9035,81029.2267,42974262.6133,57307.52
2022,2,14,14,30,2,358142973.972,29795244.2058,16287.6,48677996,54626.6667
2022,2,14,14,35,2,384239661.845,31474333.3799,89239.1467,52404930.56,101328.4
2022,2,14,14,40,2,367583384.178,32109604.5204,118819.6,49031614.4,69992.8
2022,2,14,14,45,2,363990240.472,32467279.6793,119304,48973608,67768
2022,2,14,14,50,2,335940555.729,31531137.0144,830564.3733,103576238.613,146205.3333
2022,2,14,14,55,2,361774964.298,34375436.8894,211731.6,50548190.8,82552.64
2022,2,14,15,0,2,384561569.603,35465417.8778,3799.7333,38706147.0667,30568.16
2022,2,14,15,5,2,368487788.294,34207835.2911,50865.6,48539693.6,26888
2022,2,14,15,10,2,341860131.272,33021715.4378,117257.2,54332156.8,57993.2533
2022,2,14,15,15,2,384766249.196,36922881.896,15055.0667,43656628.4,60576
2022,2,14,15,20,2,330034266.316,42121937.6111,417139.3333,56744942,101416.88
2022,2,14,15,25,2,348292086.745,44039161.1932,188621.2,46628092.4,67286.72
2022,2,14,15,30,2,359122980.952,40199239.1554,23418.56,58612574.8267,217105.28
2022,2,14,15,35,2,360264254.43,40024582.131,19619.4667,56563105.8667,79458.56
2022,2,14,15,40,2,350228762.447,37331335.8508,704.1333,53790642.9333,42637.3333
2022,2,14,15,45,2,334846438.041,38886706.6558,166775.4667,49098382.5067,54330.0267
2022,2,14,15,50,2,370991857.709,40461858.2523,1726489.1733,43010902.8267,18703.04
2022,2,14,15,55,2,374236772.699,39055228.9167,307314.5333,47701337.2,62996.6667
2022,2,14,16,0,2,375744419.268,39803969.0957,17183.7333,44034897.8667,10100.8
2022,2,14,16,5,2,412047638.975,41421047.3467,94723.3067,40798998.08,54437.3333
2022,2,14,16,10,2,394285284.2,44773195.978,4166.72,49092048.4267,54376.8
2022,2,14,16,15,2,409354460.406,45097506.7068,280536.5333,61007013.2267,40906.6667
2022,2,14,16,20,2,414900113.063,42906544.9774,368256.8,64231703.4667,114317.2
2022,2,14,16,25,2,415716627.711,47487882.3869,130448.8533,53214826.7733,52165.12
2022,2,14,16,30,2,394610945.44,40016727.158,136916.9067,58505475.4133,22074.88
2022,2,14,16,35,2,414327810.2,47670786.5831,87769.92,39032193.92,28031.9733
2022,2,14,16,40,2,426223951.286,42235810.462,223881.7333,53436376.2667,40187.84
2022,2,14,16,45,2,379570599.644,38411351.4583,131566.8267,59375603.84,41048
2022,2,14,16,50,2,362428720.021,38622863.4592,245814.8267,60248373.0133,21035.3333
2022,2,14,16,55,2,366131351.004,40600088.0206,79105.92,60296597.6533,95548.7467
2022,2,14,17,0,2,412477874.793,40418811.5682,20292.0533,51019256.32,178914.1333
2022,2,14,17,5,2,401450268.442,39321670.6027,13612.2667,66375133.8667,157312.5333
2022,2,14,17,10,2,411589018.776,43194396.8739,456.4267,55771573.2267,75690.56
2022,2,14,17,15,2,386695726.191,45718912.4152,798188.1333,45485711.8667,147350.5067
2022,2,14,17,20,2,344901626.665,45108799.76,132134.2667,61294297.2,127484.48
2022,2,14,17,25,2,335004770.411,40549291.5613,2832358.2667,47010945.4667,45338.6133
2022,2,14,17,30,2,363566804.348,41662980.8316,80311.8667,41311806.5333,118524
2022,2,14,17,35,2,383421086.357,48092812.4875,112160.4,62679540.6667,54573.68
2022,2,14,17,40,2,398814229.697,49911550.6217,80928.8,59359044.32,75318.6667
2022,2,14,17,45,2,388441847.299,46562048.2537,98758.5333,51245814,39776.2667
2022,2,14,17,50,2,416995939.508,48364476.3621,52761.12,58387981.12,45838.2133
2022,2,14,17,55,2,397139942.178,50317202.9102,13143.4667,60050436.4,62031.4933
2022,2,14,18,0,2,393572260.474,55132418.4615,101853.3333,45119871.3333,36826.24
2022,2,14,18,5,2,408185643.394,56531718.1608,19903.8933,54944094.6133,47480.72
2022,2,14,18,10,2,463752093.56,61475476.6338,215233.1733,59286834.6667,162919.2
2022,2,14,18,15,2,439306309.287,98982439.0646,159748.8,72370750.6667,91557.2533
2022,2,14,18,20,2,480748404.047,93006165.2003,37321.6,33090368,88162.4
2022,2,14,18,25,2,442678000.915,93355116.8714,109116.64,26730070.88,88046.64
2022,2,14,18,30,2,430490598.564,99542883.2808,325171.7333,23271956.5333,142898.6667
2022,2,14,18,35,2,429911850.725,69438954.147,185634.56,36647723.4133,41523.2
2022,2,14,18,40,2,414111193.034,84149615.7547,133996.8,40511298.6667,85679.04
2022,2,14,18,45,2,500021158.032,83409044.2101,133352,40558536,89208
2022,2,14,18,50,2,533620360.186,75493479.8274,179275.4133,84979461.2267,324218.2933
2022,2,14,18,55,2,487345148.098,72511214.3859,579074.2667,59389132.6667,116421.12
2022,2,14,19,0,2,472327955.202,72136319.5684,251616.8,36135776.8,13536.48
2022,2,14,19,5,2,411905584.319,72459306.7707,78580.8,37821720.1333,163315.2
2022,2,14,19,10,2,409513160.734,76006363.3836,300848.6667,35696543.3333,98961.7067
2022,2,14,19,15,2,401890854.684,65319973.8735,210743.8667,44788274.2667,26731.1467
2022,2,14,19,20,2,439082085.718,48496798.3431,152177.92,32655140.0533,94350.72
2022,2,14,19,25,2,449739179.143,47496790.0821,421312.64,33708079.1467,137969.44
2022,2,14,19,30,2,419729903.573,49882024.8804,44998.6133,44972883.52,88005.8667
2022,2,14,19,35,2,404973568.861,43540726.3833,395356.0533,43413747.52,17112.96
2022,2,14,19,40,2,398584115.643,46520672.6994,1480339.8667,55698944.4,181451.84
2022,2,14,19,45,2,382076684.116,48309968.8436,400917.6,51535274.5333,38354.6667
2022,2,14,19,50,2,382356680.84,46997617.8724,65222.4,48111391.8667,6924.48
2022,2,14,19,55,2,373719159.631,47124991.0298,17761.3333,46608998,163983.36
2022,2,14,20,0,2,380765408.116,51168142.572,81279.3333,46946032.2667,60587.84
2022,2,14,20,5,2,402252946.143,57642961.2154,147645.6,44282229.0667,14880.1067
2022,2,14,20,10,2,363946798.154,52257640.1984,84279.2533,43548708.9067,236458.6667
2022,2,14,20,15,2,415814077.833,51736403.2203,625932.5867,41912323.6267,165787.6
2022,2,14,20,20,2,430556233.711,50914401.9655,63483.7333,48363185.0667,18184.64
2022,2,14,20,25,2,414140902.664,52321256.7822,33765.2,41001355.3333,83979.0933
2022,2,14,20,30,2,420223849.777,47733500.7911,92520.96,27863393.8133,44871.36
2022,2,14,20,35,2,438569252.365,40733679.4391,664165.8667,32322028.0533,1014108.8
2022,2,14,20,40,2,431279811.411,40828579.8741,147259.6,51253776.4,8176005.36
2022,2,14,20,45,2,461584990.951,42474296.358,162335.1467,61544911.04,9202352.8
2022,2,14,20,50,2,472758468.494,48867212.0021,325059.7333,64465673.2,8995965.28
2022,2,14,20,55,2,496848836.659,51248121.2181,43119.1467,54466610.6667,9168975.3333
2022,2,14,21,0,2,540809745.764,45819232.4396,804530.6667,53983841.28,9043178.48
2022,2,14,21,5,2,583281284.79,47045449.6011,149572.2667,61886741.0667,8958580.88
2022,2,14,21,10,2,586356514.106,49531610.2686,661750.2933,74868304.64,9222917.44
2022,2,14,21,15,2,592869207.826,48903141.4268,307167.2533,72232627.4133,8894465.92
2022,2,14,21,20,2,602967856.11,46213732.0251,98368.1333,78260296.6667,9462769.3333
2022,2,14,21,25,2,591585622.319,47926630.3312,345856.8533,79772711.2533,8814505.68
2022,2,14,21,30,2,626692602.437,49641029.6985,559644.8,76475281.28,13166449.12
2022,2,14,21,35,2,618817446.043,45215925.1001,263812.16,80350672.2133,13381926.1867
2022,2,14,21,40,2,587906882.923,44891780.849,143065.1733,85230997.5467,11323692.8
2022,2,14,21,45,2,558296223.675,42774925.102,268031.2,101397284.8,16934599.6
2022,2,14,21,50,2,534265125.612,44270429.6146,361649.6,92074172.2667,10524074.56
2022,2,14,21,55,2,546786450.26,43071250.6329,238611.6267,87992274.88,17683567.9467
2022,2,14,22,0,2,557020839.256,46459663.0874,267112.1067,79224085.3333,18690401.28
2022,2,14,22,5,2,556395553.844,50059981.1679,393599.0667,84259639.4667,18942197.2
2022,2,14,22,10,2,592148850.635,47703357.0502,45635.0933,85317966.6133,18821879.3333
2022,2,14,22,15,2,566303256.46,52218058.828,449420,86872529.8667,17888469.7067
2022,2,14,22,20,2,555155578.624,52459157.0555,276226.0267,107810124.587,18872466.88
2022,2,14,22,25,2,549539096.012,57222407.9644,90745.6,117160304.96,19757498.88
2022,2,14,22,30,2,524769859.053,60836450.0171,192503.4667,87675712.32,17137774
2022,2,14,22,35,2,518226535.303,50837534.7655,426725.8667,98977901.0133,17767049.28
2022,2,14,22,40,2,523387498.486,55366475.9828,71624,87070060.1333,13906387.2
2022,2,14,22,45,2,528130017.025,53339590.5214,568262.6133,95094999.2533,9220489.44
2022,2,14,22,50,2,532030415.862,53264500.3936,575056,95206208,8901024
2022,2,14,22,55,2,484914008.23,47314971.5036,139059.84,168299319.253,16844335.76
2022,2,14,23,0,2,526467133.52,48572946.7353,19323.36,77021020.48,9501544.8
2022,2,14,23,5,2,498687028.299,52528830.8634,118026.7733,68066710.5067,8769254.4
2022,2,14,23,10,2,488766282.723,46981395.6818,659013.8667,62969816.4,8743483.5467
2022,2,14,23,15,2,499183202.177,60192248.6025,1200473.7333,67623581.8667,9080439.7333
2022,2,14,23,20,2,489531551.152,59179597.3199,1066263.5733,57834845.5467,8185056.48
2022,2,14,23,25,2,494422752.744,55177866.7989,1115058.4533,64655277.76,8754304.7467
2022,2,14,23,30,2,448818215.645,49061679.6414,1158900.5333,72772060.1333,9018983.84
2022,2,14,23,35,2,402231894.256,54597523.5209,681873.6,66055402.4,8625088.48
2022,2,14,23,40,2,395114019.17,44445580.6227,1091991.6,62780757.8667,5290170.1333
2022,2,14,23,45,2,412319025.721,42520994.6754,1152423.8667,56601985.6,504925.3333
2022,2,14,23,55,2,368315241.633,51201400.0242,59697.1733,55452614.9333,68143.4133
2022,2,15,0,0,3,373352531.434,48680067.8554,83856.7467,49245207.1467,67416
2022,2,15,0,5,3,378980992.366,49592820.2629,74373.6,46253136.1333,117949.76
2022,2,15,0,10,3,358175095.408,44426554.666,11795.3067,41280163.84,82793.8667
2022,2,15,0,15,3,356565960.182,48817800.7051,73648.7467,56433193.92,233910.08
2022,2,15,0,20,3,319812939.549,44350631.3184,1514.24,53304593.7067,80173.0133
2022,2,15,0,25,3,298406923.178,43528014.1465,433.28,42616323.2,199021.52
2022,2,15,0,30,3,295904539.772,42879328.3612,510.9333,42257513.1733,55377.3333
2022,2,15,0,35,3,265829961.001,41338480.3563,275.2,44671380.9067,19049.9733
2022,2,15,0,40,3,280565588.515,42347234.8477,18647.68,41468246.9333,78548.4
2022,2,15,0,45,3,262563447.397,40022430.2909,290642.1333,42680386.1333,21607.0933
2022,2,15,0,50,3,250074049.187,42765770.6891,397202.16,41367421.28,3779.7867
2022,2,15,0,55,3,232410564.643,44874755.9566,282957.76,46695102.1867,49561.12
2022,2,15,1,0,3,213956693.075,39831270.4741,26394.1333,46339758.1333,15471.36
2022,2,15,1,5,3,207651164.227,39434969.606,40185.04,43505190.8,15435.0133
2022,2,15,1,10,3,208656624.749,47930251.3076,1082.88,51320537.28,84190.4
2022,2,15,1,15,3,218493194.114,55554326.5877,41202.6667,54067566.4,40681.0667
2022,2,15,1,20,3,196297240.487,52802780.619,92079.8933,73452673.3867,16971.7333
2022,2,15,1,25,3,181509462.8,54970901.3202,41256,58574659.7333,54498.72
2022,2,15,1,30,3,169257502.7,50984094,78305.92,40496344.8533,53092.9067
2022,2,15,1,35,3,170945159.806,50370246.1447,1540.2667,37687327.68,5749.12
2022,2,15,1,40,3,166299139.179,44624891.1861,527.5733,41654038.9333,34539.4667
2022,2,15,1,45,3,175437675.322,41235095.1801,504.32,36647135.5733,27603.68
2022,2,15,1,50,3,166737846.126,44026833.6932,83873.3867,39691251.0933,26888
2022,2,15,1,55,3,148005402.086,43187219.1103,18400.8,42044263.3333,48917.84
2022,2,15,2,0,3,148157041.681,46021486.0616,727.5733,35001620.16,17439.4133
2022,2,15,2,5,3,159512051.149,49038213.5232,37397.44,40735154.56,210232.5333
2022,2,15,2,10,3,120137721.657,42255279.2494,146192.5333,33795973.2267,49865.92
2022,2,15,2,15,3,156468559.976,47972392.4424,10525.12,27063103.1467,36744
2022,2,15,2,20,3,127784961.814,48539545.2994,592.9333,34736242.4,16965.2267
2022,2,15,2,25,3,123458494.071,46411640.1957,369.1733,26959785.28,22616.8
2022,2,15,2,30,3,123777581.137,41127528.4423,69797.76,27625566.8267,23160
2022,2,15,2,35,3,110831485.866,34947902.3737,1329.92,27483571.9467,130444.8
2022,2,15,2,40,3,99489997.6584,43399372.913,17544.2133,21864000.32,42707.68
2022,2,15,2,45,3,101107183.999,46496647.427,462.88,19141540.8,51497.0667
2022,2,15,2,50,3,112553143.727,41294049.7611,288,19114808,52640
2022,2,15,2,55,3,100432376.068,48487012.1258,737.92,36776946.4533,61612.64
2022,2,15,3,0,3,102967048.225,41387324.2567,420.3733,20073089.1733,32049.0133
2022,2,15,3,5,3,86926989.906,42453384.8992,542.2933,23063021.5467,3231.4667
2022,2,15,3,10,3,85774481.5256,42872313.4982,473.2,16431826.4,33856.8
2022,2,15,3,15,3,80893346.3259,47362995.0394,495.68,14672328.2133,23990.8
2022,2,15,3,20,3,99332487.8578,50222960.5817,16827.3067,10119527.68,32962.1333
2022,2,15,3,25,3,84965818.5444,39118563.2971,12746.1333,13588881.4933,14648.32
2022,2,15,3,30,3,96018511.7518,39628605.6245,445.44,8422003.4133,13208
2022,2,15,3,35,3,80572129.6314,44173639.3627,501.0133,7984795.9467,1628.3733
2022,2,15,3,40,3,85695301.3057,46154774.8292,401.7333,9806904.8,815.7867
2022,2,15,3,45,3,83536684.574,48278621.0465,407.8933,12375294.5067,824
2022,2,15,3,50,3,85484663.9687,46835275.6384,368.5333,16024099.2,63.1733
2022,2,15,3,55,3,74270388.3719,38225938.2727,336.4267,16515073.28,55962.6667
2022,2,15,4,0,3,80612245.7131,33331984.9577,391.2533,14275370.9867,10213.76
2022,2,15,4,5,3,68872592.9994,33926168.7089,477.36,21172826.08,35532.7733
2022,2,15,4,10,3,70233861.726,41523462.5341,589.76,7306698.88,55981.92
2022,2,15,4,15,3,66200732.3157,38563549.0789,592,7019344,57432
2022,2,15,4,20,3,70544645.5762,37790662.9248,781.44,14524491.0933,41908.48
2022,2,15,4,25,3,82238710.7056,51847575.9817,515.6267,8858782.1867,36484.0533
2022,2,15,4,30,3,80206110.6159,48167699.4649,394,8954921.6,28129.28
2022,2,15,4,35,3,78498316.7852,50950596.3642,399.8933,9991093.5467,71310.2933
2022,2,15,4,40,3,81457982.6667,45685639.1708,360.5333,14088695.68,75480
2022,2,15,4,45,3,81900280.7702,45728179.4726,407.2,13821732.1333,17209.92
2022,2,15,4,50,3,87613051.4607,40308603.499,636.9067,11815264.64,12824
2022,2,15,4,55,3,88358893.6875,42526202.087,443.3333,9918199.3333,55791.68
2022,2,15,5,0,3,93046306.8937,33215781.7823,534.72,8258488.2133,29205.3333
2022,2,15,5,5,3,78425155.45,36458270.235,17514.56,14090641.8133,34290.8267
2022,2,15,5,10,3,99881627.7433,35540380.2905,828.5867,10218223.04,55843.52
2022,2,15,5,15,3,104945512.727,37915368.7474,402.6667,8362523.4133,5636.9333
2022,2,15,5,20,3,78647467.1966,38083668.0494,400,10100196.8,96
2022,2,15,5,25,3,90517932.3756,38501055.695,392.16,11209314.88,20035.3333
2022,2,15,5,30,3,96974562.1235,39871495.7294,23077.44,11081956.3733,16029.92
2022,2,15,5,35,3,88872350.0656,40903235.7172,28490.9867,9081233.4933,36214.9333
2022,2,15,5,40,3,90459708.8112,46084557.4326,17263.4667,8660009.6,37688
2022,2,15,5,45,3,86145252.2435,40250193.0313,519.68,8298941.0133,25894.08
2022,2,15,5,50,3,93259437.8235,41886301.7934,462.32,5642290.48,67090.24
2022,2,15,5,55,3,104478425.352,45727585.0068,37649.4933,13047179.9467,20495.2533
2022,2,15,6,0,3,137641229.289,43143768.3367,1076.4,8502506.5333,13104
2022,2,15,6,5,3,93669113.1413,35799075.5124,99489.3333,14647851.2,86186.48
2022,2,15,6,10,3,92158647.4567,35264990.4523,1861.9733,10687890.56,65596.48
2022,2,15,6,15,3,107987033.177,39430461.463,291.8667,11318264.5333,40209.1733
2022,2,15,6,20,3,127209036.021,40150624.9693,666.88,10685405.12,28308.56
2022,2,15,6,25,3,128024282.002,38396165.6741,577.6,13481013.2,49935.7867
2022,2,15,6,30,3,117863121.183,38861567.6276,17182.5333,8765253.7333,58489.12
2022,2,15,6,35,3,158145384.751,32049905.1745,698.56,14765757.12,5661.6533
2022,2,15,6,40,3,152427701.958,36370723.1232,503.5733,11808063.36,31204.8
2022,2,15,6,45,3,152425811.946,36886349.6572,322.4533,14647782.2933,35519.2533
2022,2,15,6,50,3,189992113.326,38692816.3851,320,14686712,35576
2022,2,15,6,55,3,161187341.586,42893137.9801,927.7867,18547680.7467,49115.76
2022,2,15,7,0,3,187727876.647,48483111.3781,525.5467,9617937.28,7750.72
2022,2,15,7,5,3,158195740.051,33579447.3332,401.6,15498405.9733,75167.52
2022,2,15,7,10,3,135253454.434,31786172.425,875.2,19335389.84,26773.44
2022,2,15,7,15,3,146000402.257,33369920.7887,580.0533,6387310.72,25919.76
2022,2,15,7,20,3,128983617.608,33256885.9083,512.8533,14290721.7067,23763.2
2022,2,15,7,25,3,147596621.039,36555416.6669,637.8667,10364768,23592
2022,2,15,7,30,3,201379339.553,33842687.9372,529.4933,11047316.16,43438.4
2022,2,15,7,35,3,148144100.383,30224989.8386,559.5733,10030280.8533,44856
2022,2,15,7,40,3,158430598.524,30044150.3367,575.7867,9747955.6267,38439.3333
2022,2,15,7,45,3,142624370.632,30668123.9751,331.3067,10219072.5333,17742.1067
2022,2,15,7,50,3,128924490.121,38404416.6844,15759.4667,9900953.6,229771.12
2022,2,15,7,55,3,173399610.351,36147035.2574,265057.92,7706775.7867,33466.32
2022,2,15,8,0,3,189676699.23,29651054.7502,34697.4667,15285493.6,17480
2022,2,15,8,5,3,184531628.205,34566859.8947,17988.2667,16270369.4933,77120.2667
2022,2,15,8,10,3,187668051.791,33452885.7586,1723091.7333,12492094.08,81840
2022,2,15,8,15,3,181248612.237,27827140.6693,3950744,10553244.5867,24846.2667
2022,2,15,8,20,3,166112055.182,28351854.1015,98485.4667,15796215.7333,21697.2
2022,2,15,8,25,3,154092603.448,28549538.36,44716.1333,17910431.3333,160218.6667
2022,2,15,8,30,3,180752563.683,38893902.3031,1260,11307322.8,41456.7733
2022,2,15,8,35,3,195914345.332,40016928.804,105524.2667,15758371.7333,37876.56
2022,2,15,8,40,3,194791663.18,44251804.8116,2346.9333,12483190.5333,39384
2022,2,15,8,45,3,196512322.322,41087143.5252,39956.4,9148894.4,31583.68
2022,2,15,8,50,3,183521784.318,42474212.1771,26463.36,8219954.56,30936
2022,2,15,8,55,3,187826812.284,39248652.9042,713.2,5165057.8667,157432.6667
2022,2,15,9,0,3,222749067.076,38070732.5292,287.8933,2967337.92,31330.5067
2022,2,15,9,5,3,189052485.557,36196109.1153,462.24,2348787.04,122283.2
2022,2,15,9,10,3,211870373.86,36719078.817,61463.68,1020896,61889.0667
2022,2,15,9,15,3,196832431.041,37511725.9153,52937.2,570644.8,35513.92
2022,2,15,9,20,3,186461390.55,33179428.3012,92745.3333,1568954.4,56801.6
2022,2,15,9,25,3,157699842.997,32689682.0191,49321.44,2232179.9467,170934.2933
2022,2,15,9,30,3,180183626.249,38166938.3407,1896.5333,1759036,78170.96
2022,2,15,9,35,3,179522083.985,36355797.7875,281.7333,6902056.5067,45945.28
2022,2,15,9,40,3,241324678.958,40841041.6787,671.68,7336193.92,38153.28
2022,2,15,9,45,3,245710262.569,45617268.049,474.4533,7383554.4,11060.9333
2022,2,15,9,50,3,251598998.668,42888903.0712,363.12,9926243.2,60151.2
2022,2,15,9,55,3,232406705.916,47065055.85,360,10004824,77808
2022,2,15,10,0,3,229860497.331,45069909.5665,666.8,10666080.2667,138613.12
2022,2,15,10,5,3,217332216.974,39922160.659,498.3467,8121876.5867,79045.0667
2022,2,15,10,10,3,220979802.381,42778008.5359,314.4533,11723273.8133,26792.48
2022,2,15,10,15,3,234468853.459,43793179.2792,36852.6667,16557968.8,8233.6
2022,2,15,10,20,3,234148231.312,42019675.9762,20188.9333,13927746.8,16630.32
2022,2,15,10,25,3,217113463.931,42240511.3429,2190373.2267,13064895.1467,178511.28
2022,2,15,10,30,3,223602216.817,41514781.9525,1670912.1067,11497314.3467,61756.8533
2022,2,15,10,35,3,245743922.98,42805095.9531,180023.6,25166034.2667,38907.9467
2022,2,15,10,40,3,256235948.601,42332292.3647,97266.56,37707141.12,39132.2667
2022,2,15,10,45,3,255477393.008,40780282.922,31091.7333,26108506.1333,22873.12
2022,2,15,10,50,3,274262472.508,43435545.8165,30208,25949520,21640
2022,2,15,10,55,3,281032342.444,40196187.2226,26963.84,59232920.32,189583.12
2022,2,15,11,0,3,246216753.083,39424771.6955,136785.8667,35102784.6667,26003.52
2022,2,15,11,5,3,271454364.482,39134360.2579,24463.04,26607507.2,41017.04
2022,2,15,11,10,3,276943088.234,41876554.2744,39314.4,20522513.84,142346.64
2022,2,15,11,15,3,249830878.396,43128923.6564,201632.7467,31100131.52,39508.4533
2022,2,15,11,20,3,255130564.942,41067152.1935,49896.9333,26763333.6,8304.7467
2022,2,15,11,25,3,274646662.589,40172950.7395,42836.16,32999414.4,42219.92
2022,2,15,11,30,3,280036084.999,45482854.5385,22876.9067,44382282.1333,30015.4667
2022,2,15,11,35,3,284173096.503,41679902.5031,49748,34216095.8667,174498.88
2022,2,15,11,40,3,259468965.004,41432651.2442,15106.3467,27984519.04,87898.1333
2022,2,15,11,45,3,290456054.949,40782113.9265,305809.1733,43561135.1467,11357.3333
2022,2,15,11,50,3,275123038.907,37468988.1379,43655.76,27197633.28,105787.4133
2022,2,15,11,55,3,227209462.428,35227904.5336,643166.1867,30971712.4267,89066.56
2022,2,15,12,0,3,204407752.381,37463169.2267,2304854.72,35173680.4267,64824.6667
2022,2,15,12,5,3,233886047.869,37540568.8956,1460377.8133,31989877.9733,134723.6
2022,2,15,12,10,3,218454387.327,40546145.6549,1425897.8667,31929135.4667,181952.0533
2022,2,15,12,15,3,200919188.872,36763569.2398,3089379.52,26853380.96,52871.36
2022,2,15,12,20,3,199147654.058,36420678.8791,70510.4,22144845.12,466371.2
2022,2,15,12,25,3,213246655.983,33757110.6776,11480.2133,22473904.32,101721.0133
2022,2,15,12,30,3,203567761.308,32879513.8836,11089.52,20365945.92,168661.0133
2022,2,15,12,35,3,217268627.572,33051036.8105,62568.32,23626048.1067,82949.8667
2022,2,15,12,40,3,220739455.961,36325056.1611,110923.9467,16409914.56,73143.8933
2022,2,15,12,45,3,216072029.128,39576660.4327,2182,21011189.3333,67513.92
2022,2,15,12,50,3,232947097.326,34910617.8572,21079.5733,31421421.5467,63316.96
2022,2,15,12,55,3,218831020.387,30547021.0242,241854.8,28735521.8667,49921.3067
2022,2,15,13,0,3,238682503.885,32215208.6693,627305.7067,30207493.3333,135020.24
2022,2,15,13,5,3,232493509.642,34333971.872,766653.6,29183975.8667,32291.68
2022,2,15,13,10,3,251227020.258,37906712.6836,1342733.8667,29121051.2,145887.76
2022,2,15,13,15,3,240527591.098,38486674.1013,1130074.56,33425771.84,183408.96
2022,2,15,13,20,3,248864628.107,36076430.5724,752052.16,26929809.4933,162828.3733
2022,2,15,13,25,3,268830900.563,33881864.7223,298555.84,31363914.7733,98066.2933
2022,2,15,13,30,3,262989024.88,31820401.0817,94027.8667,22031138.5333,150953.6533
2022,2,15,13,35,3,276190832.977,34892706.9795,188446.6667,23154548.5333,37771.52
2022,2,15,13,40,3,300142959.9,29259223.0485,2976.7467,25934218.6667,57189.6533
2022,2,15,13,45,3,294903888.046,28054454.718,361.4667,39739067.2,161393.6533
2022,2,15,13,50,3,295923357.105,25836192.7999,103833.7067,34985652.6933,17348.64
2022,2,15,13,55,3,313844689.139,25519621.358,66811.2,40059791.4667,72759.04
2022,2,15,14,0,3,314347584.672,35834794.3151,16795.0933,40410462.8267,46666.9867
2022,2,15,14,5,3,304223696.332,33943650.6108,64193.3333,42229823.7333,20040.32
2022,2,15,14,10,3,321219328.588,32704954.392,15290.6667,32369352.2667,300228.16
2022,2,15,14,15,3,350932011.472,34025102.412,425835.3333,37694855.7333,227141.92
2022,2,15,14,20,3,340390796.348,35180059.2009,164625.4667,31644801.3333,29844.16
2022,2,15,14,25,3,339860857.633,38910457.2631,208481.92,29037451.4133,79580.48
2022,2,15,14,30,3,335440640.494,38649372.6327,125875.2,26618482.1333,12677.8667
2022,2,15,14,35,3,351801078.128,36801340.389,165888.2133,25364684.9067,30561.0133
2022,2,15,14,40,3,367855874.672,41140387.0261,55041.4933,25974189.8667,26087.76
2022,2,15,14,45,3,336876160.867,37852096.0382,200130.9867,50294004.16,19899.84
2022,2,15,14,50,3,344208567.588,46469363.841,202112,50622536,19536
2022,2,15,14,55,3,305029985.482,43445294.7444,209451.6,81244110.2667,127034.16
2022,2,15,15,0,3,321021909.73,43103417.168,558966.1333,31586420.5333,65333.44
2022,2,15,15,5,3,313609394.347,46425519.123,263232.8,34442505.3333,50475.1467
2022,2,15,15,10,3,362469661.451,41595143.3367,182288.7467,23891115.3067,42175.36
2022,2,15,15,15,3,343560254.758,35766967.8397,87469.7333,21690798.4,35807.6267
2022,2,15,15,20,3,383777375.185,36591482.2713,140415.04,19521452.3733,17714.1333
2022,2,15,15,25,3,375628917.395,36727773.6448,98977.92,26601541.3333,63826.96
2022,2,15,15,30,3,508485495.521,44268409.0231,176272.2667,27096872.8,168547.52
2022,2,15,15,35,3,426408868.87,45028986.562,511669.44,25592208.7467,33442
2022,2,15,15,40,3,399453833.129,39322346.1607,756820.16,28810931.7333,41212.2667
2022,2,15,15,45,3,383155707.139,40333565.3031,163564.9067,21942362.0267,40493.76
2022,2,15,15,50,3,358825403.26,38527029.1253,211767.68,17528536,60560.08
2022,2,15,15,55,3,383935871.685,40564782.4585,138188.5867,12428340.5867,61592.72
2022,2,15,16,0,3,368008976.723,42021607.365,279783.0667,17257270.9333,102367.28
2022,2,15,16,5,3,365427508.097,48344351.4704,2358391.36,36805989.76,12149.84
2022,2,15,16,10,3,394621784.523,48845533.1335,51568.4267,30901749.76,40170.3467
2022,2,15,16,15,3,393106779.985,43694370.9991,701.0133,31233636.8,176143.4133
2022,2,15,16,20,3,422432887.769,47648277.3664,79633.8133,38638324.48,42712
2022,2,15,16,25,3,447002818.07,42152900.3008,71089.92,44952464.96,31938.9867
2022,2,15,16,30,3,426048142.681,154811612.726,58638.5067,47867091.9467,69889.3333
2022,2,15,16,35,3,431490047.306,40785429.9904,310924.48,43328702.5067,144247.4667
2022,2,15,16,40,3,457124468.153,39351694.5627,824528.6667,46007752.1333,78828.3733
2022,2,15,16,45,3,445420695.521,43885652.3173,117542.72,45562303.36,139775.04
2022,2,15,16,50,3,426725126.311,43223229.7029,1689551.8667,52790574.2667,57523.3333
2022,2,15,16,55,3,463322461.329,46297895.8281,2073667.52,39769876.48,30489.9733
2022,2,15,17,0,3,396590142.278,47349224.154,2487133.8667,51558873.0667,5973.0133
2022,2,15,17,5,3,380059176.6,39468102.3893,1998107.0933,51417858.88,75518.4
2022,2,15,17,10,3,395859270.091,43847667.4126,798299.3067,37629853.12,134341.3333
2022,2,15,17,15,3,403142280.429,37764374.8992,376032.4267,30721937.0667,47764.8267
2022,2,15,17,20,3,363763555.408,36793557.8443,49885.2267,31384735.7867,134139.3333
2022,2,15,17,25,3,344931071.585,35669887.6747,72657.7067,45934313.7067,37922.2933
2022,2,15,17,30,3,391460401.404,43793847.195,80088.5333,36378207.68,21437.12
2022,2,15,17,35,3,359148987.93,37663542.8117,20620.9067,43515473.4933,59098.24
2022,2,15,17,40,3,369074548.349,42352343.4411,22278.72,37067439.04,281383.76
2022,2,15,17,45,3,387439063.07,38711233.0719,283485.3333,31165871.2,38886.6133
2022,2,15,17,50,3,375020897.814,32288797.4344,53456.32,38268574.08,46310.6133
2022,2,15,17,55,3,399183756.281,35045252.4178,45962.4533,34959677.8667,77135.9467
2022,2,15,18,0,3,399593625.088,40112441.6935,45588.2667,37550273.92,68606.9867
2022,2,15,18,5,3,382209046.805,49007279.7565,117989.5467,35783903.36,177335.3067
2022,2,15,18,10,3,382037436.687,49730150.633,1075538.9333,42200629.2,280280.24
2022,2,15,18,15,3,392634115.65,41941491.2912,2133940.3733,30238588.48,56146.88
2022,2,15,18,20,3,378625101.376,40704566.8913,2305978.8,38333261.3333,75090.6667
2022,2,15,18,25,3,390379919.412,42569747.7881,1520283.36,32025512.4,107513.04
2022,2,15,18,30,3,390221713.846,47850737.2824,2828783.0667,39705848.9333,203898.6133
2022,2,15,18,35,3,405640306.652,49604406.2362,1100970.3467,36131602.6667,460610.88
2022,2,15,18,40,3,386683017.283,46185563.0074,1408721.6,37627808.32,381509.44
2022,2,15,18,45,3,370725074.032,46066344.6796,635597.44,39337879.04,120630.64
2022,2,15,18,50,3,406817494.663,45985389.7718,619728,39372352,103520
2022,2,15,18,55,3,393695198.414,52511485.8532,1022951.04,71487791.5733,246241.52
2022,2,15,19,0,3,400350232.914,50307477.1673,58009.3867,41476439.5733,182813.6
2022,2,15,19,5,3,381588177.675,52024252.544,520335.1467,42128311.1467,4624306.4533
2022,2,15,19,10,3,374225484.149,45506956.5455,84409.4667,36439724.2667,3996087.3067
2022,2,15,19,15,3,366442627.618,48924182.6673,856299.7333,23341836.2667,686158.56
2022,2,15,19,20,3,393044857.935,46312665.7184,1071277.2267,21022393.6,228974.8267
2022,2,15,19,25,3,363220441.885,45673285.6393,1352366.8267,25699966.08,181709.12
2022,2,15,19,30,3,371629589.002,43287558.1381,86023.2,33047369.7333,216758
2022,2,15,19,35,3,415200711.389,50514616.3404,61207.7333,28004831.2,129970.8
2022,2,15,19,40,3,429566558.698,49340340.2702,68562.4,38108869.0667,261692.5867
2022,2,15,19,45,3,389483959.705,53050135.9922,122094.2933,44166016.96,310470.4
2022,2,15,19,50,3,361888859.229,52057427.8276,1087986.8,41170382.16,185649.52
2022,2,15,19,55,3,339478156.298,48631862.1858,314227.9467,36510156.2667,159720.9067
2022,2,15,20,0,3,378728013.006,50140095.5107,32125.12,33228540.8,138249.6
2022,2,15,20,5,3,377923013.82,52453708.7642,157028.8,31908728.4,322597.44
2022,2,15,20,10,3,385764951.406,49896580.061,96487.5733,42807743.68,179458.32
2022,2,15,20,15,3,363950250.973,50198916.3555,2135246.4,41093413.7333,248740.8
2022,2,15,20,20,3,374952245.296,47059821.9049,1791646.4,48187444.2667,98959.8933
2022,2,15,20,25,3,382579483.56,44891935.9772,1576336.5333,52122966.5067,149211.52
2022,2,15,20,30,3,378613073.843,42973623.5521,1349547.7333,45273279.7333,140959.76
2022,2,15,20,35,3,393212130.359,45588376.6018,1230387.3333,54502140,46482.64
2022,2,15,20,40,3,393918239.669,47515092.3382,2652660.5333,51916092.1333,128164.6667
2022,2,15,20,45,3,407359721.606,50039504.1474,3726150.4,51832272.2667,79221.12
2022,2,15,20,50,3,451200024.267,52786702.9562,4202112.4267,54970400.32,449001.0667
2022,2,15,20,55,3,472977205.135,52460548.3429,3169628.6667,45737260.8,494616
2022,2,15,21,0,3,477693499.826,45835241.7687,1596666.3467,51347217.28,395760.4
2022,2,15,21,5,3,444337675.914,41299903.0124,521436,37101973.7333,223300.56
2022,2,15,21,10,3,449739564.99,41323445.1267,980248.6667,52241278.9333,133539.7067
2022,2,15,21,15,3,442934827.751,41388016.5743,2494338.4,49214551.3333,180282.7733
2022,2,15,21,20,3,437506857.314,43859564.1375,1448328.2133,53990933.3333,187824
2022,2,15,21,25,3,432057956.078,47821289.6347,584373.8667,50396548.5333,170605.68
2022,2,15,21,30,3,452949795.243,48807597.0915,934955.84,43493020.6933,165452.4
2022,2,15,21,35,3,456422944.901,43619135.2485,1592114.1333,47378563.3067,164896
2022,2,15,21,40,3,453770161.137,43513417.3261,645521.3333,52472115.7333,169355.0667
2022,2,15,21,45,3,453533084.058,45179159.9023,230462.08,37936493.6533,95722.56
2022,2,15,21,50,3,443819579.929,40286882.836,528191.7867,32733733.5467,90690.0533
2022,2,15,21,55,3,458864536.18,41032006.7163,657352.2667,42416058.4,136271.3333
2022,2,15,22,0,3,445308404.372,42270665.1108,329751.68,53550543.1467,125317.04
2022,2,15,22,5,3,438621532.486,39660261.3249,588074.1333,50017412,124064
2022,2,15,22,10,3,480370533.848,42881124.1631,1510278.4,53668204.64,209853.28
2022,2,15,22,15,3,491425086.172,40386449.6459,715797.3333,46515490.3467,256792.8533
2022,2,15,22,20,3,471728127.123,50709410.5478,249923.0933,58248920.1067,311512.4267
2022,2,15,22,25,3,494441973.944,48985444.3319,321718.9333,57858188.4,206460.16
2022,2,15,22,30,3,465264174.932,48243822.1014,989307.3333,57958800.5333,144901.0667
2022,2,15,22,35,3,448994360.974,46941541.7559,962072.64,51173660.2667,113622.08
2022,2,15,22,40,3,429154444.871,41757202.3292,691157.9733,56222208.96,135469.6533
2022,2,15,22,45,3,400308123.02,39140381.5112,321853.2267,60894645.6533,139394.1333
2022,2,15,22,50,3,505467768.251,38490442.5176,316912,60956848,139496
2022,2,15,22,55,3,436358165.284,35736409.0355,2757562.24,111072560.64,348634.6933
2022,2,15,23,0,3,429589092.614,37289141.0345,1907746.6667,67351285.2,109629.12
2022,2,15,23,5,3,412994348.867,40409161.8631,439739.7333,55343450.88,99009.36
2022,2,15,23,10,3,439212309.066,42271576.1379,130805.44,61576324.5867,72769.2
2022,2,15,23,15,3,414866918.359,39929832.6262,167818.4,60266762.4,93427.44
2022,2,15,23,20,3,380461721.372,42276576.0146,123515.0133,46817265.8133,65592.96
2022,2,15,23,25,3,408763321.361,40284236.9416,69175.7867,57778792.7467,80641.2
2022,2,15,23,30,3,383447237.039,34933232.052,144472.16,59338402.4,51220.56
2022,2,15,23,35,3,359778134.242,35580886.4015,587858.6667,62194642.24,76866.1333
2022,2,15,23,40,3,346066095.602,38308010.5024,643560.1067,62236023.7867,78864
2022,2,15,23,45,3,345741999.528,41462689.0123,464650.7733,65291557.5467,134939.28
2022,2,15,23,55,3,339054819.656,38605741.8304,986653.0133,51154702.9333,71266.6667
2022,2,16,0,0,4,327543735.688,44413234.5975,44470.08,46811416.2133,43094.08
2022,2,16,0,5,4,311874823.081,44706619.7824,112917.0667,46201134.9333,26144.88
2022,2,16,0,10,4,317715283.641,37263017.4569,1181051.4133,41168086.2933,133467.2
2022,2,16,0,15,4,320809107.941,42607050.6559,222571.2,35332689.52,59747.7333
2022,2,16,0,20,4,280815709.673,41654373.2126,119767.8667,27388499.8667,80180.2133
2022,2,16,0,25,4,243908589.232,34502112.018,26353.0667,29797535.2533,94755.04
2022,2,16,0,30,4,260666177.97,34439082.2816,79749.6533,25331172.5867,38404.4
2022,2,16,0,35,4,271386775.743,35247511.1172,90796.6933,23579663.1467,47291.1733
2022,2,16,0,40,4,239050591.26,35913840.6688,19232.96,17849422.9333,51482.08
2022,2,16,0,45,4,195307421.889,39319071.061,37618.4533,18245785.4933,111909.8667
2022,2,16,0,50,4,198820296.153,34228577.4037,37019.6267,17339280.5333,24762.96
2022,2,16,0,55,4,211067701.083,34986306.7257,143670.6133,18790667.9467,85776
2022,2,16,1,0,4,169398999.324,34475024.9655,61576.8533,25174005.9733,34429.2
2022,2,16,1,5,4,162868485.42,31506755.2878,1448,13535441.3333,15455.76
2022,2,16,1,10,4,142113757.624,33197535.5352,15682.1333,12529792.4267,22871.92
2022,2,16,1,15,4,145188473.694,38793453.4418,701.2267,12315784.64,3116.2667
2022,2,16,1,20,4,148448424.294,29718237.1095,377.6,10242460.8,27282.1333
2022,2,16,1,25,4,128216576.718,30160101.3961,42124.4,9686658.1333,34654.8
2022,2,16,1,30,4,154469185.364,32638305.9617,1170.1333,2887944.8,28904.1333
2022,2,16,1,35,4,152531343.107,32044103.0021,142875.52,2670432.2133,16428.48
2022,2,16,1,40,4,148005005.738,27223758.2343,2514.7733,3686877.5467,38019.12
2022,2,16,1,45,4,163233581.595,25588604.8764,316.6667,5415824.9333,39992.6933
2022,2,16,1,50,4,132162356.917,25820080.011,383.04,10319116.16,31259.12
2022,2,16,1,55,4,164461301.158,30704326.9141,439.2533,4722377.7067,64819.7333
2022,2,16,2,0,4,130195942.76,28713403.2736,18002.6667,7239842.1333,20723.0933
2022,2,16,2,5,4,120095910.902,31416258.6436,748.3733,5289462.1867,113831.3867
2022,2,16,2,10,4,108547935.803,34746082.7943,12628.2667,5164186.3467,124795.36
2022,2,16,2,15,4,93634593.4926,35114020.8284,79080.2133,4515871.04,36658.96
2022,2,16,2,20,4,96270088.7748,33822036.4466,1500.48,4773014.9333,25528.56
2022,2,16,2,25,4,116078100.377,33974579.4738,20489.0667,6320875.52,25192
2022,2,16,2,30,4,124125128.068,31532734.9547,553.0667,5867954.56,29328.64
2022,2,16,2,35,4,95173314.2748,26552940.0551,493.12,5636986.6667,8578.72
2022,2,16,2,40,4,96697985.5648,26829599.5509,235.52,4965299.84,22193.76
2022,2,16,2,45,4,98504677.0375,27305073.4599,520134.2933,2898432.5333,30464.7467
2022,2,16,2,50,4,101570639.81,27926181.4855,51870.8267,4970503.2533,19687.68
2022,2,16,2,55,4,104488909.995,32743446.4383,45448,4998880,18832
2022,2,16,3,0,4,106774731.046,34922985.5916,31176.8533,11632208.4267,32125.28
2022,2,16,3,5,4,98995351.3508,27103751.0116,23264.32,5330931.7333,30266.6667
2022,2,16,3,10,4,89503522.4505,23724735.365,514.0267,5288778.56,57173.8667
2022,2,16,3,15,4,129418583.288,36155643.0951,6167.4667,5969718.1867,43025.0667
2022,2,16,3,20,4,131026981.542,32319121.2245,15349.0133,10296439.04,41752
2022,2,16,3,25,4,113276700.578,35809143.7938,27959.2533,11538657.7067,22554.0533
2022,2,16,3,30,4,123174532.574,36629069.2797,59985.4933,10745068.3733,71763.5733
2022,2,16,3,35,4,99629794.4911,33865606.3271,28886.4,12167733.6,25550.6667
2022,2,16,3,40,4,104419367.356,32057960.177,922.6667,5003936.4267,20984
2022,2,16,3,45,4,89074821.3173,27100103.1634,378.3467,473832.96,32676.8
2022,2,16,3,50,4,91782260.6973,40720135.7141,376,263173.2267,21206.9333
2022,2,16,3,55,4,88616507.7763,40712672.3604,19767.3333,175475.8667,27763.5733
2022,2,16,4,0,4,76484207.0424,30882714.2101,81900.8,1540936.2133,28352
2022,2,16,4,5,4,92136191.6476,18064354.5084,18331.6,3261361.3333,21516.9067
2022,2,16,4,10,4,105455096.986,29541084.6907,775.0667,4193671.0667,1645.0933
2022,2,16,4,15,4,101879976.141,22911412.0839,12558.16,4513278.32,40
2022,2,16,4,20,4,98085796.75,23305639.0825,19917.3333,6392811.6,25884
2022,2,16,4,25,4,88177418.0702,22446023.5574,19621.6533,5693930.1333,26505.6
2022,2,16,4,30,4,106185256.215,28809670.8078,766.72,3288831.8933,26360
2022,2,16,4,35,4,104381630.254,29949198.7061,21326.72,3930183.68,80681.5467
2022,2,16,4,40,4,105991775.964,28371001.5374,29998.6133,2846077.12,80690.8
2022,2,16,4,45,4,101909428.449,36032614.499,748.8,2839852.48,6286.8
2022,2,16,4,50,4,88395306.9919,35725270.0329,509.3333,4663068,712
2022,2,16,4,55,4,84210028.465,29138771.3915,101960.5333,3349302.9333,1364.3733
2022,2,16,5,0,4,103152548.046,45543016.4732,15029.9733,6399970.7733,1416
2022,2,16,5,5,4,134089994.24,38386571.4105,20967.5733,22334154.4533,32633.5467
2022,2,16,5,10,4,119506870.031,56969902.2756,801.8133,25212091.2,35104
2022,2,16,5,15,4,129730815.313,42389661.0539,425.3867,20878496.4267,14413.9467
2022,2,16,5,20,4,121999672.551,36078064.8229,18239.2533,12543074.88,50718.9867
2022,2,16,5,25,4,109982519.593,25662403.8127,38604.72,19176363.36,48269.8667
2022,2,16,5,30,4,110099745.274,21048462.2287,785.8133,13221085.44,15157.5467
2022,2,16,5,35,4,110821481.703,25054342.0935,532.48,14202264.8533,12575.44
2022,2,16,5,40,4,83430118.1618,22467300.3922,409.7067,13821412.6933,34192
2022,2,16,5,45,4,82897947.1452,32859263.333,336.96,19847210.1333,14502.24
2022,2,16,5,50,4,96711069.6756,29128617.4913,399.1467,16202293.0133,32245.3867
2022,2,16,5,55,4,84190528.8773,29095446.7283,368.5333,19939256.1333,33776
2022,2,16,6,0,4,62710301.9223,24005649.4826,352.2133,20285997.76,16258.2933
2022,2,16,6,5,4,85032552.1132,20588563.4444,666.6667,16943233.7333,2095.04
2022,2,16,6,10,4,90176701.5992,28365991.9873,396.6667,19183460.6667,80856.0267
2022,2,16,6,15,4,86403308.4169,23443350.1742,581.44,18496765.76,30170.24
2022,2,16,6,20,4,89282881.2191,25484745.4505,434.0267,17542901.5467,25856
2022,2,16,6,25,4,103756990.109,25592052.2275,471.3333,25834441.2,71037.12
2022,2,16,6,30,4,119041431.002,25793927.7075,306.24,26797306.3467,6564.7467
2022,2,16,6,35,4,123983848.623,25684502.841,532.9067,23069225.6,1080
2022,2,16,6,40,4,131701357.802,22887236.4281,417.2,22811429.6,32574.4
2022,2,16,6,45,4,143308763.121,23740844.0511,534.4,18961154.4533,21878.4
2022,2,16,6,50,4,124999781.796,18994397.0916,433.04,20217433.04,16325.5733
2022,2,16,6,55,4,114319870.821,20425406.5371,432,20230648,64018.88
2022,2,16,7,0,4,110381525.202,22444144.913,927.6,29457697.3333,67632
2022,2,16,7,5,4,180362906.936,24442466.9933,770.24,14811151.68,71626.6667
2022,2,16,7,10,4,222302770.813,14049832.4882,515.4133,11420334.6133,25986.5333
2022,2,16,7,15,4,184229654.055,14249232.5636,74545.2,13966277.6,2383.7333
2022,2,16,7,20,4,176694580.91,16160291.943,72240.1067,12534974.9333,832
2022,2,16,7,25,4,171664078.768,25599950.5147,99756.8,12923540.2667,36169.12
2022,2,16,7,30,4,183741890.518,21135423.6048,119610.0267,14799826.3467,39664
2022,2,16,7,35,4,175105788.737,21633138.443,2079.7867,13875243.7333,225510.4
2022,2,16,7,40,4,200371021.473,31142367.8918,38518.08,8177321.4933,246160
2022,2,16,7,45,4,195795149.263,28246847.4622,1122.5333,13954460.2667,32594.88
2022,2,16,7,50,4,171489138.739,26856501.1957,432.8,6172098.1333,15084.2667
2022,2,16,7,55,4,174634912.219,28253367.0067,58350.96,4788854.8,64206.6133
2022,2,16,8,0,4,225080929.087,27167505.0032,21450.56,5452161.8133,6774.96
2022,2,16,8,5,4,203764008.513,23766852.118,624.4,5092601.0667,31935.6533
2022,2,16,8,10,4,232364066.881,23796900.5576,33084.6933,3954258.56,66470.6667
2022,2,16,8,15,4,218185074.862,27680585.5632,63183.2533,3397169.4933,32988.8
2022,2,16,8,20,4,197534689.301,29113435.8631,905.12,54593.44,29605.04
2022,2,16,8,25,4,193396221.26,30594576.002,319.36,93814.72,39708.0533
2022,2,16,8,30,4,187601179.596,28704057.4798,383.1467,153660.5867,237194.1333
2022,2,16,8,35,4,173205167.716,25590245.1538,289.28,3755418.3467,72645.3867
2022,2,16,8,40,4,207844083.36,27577683.6878,288,10223846.4,58512
2022,2,16,8,45,4,166206180.14,26463697.5136,343.2533,7886407.36,125061.9733
2022,2,16,8,50,4,177918765.553,31068420.7339,320.4,8664976.6667,51630.4
2022,2,16,8,55,4,189537210.995,31640675.8336,312.1067,11674208.5333,139471.76
2022,2,16,9,0,4,158851440.082,24531178.6222,12515.0933,12092028.8,17700.16
2022,2,16,9,5,4,148452698.257,22964598.9291,14898.0267,6104817.1733,46824
2022,2,16,9,10,4,140660426.888,25448815.1566,77340.5867,7170212.48,50520
2022,2,16,9,15,4,143863801.627,26785212.769,29851.2,12098051.8667,22130.4533
2022,2,16,9,20,4,164829632.482,27785288.7113,56042.9867,7075777.7067,160529.7067
2022,2,16,9,25,4,180873784.472,29557486.0421,31958.96,6868247.36,33197.28
2022,2,16,9,30,4,202324950.938,28734435.4728,95900.5867,21951734.1867,17306.6133
2022,2,16,9,35,4,153960333.398,28702495.3572,165069.0133,22037294.5067,12790.8
2022,2,16,9,40,4,189958666.223,27365543.662,2544.7467,18658296.5333,47500.1867
2022,2,16,9,45,4,209632644.592,32413797.0639,398.9333,12226039.7333,31481.76
2022,2,16,9,50,4,225567077.751,26041550.8836,54279.8933,19482137.8133,29984
2022,2,16,9,55,4,196687085.858,25432165.0784,1445.12,16537266.4,56930.56
2022,2,16,10,0,4,186186971.5,22585363.6314,265.1733,13787171.84,21105.1467
2022,2,16,10,5,4,188899277.209,23646013.8225,342.9333,13342178.56,159478.24
2022,2,16,10,10,4,192724781.824,22964632.1765,98322.32,10285634.4,74663.2
2022,2,16,10,15,4,180033149.661,24410228.1129,20370,15427078.5333,14706.4
2022,2,16,10,20,4,176630326.359,26521080.6923,31921.8133,12885624.64,28814.3733
2022,2,16,10,25,4,171440064.403,25887749.6121,99181.44,13310877.2267,209622.1333
2022,2,16,10,30,4,205742730.898,28372307.9762,2771.0933,12779575.8933,32603.52
2022,2,16,10,35,4,213345177.415,26992936.1237,68644.0533,31317027.7333,136080.48
2022,2,16,10,40,4,231434098.198,24769208.8002,1250.9867,29029175.4667,136014.1333
2022,2,16,10,45,4,228494298.212,21698324.3609,50344.2667,25156630.9333,42961.2
2022,2,16,10,50,4,230056252.89,21632062.9785,1136.4,21140582,120338.5333
2022,2,16,10,55,4,215715302.494,19971501.0392,288,21073616,125672
2022,2,16,11,0,4,222391274.14,25491676.0344,214434.1333,69853847.68,53506.6667
2022,2,16,11,5,4,210939928.357,20056211.9188,38291.4133,37937324.3733,48352
2022,2,16,11,10,4,254554762.869,24875632.7437,1184908.8,39764521.3333,66032.6667
2022,2,16,11,15,4,263567311.528,26686924.8907,1716195.6267,44085377.3867,67640
2022,2,16,11,20,4,250715280.29,21041482.0061,2650576.2667,57255706.9333,6193.04
2022,2,16,11,25,4,256293520.24,22762148.5687,2185655.1467,49792718.5067,33193.28
2022,2,16,11,30,4,277857049.165,25500068.9905,2767854.1333,47377959.8667,42219.7333
2022,2,16,11,35,4,265243080.628,24678285.462,2123980.56,37391937.28,53990.9867
2022,2,16,11,40,4,244133556.879,24573434.3228,702866.9867,38388297.92,62659.2
2022,2,16,11,45,4,251625531.911,26599677.7554,74410.3467,41249945.3867,22548.2667
2022,2,16,11,50,4,242798015.988,25277347.3025,1543.4667,39304206.6667,53021.92
2022,2,16,11,55,4,265389449.696,22213414.918,376.96,24503680.64,114168.64
2022,2,16,12,0,4,258517902.881,24032494.2899,439.36,34472861.52,9758
2022,2,16,12,5,4,238688543.544,26766493.5778,15705.7067,40095502.4,156134
2022,2,16,12,10,4,211851788.001,28233418.6859,60572.48,30338949.3333,48435.52
2022,2,16,12,15,4,230159014.535,25668641.7124,25324.48,22132400,51942.96
2022,2,16,12,20,4,248431079.924,25634469.4349,98802.4,25974636.1333,112677.3333
2022,2,16,12,25,4,231256427.05,27802899.3839,32733.76,21342454.08,70245.6533
2022,2,16,12,30,4,213662183.734,29641787.9008,36528.4267,25645480.8533,156443.36
2022,2,16,12,35,4,233371117.987,28041926.0523,1016.7467,26171789.12,65475.2
2022,2,16,12,40,4,216538333.458,22284176.3506,486654.8267,31396994.4533,26870.4533
2022,2,16,12,45,4,199764943.309,20708847.7641,905721.7067,31243767.68,76769.6
2022,2,16,12,50,4,191544599.487,22053419.227,795632.32,23248608.64,162879.68
2022,2,16,12,55,4,194482899.019,34587291.5375,1828056.5333,10810511.4667,42734.4
2022,2,16,13,0,4,187568366.451,26188211.5964,1905225.92,17802473.3867,36880
2022,2,16,13,5,4,197317724.99,25734220.7431,1372064.4267,13442924.16,48840.64
2022,2,16,13,10,4,203083985.221,22240288.5292,1114045.2267,19468164.0533,55544.8
2022,2,16,13,15,4,177521003.412,21859718.1134,1844820.5333,13237942.8,32789.2533
2022,2,16,13,20,4,188423616.8,31048315.4347,134885.76,14665428.24,328514.08
2022,2,16,13,25,4,221133703.959,29546750.6055,185173.3333,13433039.36,357952
2022,2,16,13,30,4,232555256.223,26319041.5527,813305.2,15111482,135612.4
2022,2,16,13,35,4,243439903.883,23780056.5706,48086,15047389.3333,141811.3867
2022,2,16,13,40,4,253788175.76,26111083.1122,19267.7333,15860202.7733,27057.36
2022,2,16,13,45,4,307927871.5,28439113.4745,475519.5733,14890713.92,18136
2022,2,16,13,50,4,305616836.317,27004739.113,140104,14220493.9733,50759.3067
2022,2,16,13,55,4,269397708.916,24411457.7471,3713.4667,11257155.6,65040
2022,2,16,14,0,4,280480962.393,22893704.0554,37615.68,14286687.68,152340.48
2022,2,16,14,5,4,308272730.999,24168015.4169,214409.4933,15307890.3467,69438.8
2022,2,16,14,10,4,308512025.702,30560388.8677,12188.9067,16501402.3467,63109.8667
2022,2,16,14,15,4,291251059.114,29418644.7487,117199.36,19554497.76,20501.8667
2022,2,16,14,20,4,291917635.825,31240448.2963,43293.44,26777257.7067,35613.12
2022,2,16,14,25,4,299412121.958,31412857.8882,111892.1333,23492615.2,54318.88
2022,2,16,14,30,4,300830291.051,34106495.899,242388.48,20339625.3867,50892.6667
2022,2,16,14,35,4,296763052.546,30672960.0209,138929.4667,26882220.8267,170734.72
2022,2,16,14,40,4,351640943.221,34050587.4583,129059.52,35481065.52,124794.88
2022,2,16,14,45,4,333550394.018,31933886.9502,208788.6667,48394278.8533,127418.88
2022,2,16,14,50,4,363510362.553,33845870.3127,86958.08,35990639.6,184654.9333
2022,2,16,14,55,4,413976589.765,39743701.2535,2300591.3333,93243120.5333,248042.88
2022,2,16,15,0,4,413976589.765,39743701.2535,2300591.3333,93243120.5333,248042.88
2022,2,16,15,5,4,434534308.217,37871629.8436,2338176,94220256,255312
2022,2,16,15,10,4,378266314.404,36770612.0123,4194111.4667,61022749.6,146954.24
2022,2,16,15,15,4,357176859.455,31881662.9154,1465233.3333,36786377.2,216222.2933
2022,2,16,15,20,4,334429184.816,30490066.418,919873.4933,36589636.3733,72272
2022,2,16,15,25,4,341770399.943,37524212.216,448360.7467,25927030.6133,288454.4
2022,2,16,15,30,4,372356824.411,39450669.3541,685833.84,36680301.28,169399.04
2022,2,16,15,35,4,365253201.421,35192414.5993,1257197.76,47567138.08,86289.7067
2022,2,16,15,40,4,348113296.605,34017347.918,1362438.72,42557762.3467,96116.2667
2022,2,16,15,45,4,341245129.565,32824554.1618,848600.8533,36924577.1733,34586.88
2022,2,16,15,50,4,310944305.489,34110813.8546,460865.6,33732914.7733,22580.2667
2022,2,16,15,55,4,365085066.106,34339542.0863,351472.7467,43493041.28,49674.7733
2022,2,16,16,0,4,340447038.871,31876926.8964,426198.96,48966965.84,339545.92
2022,2,16,16,5,4,363167738.734,29953726.6031,253259.4133,41066776.4267,59188.08
2022,2,16,16,10,4,347558697.867,35174764.0622,346516.0533,42002912.96,372329.0667
2022,2,16,16,15,4,350510314.29,31452625.9527,541305.1733,31046553.4933,71025.9733
2022,2,16,16,20,4,341633975.117,34820309.2722,290424.5333,34884816,55681.6
2022,2,16,16,25,4,360991518.843,32039074.4047,351011.2,38817733.5467,82164.24
2022,2,16,16,30,4,335215090.932,35055793.5015,235319.2533,41693760.64,42158.9867
2022,2,16,16,35,4,401068533.178,32906092.6784,132835.6267,29809655.68,23347.7333
2022,2,16,16,40,4,483619521.701,35156464.6288,147898.08,50199954,105196.56
2022,2,16,16,45,4,416207165.164,38018036.3623,140873.8667,56649578.8,132271.5733
2022,2,16,16,50,4,383697007.293,35863469.4625,450360.1067,73761546.88,132206.8267
2022,2,16,16,55,4,396514283.554,35694770.156,93866.0267,74895699.2,185767.44
2022,2,16,17,0,4,385308522.322,35537103.3993,144947.6,72785949.6,64030.32
2022,2,16,17,5,4,433038995.593,35560629.1791,90571.6267,69256189.44,74746.4
2022,2,16,17,10,4,420794849.321,39664510.1732,59136.1333,76941280,208015.04
2022,2,16,17,15,4,414146697.021,38867181.0719,51377.8133,67271223.4667,159583.9467
2022,2,16,17,20,4,413232192.559,42423975.0439,49675.2,70060731.3333,150270.1067
2022,2,16,17,25,4,417919967.265,41405343.4676,151277.4667,70339946.9333,133202.6667
2022,2,16,17,30,4,417205156.645,38285998.8596,169559.3333,55713704.4,155565.8667
2022,2,16,17,35,4,397075859.282,36510989.399,160250.5333,51804502.8,65743.2
2022,2,16,17,40,4,495333244.357,35973350.6871,183239.1467,45857304.96,61062.6667
2022,2,16,17,45,4,450747752.874,37537858.0917,3189.3333,53650918.1867,22755.2
2022,2,16,17,50,4,571672954.066,40588860.949,28891.7333,55520943.1467,203159.7867
2022,2,16,17,55,4,521324690.652,41598183.0558,207100.9067,58556943.04,218368
2022,2,16,18,0,4,507689991.455,43075466.7993,907167.2,57240970.5333,33472.0533
2022,2,16,18,5,4,506816398.901,46029301.0516,2592530.9333,39089816.9333,168174.1867
2022,2,16,18,10,4,491656187.643,40176127.9147,1687964.4,37960981.0667,189783.6
2022,2,16,18,15,4,521655766.387,50314815.5641,1259670.08,34490881.0667,190912
2022,2,16,18,20,4,480465589.803,37600492.0264,565718.4,31157028.9067,190412.8
2022,2,16,18,25,4,398590311.622,38640359.1604,1019825.6,29930106.4,95802.24
2022,2,16,18,30,4,418886320.9,43126383.1296,96795.52,29842283.9467,53357.2533
2022,2,16,18,35,4,405594457.622,47748218.202,82171.6267,38451668.5867,422475.4667
2022,2,16,18,40,4,404520923.74,148238626.954,116290.56,32595620.16,1521168.8533
2022,2,16,18,45,4,422821481.221,42001367.9935,239517.0133,29131521.4933,1745336
2022,2,16,18,50,4,425685982.647,40436571.174,42794.4,36423850.2667,190004
2022,2,16,18,55,4,448509969.496,33862754.772,39432,36548224,72936
2022,2,16,19,0,4,417330721.863,29091491.5871,417157.8667,62794444.8,50958.4
2022,2,16,19,5,4,411449600.145,34717580.0797,113825.7333,39137040.8,48696
2022,2,16,19,10,4,436608405.021,43761075.7681,1167336.64,50885812.16,259036.8
2022,2,16,19,15,4,426978738.813,39826271.6554,522580.9067,38872581.76,56728
2022,2,16,19,20,4,422428510.864,43742438.3442,245368.4267,30759935.2533,206509.9467
2022,2,16,19,25,4,415105326.754,44686705.0177,52177.7067,39213219.2,88408.7733
2022,2,16,19,30,4,489754479.761,49879154.94,1005180,41135940.2667,198628.6667
2022,2,16,19,35,4,459273294.889,53877853.6927,649378.9867,44227357.9733,189349.12
2022,2,16,19,40,4,499433130.717,55991024.5717,2906999.68,41822828.5867,115808.1067
2022,2,16,19,45,4,496775493.385,58756949.7881,1704787.3067,37205943.68,369097.1467
2022,2,16,19,50,4,524568793.419,54873284.929,111058,38809223.8667,185160.32
2022,2,16,19,55,4,487406171.303,53212181.1632,816916.16,30558549.0133,193004.48
2022,2,16,20,0,4,515756226.274,48354923.5099,281536.16,34748111.52,1450054
2022,2,16,20,5,4,468963038.993,48441813.3344,28673.2,32343562.9333,488260
2022,2,16,20,10,4,467104870.128,51216535.1156,1125.4667,39571583.2,293466.56
2022,2,16,20,15,4,436811042.62,49463045.5631,88000.8,34750167.4667,415311.84
2022,2,16,20,20,4,421301385.683,50957176.6249,185256.6667,26685878.4,187994.9333
2022,2,16,20,25,4,459388723.965,55901338.4115,102258.2667,28550912.6667,267140.4267
2022,2,16,20,30,4,490323151.226,50199921.5059,84776.8533,31871189.5467,223602.64
2022,2,16,20,35,4,523688938.731,52507020.7556,319876.0533,39164497.92,331049.92
2022,2,16,20,40,4,573956299.54,54573113.9417,58487.2533,39299160,257880.96
2022,2,16,20,45,4,588155369.773,53712608.742,1055.7867,53083484.0533,143303.1467
2022,2,16,20,50,4,650359383.238,54228066.6983,26115.52,44663429.6533,364015.6533
2022,2,16,20,55,4,636689668.314,56236341.6313,1181511.2533,45534765.5467,733632.6667
2022,2,16,21,0,4,644842833.054,56804379.3014,1099211.0933,42711855.7867,681674.0267
2022,2,16,21,5,4,688493252.475,55915096.2245,1097888,42673528,440496
2022,2,16,21,10,4,722812834.731,54247209.7811,1195773.2267,47706214.72,418240
2022,2,16,21,15,4,719516816.924,56167197.4809,1197096,47774224,418240
2022,2,16,21,20,4,739289163.723,60962587.9367,596571.2,102395238.187,453304.96
2022,2,16,21,25,4,745237220.174,62691568.0807,588456,103133360,459984
2022,2,16,21,30,4,782154370.152,65535062.7133,588456,103133360,459984
2022,2,16,21,35,4,811161149.464,67683819.3682,5068467.36,86882327.84,2599377.6
2022,2,16,21,40,4,758968519.445,62208031.2495,5113720,86718176,2837088
2022,2,16,21,45,4,797780166.234,65074827.005,1633186.24,139962016.64,1288768.8
2022,2,16,21,50,4,728705916.58,63941636.7694,1586152,140681528,1160208
2022,2,16,21,55,4,749049999.007,63863485.1254,773059.7333,107116904,399941.0133
2022,2,16,22,0,4,728460295.177,59955561.5779,762072,106663328,510513.28
2022,2,16,22,5,4,743809165.58,173625270.074,1059374.4,140439051.307,525360
2022,2,16,22,10,4,764129664.245,61678039.3478,1063392,140895480,525360
2022,2,16,22,15,4,752329863.935,63221874.3236,2837020.56,160857008.4,421558.5067
2022,2,16,22,20,4,720442774.708,60920537.9787,2854936,161058640,413344
2022,2,16,22,25,4,766823325.713,56537121.0565,90580.16,166589135.573,433510.4
2022,2,16,22,30,4,704128881.264,50909015.0453,53224,166663872,435424
2022,2,16,22,35,4,689567876.285,51946871.1087,945340.72,183881682.72,362573.04
2022,2,16,22,40,4,675606106.044,48378048.5597,954352,184055600,355368
2022,2,16,22,45,4,668397147.769,49018198.515,1562695.12,152134238,171012.24
2022,2,16,22,50,4,641367954.053,44180619.6323,1568840,151811800,157136
2022,2,16,22,55,4,576735229.095,47069677.737,581328.7467,143894834.027,148572.56
2022,2,16,23,0,4,573555100.439,44652509.2678,197456.1333,144926249.067,145756.8
2022,2,16,23,5,4,527142988.023,43376271.242,367544.64,72350257.3867,207593.84
2022,2,16,23,10,4,532997888.489,44478722.7536,46238.2667,63037165.6,115503.2
2022,2,16,23,15,4,433916933.106,43135413.2288,132422.2667,68881816.5333,126111.44
2022,2,16,23,20,4,443786823.277,44697283.992,18054.5067,75249071.04,92810.56
2022,2,16,23,25,4,406639603.526,48805454.0526,16109.12,73467207.4667,79523.04
2022,2,16,23,30,4,397933102.751,51091120.9714,554.1333,71599703.68,95820.1333
2022,2,16,23,35,4,351420723.197,46425177.4019,154640.8,59861026.6667,132534.88
2022,2,16,23,40,4,327139465.283,47081938.3496,55610.8,49480913.0667,51223.4133
2022,2,16,23,45,4,298203860.695,38968360.2318,39639.92,32270618.24,43430.72
2022,2,16,23,55,4,305942763.05,39760666.6887,27330.56,32859764.48,45786.56
2022,2,17,0,0,5,313000166.272,31365907.4194,56768.1067,27384707.3067,132650.7733
2022,2,17,0,5,5,293811119.957,34689405.6042,28666.7733,27642221.9733,57051.76
2022,2,17,0,10,5,292374110.233,29140496.2578,858.4533,32827893.6533,50615.9733
2022,2,17,0,15,5,271181150.417,29062181.739,259.0933,33517262.1867,43701.4667
2022,2,17,0,20,5,241479350.001,27048475.3326,32145.0667,36947155.2,30651.2
2022,2,17,0,25,5,260473617.612,32540633.3618,679.04,34931811.2,33815.28
2022,2,17,0,30,5,244199128.036,28838276.2412,421.6533,35059829.5467,62033.5467
2022,2,17,0,35,5,235308882.7,27486605.3295,265.6,37633362,6408.88
2022,2,17,0,40,5,207631105.612,33141268.6281,24441.28,33475111.5733,13390.4
2022,2,17,0,45,5,219594378.879,37681064.1855,574.9333,22447876.5867,14376
2022,2,17,0,50,5,220393131.365,28106951.3891,389.12,29426411.36,21969.4933
2022,2,17,0,55,5,206653396.746,28273551.106,300962.24,31041492.0533,46733.44
2022,2,17,1,0,5,226427155.894,33463794.8868,4359.04,26318871.5733,17390.56
2022,2,17,1,5,5,205558546.695,29410739.1346,32524.48,45674696.7467,16221.84
2022,2,17,1,10,5,202132506.806,29195367.8757,79260.32,37431420.24,32357.8667
2022,2,17,1,15,5,198583640.509,27057268.1403,1291.9467,38898793.6,42978.24
2022,2,17,1,20,5,212498952.954,29852005.4713,476.6933,29656894.1867,15768.48
2022,2,17,1,25,5,212122390.244,37953297.3824,203.7333,22145493.8667,32368.16
2022,2,17,1,30,5,189952456.919,32856487.1005,13973.8667,27292694.4,22326.6667
2022,2,17,1,35,5,187297569.694,27414446.8111,38276.4,27020497.68,2865.28
2022,2,17,1,40,5,175776000.068,33412707.7431,123917.9733,27772873.92,43850.24
2022,2,17,1,45,5,170939363.46,27280316.1579,702122.0267,25100215.04,16363.1733
2022,2,17,1,50,5,144331759.77,25794013.7774,1181688.7467,19146162.24,56655.52
2022,2,17,1,55,5,157135080.463,27804047.2199,144746.88,9921283.84,45068.16
2022,2,17,2,0,5,151201847.314,29343818.8514,113298.4533,18213662.8267,35292.16
2022,2,17,2,5,5,176717998.714,30167507.9162,223771.6,15471445.8667,70755.84
2022,2,17,2,10,5,173586518.08,39384596.8037,108692.48,19867547.0933,70966.4
2022,2,17,2,15,5,156916737.05,31676818.8676,113923.9467,19711117.5467,19294.88
2022,2,17,2,20,5,143637380.224,24951367.0922,145005.2267,18609124.2667,16513.92
2022,2,17,2,25,5,140644109.202,29070744.9074,232020.2667,17315057.6,27225.44
2022,2,17,2,30,5,137194988.164,29714917.658,60426.6667,19481952.64,23217.92
2022,2,17,2,35,5,145543624.04,33071576.2507,14785.1733,15335015.36,16632.5333
2022,2,17,2,40,5,136010169.29,27034785.1541,615.5733,13207404.8,57960
2022,2,17,2,45,5,127023631.867,25904004.0722,313.6,9970089.28,35563.7867
2022,2,17,2,50,5,135399258.032,30183976.9863,351.4667,8675674.0267,40317.12
2022,2,17,2,55,5,126700413.201,28014453.1872,352,8658768,33810.48
2022,2,17,3,0,5,143476001.508,24051600.5486,595.8667,24640294.6667,33288
2022,2,17,3,5,5,143449500.447,30637819.5004,307.9467,15763023.5733,44304.2133
2022,2,17,3,10,5,146295950.051,26184488.958,217.1733,9855267.9467,63454.4
2022,2,17,3,15,5,122004484.521,29666149.2314,396.9333,8135928.5333,43328.0533
2022,2,17,3,20,5,113588086.019,24998585.1199,234.24,11478778.4533,11654.72
2022,2,17,3,25,5,125414196.35,28087625.5997,66351.3333,10218964.8,32239.4667
2022,2,17,3,30,5,112475774.542,31464142.613,88049.92,11730080.5333,2939.2
2022,2,17,3,35,5,87593538.7669,31857922.1127,66834.4533,10253963.52,50149.8667
2022,2,17,3,40,5,96447734.3328,27307302.0683,1108.2667,8530196.8,17888.4267
2022,2,17,3,45,5,94436065.5122,22192660.4017,91597.2267,4854851.7333,15056
2022,2,17,3,50,5,102220371.751,25772155.1657,1940.5333,5528647.2,1841.2533
2022,2,17,3,55,5,121579304.772,28692878.6605,313.1733,4895923.9467,61589.8667
2022,2,17,4,0,5,114937788.131,23745301.5467,35287.36,27145397.6533,7763.5733
2022,2,17,4,5,5,99651552.7711,25497574.8,21710.1333,20730387.0667,14601.9467
2022,2,17,4,10,5,102835189.694,30667320.6283,115315.84,17385873.92,30603.2
2022,2,17,4,15,5,110661377.668,26088558.4853,13173.44,16735052.9067,26919.76
2022,2,17,4,20,5,99246923.2358,28297164.221,17577.6,16796561.92,27519.04
2022,2,17,4,25,5,94772273.4728,42191638.1597,525.04,15818219.76,13846.4
2022,2,17,4,30,5,90724423.7703,40501148.8841,37797.9733,5415318.08,12864
2022,2,17,4,35,5,102337117.041,37774841.286,952.7467,7217121.3867,17956.2667
2022,2,17,4,40,5,100253445.59,29992508.538,226.9867,6213374.8267,25685.6
2022,2,17,4,45,5,116410200.336,32472860.2428,405.5467,10419902.9333,26240
2022,2,17,4,50,5,95980652.3833,29985435.4859,305.3867,5741977.92,2186.6667
2022,2,17,4,55,5,95995273.9025,26567225.9125,375.04,7736407.5733,11375.76
2022,2,17,5,0,5,113103911.988,31602173.8807,383.8667,3489886.4,12232
2022,2,17,5,5,5,97763965.6063,26469226.8445,360.32,6220031.1467,86101.28
2022,2,17,5,10,5,99608418.9231,23937020.3798,399.3333,3953749.4667,91096
2022,2,17,5,15,5,98465502.0256,18425171.1745,337.0667,3549360.1333,101802.16
2022,2,17,5,20,5,97674708.0501,22291704.8393,280.7467,3629702.6133,51152.0533
2022,2,17,5,25,5,111533492.145,26572200.767,398,5959192.9333,3652.6933
2022,2,17,5,30,5,111860178.987,25796384.7333,53924.6933,1759272.96,216
2022,2,17,5,35,5,99844132.8168,22841058.5511,1335.6,1904448.4,51385.0667
2022,2,17,5,40,5,101391586.027,26919549.1759,12808.7467,6077541.2267,49531.8933
2022,2,17,5,45,5,94588593.1598,26340180.1764,441.3867,2754759.8933,15258.88
2022,2,17,5,50,5,87176981.6224,24507012.9145,516.6933,2818442.3467,43446.64
2022,2,17,5,55,5,83327189.3547,25444932.8498,251.6267,2323579.3067,45760
2022,2,17,6,0,5,100383129.017,24917405.1169,445.3333,2190949.6533,3240.4
2022,2,17,6,5,5,101761589.15,19727600.5024,455.84,2062537.92,14038.72
2022,2,17,6,10,5,109835375.058,24227251.8399,219.2,2136004.2667,70985.92
2022,2,17,6,15,5,132013716.114,25205237.9762,350.1867,1903389.3333,117714.4
2022,2,17,6,20,5,121118293.566,22894019.8281,375.68,2164927.04,27277.92
2022,2,17,6,25,5,130698360.779,25696909.3321,407.36,2092173.76,19480
2022,2,17,6,30,5,147966909.349,28099679.0471,360.64,4230743.36,2360.56
2022,2,17,6,35,5,128945975.162,31073937.4134,431.28,8141929.2,37501.8667
2022,2,17,6,40,5,134501679.772,30527580.9143,12507.3333,6291814.5333,34226.4
2022,2,17,6,45,5,156103860.814,25771989.8902,532.5867,4174081.28,17110.9333
2022,2,17,6,50,5,141576730.326,34183127.4791,289.0667,2127649.6,13776.7467
2022,2,17,6,55,5,157917188.049,35122522.3861,288,2100376,13656
2022,2,17,7,0,5,156912228.475,26250814.3392,769.4933,4963737.92,46098.6667
2022,2,17,7,5,5,174678804.107,31134658.7858,223.4667,3215783.8933,71353.52
2022,2,17,7,10,5,194337727.328,31663420.5557,484.3733,3245859.3067,53259.84
2022,2,17,7,15,5,170259444.597,30076467.8674,55444.88,4085945.68,32532.6133
2022,2,17,7,20,5,180844314.274,29319484.6707,19193.3867,8432331.6267,14730.08
2022,2,17,7,25,5,212238910.833,34221215.0648,586.9333,7040401.6,136658.32
2022,2,17,7,30,5,212688877.193,36230809.8636,14456.4267,5817852.6933,12194.24
2022,2,17,7,35,5,209756466.236,32799222.7448,455.36,4164813.84,58984.8
2022,2,17,7,40,5,190613841.984,29646051.4968,509.3333,394037.0133,20906.9067
2022,2,17,7,45,5,212282020.349,35138653.2857,369.92,403159.1467,13636.2667
2022,2,17,7,50,5,212094662.98,32467433.2856,19317.28,6126650.56,145371.44
2022,2,17,7,55,5,206708892.741,26482367.6673,25000.4267,2391540.6933,36658.8
2022,2,17,8,0,5,210357920.128,31904383.5335,19966.5333,183218.9333,15869.9733
2022,2,17,8,5,5,211992727.762,30841620.3289,606.6667,3083125.6,30873.9467
2022,2,17,8,10,5,240777752.063,32721161.3256,9074.9333,2167309.8667,19651.2
2022,2,17,8,15,5,222682622.316,27768632.146,391.36,1682087.8933,27475.76
2022,2,17,8,20,5,216415099.53,29949807.3582,22815.36,2489941.44,26438.9333
2022,2,17,8,25,5,211345518.712,26740948.8693,27399.4667,2323424.8,104173.6533
2022,2,17,8,30,5,239641573.647,26802865.168,772.5333,7828577.3333,84281.12
2022,2,17,8,35,5,238904532.003,26343265.6555,327.8667,9407815.6,126305.76
2022,2,17,8,40,5,204374909.978,30143853.8323,156584.4267,9789241.92,53190.72
2022,2,17,8,45,5,209969198.475,28477868.4164,115827.3067,10436360.2133,72559.28
2022,2,17,8,50,5,243097987.017,28078329.9364,695194.88,9359193.6,152184.56
2022,2,17,8,55,5,232637862.401,38369423.4848,448732.48,7949886.4,115522.16
2022,2,17,9,0,5,230807116.506,34720969.9491,81271.2533,7926967.04,112184
2022,2,17,9,5,5,243195161.317,42327908.7128,67541.3333,7477426.4,126899.4667
2022,2,17,9,10,5,237377311.078,33165607.6094,37168.4267,5121991.2533,76616.1067
2022,2,17,9,15,5,207805372.049,30691854.7855,861.12,5898920.2133,71320
2022,2,17,9,20,5,219243045.982,35656633.0536,436037.92,7963563.04,20898.56
2022,2,17,9,25,5,225107794.028,33975196.1426,296654.9333,9363376.8,61717.0667
2022,2,17,9,30,5,232464315.466,33643230.9171,7213.0667,5309925.0133,23988.8
2022,2,17,9,35,5,205060486.386,31857544.9673,2210.4,7247505.6,169963.1467
2022,2,17,9,40,5,215371583.234,34666376.865,24881.92,6959892.48,63553.12
2022,2,17,9,45,5,235140474.29,37412424.9261,1247.4667,6423571.7333,14369.28
2022,2,17,9,50,5,266689544.812,33251093.8223,400,6405592,16992
2022,2,17,9,55,5,280008191.979,33369583.5271,502.6133,15146156.2667,59370.6667
2022,2,17,10,0,5,249175163.321,39913381.9161,24318.1867,14783133.8667,29965.28
2022,2,17,10,5,5,249210498.691,39467007.2803,67919.1467,17308363.4133,85519.5467
2022,2,17,10,10,5,283258815.098,33760944.8775,18251.6,28696355.36,33064
2022,2,17,10,15,5,255966011.037,36154062.675,2616.8,26345393.52,28752
2022,2,17,10,20,5,270259111.821,35343218.5909,3182.2933,36022231.36,30638.9333
2022,2,17,10,25,5,268031513.053,33840593.7351,336551.1467,25513414.72,31435.12
2022,2,17,10,30,5,270275159.986,35956167.466,132214.1867,24559405.0133,129006
2022,2,17,10,35,5,265962954.823,36015608.8142,4772.0533,26500382.6133,72475.9467
2022,2,17,10,40,5,229586090.667,33949222.3442,89031.3333,30850146.2667,65744
2022,2,17,10,45,5,199557759.436,31747797.8669,20124,50029190.4,46641.28
2022,2,17,10,50,5,202210775.706,33842837.8018,651.7333,29563891.2,44752
2022,2,17,10,55,5,216120378.229,33983370.3972,54532.5867,47113711.7867,21353.2
2022,2,17,11,0,5,210704453.666,32057321.0351,55264,47354680,19592
2022,2,17,11,5,5,204190826.261,39710115.991,144684.4,70413657.8667,145165.3333
2022,2,17,11,10,5,194044222.933,37805764.015,151472.7467,48815958.2933,242673.4133
2022,2,17,11,15,5,202039779.686,36521820.8132,100774.08,45885749.9733,78392
2022,2,17,11,20,5,204245890.049,39732270.6974,25361.8133,43984239.2533,37042.6933
2022,2,17,11,25,5,213002894.272,34185144.205,16194.4,35488639.44,140027.2
2022,2,17,11,30,5,242054372.929,33429090.4196,641.0667,43185409.3867,20460.8
2022,2,17,11,35,5,221158657.424,33218705.321,26669.44,56057940.0533,137487.6
2022,2,17,11,40,5,229455773.263,31813493.1601,788.6667,49556840.4,69677.2
2022,2,17,11,45,5,231310708.054,34563520.5658,22205.4667,49652603.7333,28777.6
2022,2,17,11,50,5,215883249.991,32273614.1783,774.6133,47671515.3067,120452
2022,2,17,11,55,5,234805560.374,34113060.0701,185991.7333,47293236.9333,56111.6533
2022,2,17,12,0,5,235307581.91,34847991.2698,237531.7333,45434868.8,7417.28
2022,2,17,12,5,5,236725839.999,36721366.966,19967.1467,46469916.5867,64975.2
2022,2,17,12,10,5,229421114.367,32643286.5909,36346.7733,43273193.7067,53046.8
2022,2,17,12,15,5,224393869.759,27051664.1134,351125.76,48964867.0933,12819.52
2022,2,17,12,20,5,237608372.627,28295642.5973,771299.4133,51438539.3067,34569.9733
2022,2,17,12,25,5,277751170.386,26936948.9225,148332.32,37637553.6,137526.48
2022,2,17,12,30,5,271609934.238,27776865.1405,370434.1333,30873256.1333,27742
2022,2,17,12,35,5,228545471.477,30445411.99,232682.2667,34804663.8667,81489.92
2022,2,17,12,40,5,214363718.715,36928380.3158,112652.16,29091377.84,65868.3733
2022,2,17,12,45,5,224606388.11,26346489.0239,171990.08,25115293.6533,7265.04
2022,2,17,12,50,5,224455797.333,25577710.0569,196322.24,30252518.6133,29358.24
2022,2,17,12,55,5,217200140.202,28253524.7324,103261.8667,34018709.3333,88721.28
2022,2,17,13,0,5,207077368.366,25982168.0092,128347.9467,31737415.2533,34434.1867
2022,2,17,13,5,5,189555523.65,26949849.8108,150552.7467,27437078.9333,136282.9333
2022,2,17,13,10,5,212161116.535,30753786.4981,113733.5467,17891542.1867,141536.96
2022,2,17,13,15,5,232452240.258,25934849.9585,111826.9867,24301762.7733,178261.8667
2022,2,17,13,20,5,261023913.027,27994207.9655,124115.68,25400411.04,79909.3333
2022,2,17,13,25,5,259267796.167,27438116.0419,104956.5867,21139320.2133,81218.4
2022,2,17,13,30,5,233123898.144,26936522.7308,150130.0267,20563615.7867,9983.04
2022,2,17,13,35,5,231355326.844,31024111.0851,175539.7333,23527179.4667,37753.0667
2022,2,17,13,40,5,232697634.218,30875779.977,131489.2,16025784.24,220923.2
2022,2,17,13,45,5,239763286.228,25122552.4248,109712.2133,14475968.64,67693.2267
2022,2,17,13,50,5,228065616.329,23569465.5737,81007.04,14816273.44,22578.24
2022,2,17,13,55,5,254714871.824,33483486.6342,96190.9333,13450560.7467,49762.56
2022,2,17,14,0,5,249120455.121,30306025.0937,253556.2667,10964110.6133,113946.64
2022,2,17,14,5,5,255562416.702,30563430.1586,155639.8933,24721549.9733,17578.72
2022,2,17,14,10,5,277254743.204,30128851.2267,76436.0533,19045596.48,192516.32
2022,2,17,14,15,5,300616629.233,31030703.5797,31568.1067,20636297.4933,61559.5733
2022,2,17,14,20,5,304847693.999,31559846.7891,18204.5867,33236559.1467,82367.36
2022,2,17,14,25,5,316652498.023,29515924.4465,206068.64,31568652.4,75250.1867
2022,2,17,14,30,5,334938935.968,30835759.1139,256717.2267,23825743.04,49695.28
2022,2,17,14,35,5,296483160.24,37304584.854,728039.68,39015166.9333,55327.3333
2022,2,17,14,40,5,311507443.39,34280610.0412,473399.04,25992621.2267,58076.2667
2022,2,17,14,45,5,312859344.499,36211558.9404,62228.6933,35003021.9733,62840.6667
2022,2,17,14,50,5,294311122.532,35314893.3209,160438.4,36333482.88,20399.36
2022,2,17,14,55,5,296292982.013,37004714.5464,685120.64,42371134.4,93030.24
2022,2,17,15,0,5,295190243.355,38162814.0701,692192,42452504,97872
2022,2,17,15,5,5,303599875.625,38743874.9796,289616.2133,72832317.9733,161625.6533
2022,2,17,15,10,5,323483103.303,32574093.1347,62144.4267,31971654.9333,78310.8267
2022,2,17,15,15,5,327624847.489,35726090.7699,59010.2667,43409981.2,23894.5067
2022,2,17,15,20,5,345256457.67,42300722.869,551749.3333,42494250.3467,158884.8
2022,2,17,15,25,5,351540431.25,43291010.736,767636.5867,38828019.3067,48373.3333
2022,2,17,15,30,5,364711694.141,40972160.4497,211490.1333,40249526.4,49785.28
2022,2,17,15,35,5,370763024.477,43366178.8652,81674.24,38650876.2667,25576
2022,2,17,15,40,5,362837038.829,47417490.5384,263386.4533,46553890.0267,148751.92
2022,2,17,15,45,5,377490138.051,38245713.5557,484698.9333,43237465.7333,70860.7467
2022,2,17,15,50,5,365788471.798,37308070.222,214825.0667,35431864.96,186684
2022,2,17,15,55,5,369696059.191,45375159.2026,608394.6667,33374645.6,67718.1333
2022,2,17,16,0,5,415575251.982,43797040.2694,792057.0667,29246269.6533,124542.6667
2022,2,17,16,5,5,408170186.137,38708385.2555,806617.7333,23825074.6667,310433.3333
2022,2,17,16,10,5,374557149.079,39708903.8649,109506.9333,27961635.3333,84639.36
2022,2,17,16,15,5,389567652.389,39687376.5302,590865.0667,36216430.6667,6849.76
2022,2,17,16,20,5,363547676.679,35295876.4105,560921.2,37780088.1333,33283.6267
2022,2,17,16,25,5,367101314.22,37717381.4862,1572536.7467,36372626.1333,290641.52
2022,2,17,16,30,5,417391768.422,36068657.3429,1395962.9867,35913439.7867,94949.6533
2022,2,17,16,35,5,397583474.979,31888970.954,591516.16,34351128,52962.4533
2022,2,17,16,40,5,382774889.371,35780874.5991,97031.7867,35053890.9867,102295.84
2022,2,17,16,45,5,403806065.169,35680220.8586,263091.6267,35874127.8933,125367.36
2022,2,17,16,50,5,374530858.234,35568146.7327,377146.4,35897178.9333,167086.24
2022,2,17,16,55,5,360033594.11,41104257.2339,198853.28,42783397.12,288337.36
2022,2,17,17,0,5,356905121.524,37381643.8159,113937.8133,34673752.8533,82273.9733
2022,2,17,17,5,5,365312080.475,45218448.4437,485247.4667,39366462.4,316050.5867
2022,2,17,17,10,5,350118579.514,36001488.8429,1704235.2,35418744.8533,203890
2022,2,17,17,15,5,344643084.868,35526258.4592,1649706.2667,40649928.8,131934.1867
2022,2,17,17,20,5,368035420.772,34436712.1916,1002044.9333,40983858.5333,122566
2022,2,17,17,25,5,345746793.214,46558881.9542,65792,55560845.6533,180544.2133
2022,2,17,17,30,5,366171666.543,42180388.4018,498454.8,45902950.9333,104705.2
2022,2,17,17,35,5,361414185.838,39149834.254,364596.6667,47022820.1333,39458.7733
2022,2,17,17,40,5,374899462.983,37287153.4488,21563.2,49004728.2133,65609.92
2022,2,17,17,45,5,364841863.314,42159013.0216,33393.4667,48115197.7333,73419.12
2022,2,17,17,50,5,356971895.238,39989839.8269,970.2667,53163807.2,53014.6667
2022,2,17,17,55,5,345633165.827,46676054.878,86153.3867,49934897.8133,140377.12
2022,2,17,18,0,5,348218875.272,48145557.7651,60122.64,55332498.32,281724.56
2022,2,17,18,5,5,344739545.488,47726567.0996,87877.2267,58531520.8533,96993.28
2022,2,17,18,10,5,376465881.227,47904152.6335,1359477.3333,64665167.04,143016.8533
2022,2,17,18,15,5,359889432.161,50564883.5296,908290.4,74702872.5333,28901.4933
2022,2,17,18,20,5,350104404.854,46930394.3713,181916.5867,73771332.5867,18916
2022,2,17,18,25,5,393846537.11,45314617.5528,79737.6,72834270.08,416990.3467
2022,2,17,18,30,5,392613883.332,41130911.8146,133696.2667,75877543.8667,146692.48
2022,2,17,18,35,5,387291933.616,45161752.474,30495.2533,68308890.9867,159203.76
2022,2,17,18,40,5,400096113.866,48715986.0985,300673.92,66690368.32,143754
2022,2,17,18,45,5,445691271.211,46201747.4268,31439.8933,66767946.88,230882.4267
2022,2,17,18,50,5,474679241.236,45265963.6875,132709.6533,55671861.0133,466147.6
2022,2,17,18,55,5,408573152.356,40142379.3525,30701.6533,58416262.9333,978196
2022,2,17,19,0,5,435910873.377,42248426.0629,29304,58455376,1009672
2022,2,17,19,5,5,394983797.592,44707863.8044,355795.9467,124617801.173,10908770.1333
2022,2,17,19,10,5,392987817.497,42769823.7596,1552653.8667,56653486.9333,11318050.56
2022,2,17,19,15,5,404831322.874,41541695.1406,932060.16,45767572.3733,13364129.52
2022,2,17,19,20,5,402157681.493,38948028.3008,34808.7467,49600292.48,20325838.6667
2022,2,17,19,25,5,412543805.333,39758413.8606,698.6667,47658682.4533,20602113.0133
2022,2,17,19,30,5,419870451.422,42105658.6631,48575.4667,55207123.3333,21772729.52
2022,2,17,19,35,5,420766817.803,40734078.0889,30416.4267,49792955.52,20328290.8267
2022,2,17,19,40,5,427702667.544,47235029.4389,170574.5067,55310111.68,19981340.48
2022,2,17,19,45,5,436765711.297,49421152.4569,395027.8667,44536288,20255324.48
2022,2,17,19,50,5,426713905.547,53867909.1218,45312.8533,49692066.3467,20289976
2022,2,17,19,55,5,416211073.299,43203157.0226,1464351.2533,52053930.0267,21407322.32
2022,2,17,20,0,5,400452875.414,39781495.2328,3184171.2,48658983.7867,20013930.0267
2022,2,17,20,5,5,421983424.515,42753503.3223,2077750.4,42139184.4,21360834.56
2022,2,17,20,10,5,438903859.456,39065234.5934,1716195.6,36820684.4,27330988
2022,2,17,20,15,5,440169795.981,44612079.5687,1182730.56,31832589.6533,29381240.96
2022,2,17,20,20,5,413527793.936,42664766.9074,171781.12,35771445.44,28300836.3733
2022,2,17,20,25,5,466592873.584,44633170.9308,263773.5467,32189306.6667,29484926.4
2022,2,17,20,30,5,477123435.552,47567900.2291,186360.2667,43390586.9333,29885367.3067
2022,2,17,20,35,5,476069634.928,43046346.4236,117189.7333,59756696.2667,30096722.1867
2022,2,17,20,40,5,485267457.287,49192013.0543,83101.12,54488512.5333,28917301.28
2022,2,17,20,45,5,493638091.479,57761212.8153,35959.04,49621376,30685772.96
2022,2,17,20,50,5,508843221.818,60420530.68,267952.4267,42885170.6667,25395988.64
2022,2,17,20,55,5,515363018.734,58117165.0103,372261.3333,33393413.2,10068354.7733
2022,2,17,21,0,5,522083256.7,54494923.6529,1027806.1333,60079992.2667,1680283.6267
2022,2,17,21,5,5,562230018.001,49901361.5,1293217.3333,72635089.8667,688742.56
2022,2,17,21,10,5,594208577.344,45321409.8061,226811.7333,78593061.4667,466937.3867
2022,2,17,21,15,5,587788371.901,46762498.4223,22168.2133,84920436.5867,526842.6667
2022,2,17,21,20,5,595044610.978,43379528.3297,191580.5867,83756001.28,860534.72
2022,2,17,21,25,5,629429953.829,46403152.2614,85052.9333,89885700.8,4400724.8
2022,2,17,21,30,5,581004335.578,44945464.0951,9429.0133,83876319.68,901953.0133
2022,2,17,21,35,5,601220803.899,45919244.4711,432469.76,85715186.0267,379459.44
2022,2,17,21,40,5,599484191.555,46233670.5218,124548.1333,85585628,248395.4667
2022,2,17,21,45,5,536211860.98,45931065.0562,45429.3333,106586362.667,2776501.0133
2022,2,17,21,50,5,592762511.838,52420613.3429,198628.2667,89153013.3333,3394106.7733
2022,2,17,21,55,5,595569624.294,47826475.1755,138559.8933,91035785.7067,601909.6
2022,2,17,22,0,5,636400115.066,52658822.0978,68351.7333,91574743.2,526377.6
2022,2,17,22,5,5,589156351.982,52810190.89,61658.56,83682567.8933,364068.6667
2022,2,17,22,10,5,571507398.781,46427808.5404,43608.6667,80289618,572345.52
2022,2,17,22,15,5,575344788,50308735.7469,54491.68,101017336.64,8196879.12
2022,2,17,22,20,5,583050899.894,50684830.712,447871.1467,107010376.747,9038648.3467
2022,2,17,22,25,5,537902934.573,42418357.1223,1301725.2267,104371035.733,8998421.6
2022,2,17,22,30,5,557781997.423,45390913.7389,829305.4667,87122282,8927081.4933
2022,2,17,22,35,5,521001580.176,44975847.143,147100.16,98571940.5867,8972682.5333
2022,2,17,22,40,5,484122356.847,43422570.4029,511131.6,99450093.3333,9412197.12
2022,2,17,22,45,5,457832836.962,38838711.2438,378302.5333,93183720.4,8941232.96
2022,2,17,22,50,5,465261994.894,38277532.4042,370750.1867,88536253.5467,8942430.8
2022,2,17,22,55,5,458391291.639,40086695.451,337393.8133,89633779.3067,9213484
2022,2,17,23,0,5,456131365.047,41264284.1604,336944,89649440,9264704
2022,2,17,23,5,5,395531996.138,38832595.6732,987473.0667,163362706.773,8771612.8
2022,2,17,23,10,5,380114265.446,38686094.4117,129512.8533,85164237.2267,8736392
2022,2,17,23,15,5,369782072.986,39675064.0053,765700.5867,72753569.6,9585073.52
2022,2,17,23,20,5,364995234.283,49649053.5832,1442042.56,60785491.84,8458171.2267
2022,2,17,23,25,5,361048066.292,50770309.9378,123076.2667,56077341.0667,8975190.8
2022,2,17,23,30,5,406372256.34,50248007.2829,425130.9333,69345528.8,9084800
2022,2,17,23,35,5,401658489.35,45012566.6227,169418.88,53560887.68,9460496.16
2022,2,17,23,40,5,360043057.245,38621326.0067,49879.7333,42168198.2667,8026497.8667
2022,2,17,23,45,5,345861011.799,41874714.2571,207499.84,53283490.7733,8097375.2
2022,2,17,23,55,5,325819395.487,41735287.0626,18242.5333,53725380.5333,3241652.8
2022,2,18,0,0,6,321789028.26,43987279.5598,2027093.6,43418041.7333,338786.6667
2022,2,18,0,5,6,326189631.694,45602157.6723,56055.8933,53714769.8133,82923.68
2022,2,18,0,10,6,286964124.875,40361210.517,192288.8533,49305434.24,91597.52
2022,2,18,0,15,6,313245983.827,34667728.57,2916.9067,48710701.8667,118357.2
2022,2,18,0,20,6,276553112.844,30235552.896,404045.3333,44839043.2,145705.28
2022,2,18,0,25,6,278192088.855,36629841.2892,455453.76,50601547.2,180449.6533
2022,2,18,0,30,6,254063569.857,29909464.8733,394637.9733,52940891.52,168865.6
2022,2,18,0,35,6,251712406.506,26506541.9019,820735.6,43206539.36,207972
2022,2,18,0,40,6,230354771.887,29458382.007,46015.4667,32256433.4933,212055.0933
2022,2,18,0,45,6,222821081.312,27000665.2267,844.16,25375989.3333,62007.7867
2022,2,18,0,50,6,223572493.708,28473869.1228,155432.64,26273608.32,95598.72
2022,2,18,0,55,6,228803498.275,24868813.0478,188351.4667,27502786.0267,64412.8
2022,2,18,1,0,6,223679523.007,25918737.2192,2974.72,32575488,90040.32
2022,2,18,1,5,6,226300663.655,32703752.4608,448.2133,28095922.0267,67056.2133
2022,2,18,1,10,6,220252819.151,27930139.6227,13444.72,29792767.36,46900.16
2022,2,18,1,15,6,212812152.646,31108785.8849,18454.08,36068370.56,45536
2022,2,18,1,20,6,201621376.131,25130851.9224,1000.9333,34574505.0667,102287.68
2022,2,18,1,25,6,179545854.599,24421725.7338,609.6,31264527.8667,59582.4
2022,2,18,1,30,6,169651975.426,27455971.9119,450.6667,24694863.0667,48801.44
2022,2,18,1,35,6,155802049.793,21294083.425,16487.2533,21428133.0133,48256
2022,2,18,1,40,6,145840259.024,20617040.2036,617.3867,21235009.3867,83482.16
2022,2,18,1,45,6,136432570.973,20557480.8382,39072.5333,19570214.4,47927.44
2022,2,18,1,50,6,131669048.597,20792512.4643,71396.0533,20450491.52,64129.6
2022,2,18,1,55,6,143320970.389,20289748.0996,16507.52,18414842.6667,64285.8667
2022,2,18,2,0,6,135461544.469,23786317.9417,794.24,20866408.7467,58887.76
2022,2,18,2,5,6,158917393.954,23943217.4252,37888,19316067.3067,96781.8667
2022,2,18,2,10,6,159865779.516,24933377.3831,19315.3333,16164006,99520
2022,2,18,2,15,6,161864076.013,26541133.032,24548.9067,13760269.8667,68317.28
2022,2,18,2,20,6,123431111.251,31348101.8634,51221.2,15208806.1333,52647.4667
2022,2,18,2,25,6,113953913.16,35387444.3208,18085.8667,14793148.0533,50904
2022,2,18,2,30,6,127155821.162,28819175.8767,112519.7333,13873392.1333,36872.16
2022,2,18,2,35,6,119385298.814,30134243.2216,5436.8,10981889.0667,35816
2022,2,18,2,40,6,109081345.503,32585761.3914,22517.3333,11085080.32,93805.44
2022,2,18,2,45,6,116391642.732,24524865.8948,57633.0667,9610340.1333,40379.04
2022,2,18,2,50,6,92400549.2177,20705754.8418,68322,6659648.16,35752
2022,2,18,2,55,6,103341586.088,22932634.5521,1791.84,12137648.96,133833.52
2022,2,18,3,0,6,114132155.594,22431699.2202,432,12250048,55231.92
2022,2,18,3,5,6,99498276.5339,25806109.3117,684.5867,13357245.8667,46728
2022,2,18,3,10,6,89977516.7916,18450774.75,99564.1333,7356898.4,35014.48
2022,2,18,3,15,6,97081553.5088,17888048.5418,1933.9733,7386360.1067,2894.6667
2022,2,18,3,20,6,84166996.582,21449769.3692,481.4933,7012318.6133,18791.2533
2022,2,18,3,25,6,107153035.328,29322561.3291,440.5333,9335962.7733,20272
2022,2,18,3,30,6,90366223.162,26645478.0078,637.3333,15220946.4533,98675.4133
2022,2,18,3,35,6,80189790.2805,31197936.4793,711.04,8700542.5067,27077.0667
2022,2,18,3,40,6,91137821.093,32670825.9036,16648.64,9112586.6667,20920
2022,2,18,3,45,6,82277942.674,39521027.0247,627.4133,8529799.04,111531.76
2022,2,18,3,50,6,99242036.9575,42278016.3003,582.24,5221013.6,27107.84
2022,2,18,3,55,6,88679981.215,29108970.0065,710.2933,5840584.8533,20240
2022,2,18,4,0,6,86886852.0279,32132820.948,460.2667,4602871.7333,14932.0533
2022,2,18,4,5,6,77037887.3778,37520905.758,424.64,5048521.92,25552.3733
2022,2,18,4,10,6,69706002.4847,35687106.6462,195.8667,1773179.7333,20684.16
2022,2,18,4,15,6,87860191.1325,35540055.2443,507.7333,2452744.32,14122.64
2022,2,18,4,20,6,75860486.459,29513679.3116,362.0267,2047088.1067,978.8
2022,2,18,4,25,6,96159367.8384,26512769.2158,502.08,2369195.3067,44172.96
2022,2,18,4,30,6,113595066.271,27998357.2182,480.24,4813799.76,39349.8667
2022,2,18,4,35,6,115509023.744,26093183.6613,212.5333,2938010.8,15573.8667
2022,2,18,4,40,6,68152418.8788,24610690.5433,29002.88,2547253.2267,19727.2267
2022,2,18,4,45,6,69899705.6932,26427100.0249,794.4533,2108590.4,1520.7467
2022,2,18,4,50,6,100429170.879,43294950.3452,76231.36,1907857.3867,2.8
2022,2,18,4,55,6,89985330.1504,29959663.2284,19161.0667,2047548.6933,0
2022,2,18,5,0,6,97811980.8935,29992452.3022,14713.4933,2005877.12,103690.2933
2022,2,18,5,5,6,88524691.3273,27104814.3392,13724.6933,3785439.8933,64747.2
2022,2,18,5,10,6,84529205.3781,30738774.7541,640.64,14037124.8,122198.24
2022,2,18,5,15,6,80735954.7854,26803293.0674,456.1067,9012188.2667,34399.92
2022,2,18,5,20,6,87448823.467,25228727.7145,534.9333,6867045.5467,33276.4267
2022,2,18,5,25,6,84129873.158,30277095.4745,504.4267,9750503.36,33624
2022,2,18,5,30,6,70596504.8714,31913676.7801,622,5336433.6,14979.36
2022,2,18,5,35,6,92210980.1342,35339244.5809,221.44,5739059.0933,13576
2022,2,18,5,40,6,88336381.6943,34119629.4081,89931.6267,5801610.0267,19521.4933
2022,2,18,5,45,6,87543193.6884,30577487.2436,261669.7333,943883.2,14728.5333
2022,2,18,5,50,6,80834258.6867,31632503.6278,4653.2,9652764.1333,31877.84
2022,2,18,5,55,6,87294615.8645,30253481.0879,257641.7067,5091823.8933,33200
2022,2,18,6,0,6,78634170.3854,33095143.1605,3915.7333,10906396.5867,2383.52
2022,2,18,6,5,6,69797070.2812,32825645.4937,353.1733,4260017.3867,30842
2022,2,18,6,10,6,70656211.8624,29717022.7289,15317.76,5761552.7467,53030.9333
2022,2,18,6,15,6,73080695.542,26869322.7644,759.4667,7260404.0533,4657.7067
2022,2,18,6,20,6,67375075.3908,22478125.6921,323.2,4550229.76,12646.32
2022,2,18,6,25,6,86042068.3433,25449434.1894,578.72,8036185.12,20079.68
2022,2,18,6,30,6,74786319.1781,21924587.5978,489.6,6833168.6667,2136.9067
2022,2,18,6,35,6,87397327.4121,21814863.731,322.24,5151315.7333,672
2022,2,18,6,40,6,88066657.0963,25296113.8414,588.3733,4680570.24,58909.0133
2022,2,18,6,45,6,92281129.2607,22519033.6189,340.2667,5683191.7333,17109.8667
2022,2,18,6,50,6,107236913.42,19943252.4732,249.1733,6486574.5067,109738.96
2022,2,18,6,55,6,138212165.059,25125604.7111,279.5733,5108399.5733,45224.8533
2022,2,18,7,0,6,144517016.191,24429827.9097,280,5089632,32232
2022,2,18,7,5,6,138051520.448,19575150.1412,9041.6,8315526.8267,71820.24
2022,2,18,7,10,6,126120706.406,22473455.6937,172338.88,11169004.5867,18532.8
2022,2,18,7,15,6,131873286.371,20763144.4621,228092.4,16093725.7333,13640
2022,2,18,7,20,6,164998222.804,25552756.7902,40318,8659440.6667,2345.7867
2022,2,18,7,25,6,169339428.237,21671307.6462,110398,13931342.2667,41791.28
2022,2,18,7,30,6,164409411.881,22760935.9621,2277.6,19776205.6,7211.2
2022,2,18,7,35,6,157854273.522,27380015.6101,32005.2267,11228704.5333,817.6
2022,2,18,7,40,6,162814863.896,28213610.3552,16188.08,14661061.68,12899.2
2022,2,18,7,45,6,150284887.005,24053540.33,30286.2667,15098355.8667,26311.2
2022,2,18,7,50,6,135229718.434,22649949.3066,21853.2267,15973126.72,28440
2022,2,18,7,55,6,114078567.918,23399666.9023,18085.8667,22998461.3333,16257.68
2022,2,18,8,0,6,140083472.51,15500835.3306,89705.12,10659536.8,14752
2022,2,18,8,5,6,154699391.374,18192998.0844,1531.3067,11618698.6667,120548.8
2022,2,18,8,10,6,129992198.698,18871460.8294,15070,23836539.8667,132304
2022,2,18,8,15,6,150680545.519,19151686.4517,160509.9733,13528760.96,100600.6133
2022,2,18,8,20,6,169958701.418,18399364.9266,2426.7733,5531060.9067,97208
2022,2,18,8,25,6,159900059.762,24641508.3406,192.96,5267621.44,202713.6
2022,2,18,8,30,6,180523480.033,24176583.6375,207.7867,2371586.88,148348.32
2022,2,18,8,35,6,187490825.659,24493602.9254,208,7136676.9333,68696.8
2022,2,18,8,40,6,167058111.171,24346814.2975,270.9333,7086785.7333,56587.4667
2022,2,18,8,45,6,190716603.734,25533108.4377,5671.04,4636458.4533,38171.3333
2022,2,18,8,50,6,162286016.186,25315384.1532,384.4267,1134145.4933,32609.28
2022,2,18,8,55,6,153736417.751,30050557.8592,209.3867,2910355.6267,36483.2
2022,2,18,9,0,6,141116181.41,30956359.5541,247.4667,1988865.4933,19530.64
2022,2,18,9,5,6,159773899.055,32490187.936,232.2133,1526002.1333,53997.3333
2022,2,18,9,10,6,165553468.44,33053101.1736,232,840453.9733,147208.4
2022,2,18,9,15,6,164352279.395,27742009.4852,23430.8,2885014.8,19130.2933
2022,2,18,9,20,6,152911832.492,29379004.6704,32243.6,7363774.24,3584
2022,2,18,9,25,6,183681810.517,32767675.2412,1409.68,18606808.08,50280.5333
2022,2,18,9,30,6,170732133.001,34667853.0783,2098.7733,7598542.5067,131921.92
2022,2,18,9,35,6,195390459.934,36415485.2575,76248.32,10380809.6,95294.8
2022,2,18,9,40,6,174345199.214,33491418.8081,116401.8667,10447427.2,113854.88
2022,2,18,9,45,6,161529420.797,44488107.9378,117680,10445280,148568
2022,2,18,9,50,6,141875061.155,31957218.6746,359736.96,10391510.6133,59588.2133
2022,2,18,9,55,6,170256693.214,34987797.8112,241947.9467,9443962.88,24775.1467
2022,2,18,10,0,6,177622701.147,40336114.9163,305274.1333,12632806.6133,112861.4667
2022,2,18,10,5,6,176897295.898,31588918.0619,301045.0133,12704953.7067,128072
2022,2,18,10,10,6,139326195.259,36371032.8115,259101.8667,9397784.7467,148695.8933
2022,2,18,10,15,6,139201042.573,35377548.7043,364319.0667,7362703.3333,68767.2
2022,2,18,10,20,6,154930360.083,23844461.0987,128334.1333,9800108.2667,8230.72
2022,2,18,10,25,6,130832612.923,25379329.8042,437232.1333,9477694.5333,101221.52
2022,2,18,10,30,6,130271136.38,28611057.8786,121032.64,7669535.1467,137859.2
2022,2,18,10,35,6,171155789.775,31103849.1851,164347.9467,10006727.2533,41571.2
2022,2,18,10,40,6,191247811.713,27000069.0951,146971.52,15323605.5467,23876.6667
2022,2,18,10,45,6,180028473.334,30972112.4779,260542.9333,14293761.4667,17774.72
2022,2,18,10,50,6,168936409.003,30213621.3845,472182.08,12250077.12,3853.2
2022,2,18,10,55,6,160524610.965,26514150.037,172882.88,8802238.6133,21156.2667
2022,2,18,11,0,6,161607056.983,27318133.8155,168800,8756016,76305.44
2022,2,18,11,5,6,180510285.712,28182598.2582,332410.9333,26224043.7333,82960
2022,2,18,11,10,6,193467313.275,31916930.3953,358445.6533,23263022.72,68843.52
2022,2,18,11,15,6,196426373.167,29413799.3472,257922.6667,26998217.6,130433.3333
2022,2,18,11,20,6,191440178.407,32115688.8373,339795.2,22935598.4,24515.2
2022,2,18,11,25,6,200043228.9,29137584.2571,212219.2,32950022.72,161416.4267
2022,2,18,11,30,6,248231909.335,30048280.7073,296124.4,36494534,22126
2022,2,18,11,35,6,229912962.531,27654998.2421,207860.3733,27831765.12,31365.8667
2022,2,18,11,40,6,222376351.01,27413357.5012,106094.8267,26505300.6933,155562.0533
2022,2,18,11,45,6,230422713.697,22810233.8075,284940.8,22361370.3467,302397.12
2022,2,18,11,50,6,200439380.237,21692368.2168,5041.3333,23851651.6,304756.16
2022,2,18,11,55,6,191086917.49,25074503.7964,216.4,16188708.16,129765.04
2022,2,18,12,0,6,204928867.841,30248740.0462,11108.8,21562104.96,38467.5733
2022,2,18,12,5,6,200916195.723,30740869.6961,33475.7333,23705826.24,206197.44
2022,2,18,12,10,6,188564670.719,33826764.3205,3788.2667,36159019.0667,59817.2533
2022,2,18,12,15,6,183294490.024,25707432.1253,156331.7333,27514448.4267,116809.6
2022,2,18,12,20,6,192067170.584,26193410.3271,149447.7333,18656183.8667,194123.3867
2022,2,18,12,25,6,214817349.626,24910433.4869,2448.4267,16755665.1733,145948.24
2022,2,18,12,30,6,205772853.442,30489513.7138,223663.7867,22317559.2533,40130
2022,2,18,12,35,6,207354467.563,31077192.1742,3417.0667,16438577.7067,60930
2022,2,18,12,40,6,219878416.257,29056237.3351,360.5333,7503639.04,129979.92
2022,2,18,12,45,6,186621990.933,27614242.7858,391.5733,8158241.0667,180815.2533
2022,2,18,12,50,6,187911622.836,23851340.7684,265.7067,8000354.9867,67984.5333
2022,2,18,12,55,6,191947295.66,23540269.5929,10256.96,17963594.88,146497.3333
2022,2,18,13,0,6,172648977.507,26082828.699,69560.4267,9951088.96,67075.7333
2022,2,18,13,5,6,193858219.78,23770833.2804,146514.88,4137482.4533,70878.4
2022,2,18,13,10,6,207481526.465,27734497.8108,76985.4933,249767.1467,75254.1867
2022,2,18,13,15,6,248720346.366,23282094.5863,75242.6667,3271849.1733,176232
2022,2,18,13,20,6,258602404.466,28233155.8348,128409.3867,6490703.2533,131500.8
2022,2,18,13,25,6,194876745.718,26713629.6136,88292.48,13845486.96,129348.64
2022,2,18,13,30,6,185502078.552,24188625.8913,561377.3867,13344977.7067,110483.44
2022,2,18,13,35,6,186390407.724,23396972.6937,88903.2533,9717151.7867,114167.28
2022,2,18,13,40,6,211416449.557,25479252.3364,43249.4933,18671778.4533,58932.8
2022,2,18,13,45,6,222512860.167,27601811.0853,50131.84,17249204.16,17618.64
2022,2,18,13,50,6,249154261.526,29081737.637,54126,13283627.4667,53369.52
2022,2,18,13,55,6,265154216.759,28179971.1839,1172.48,18748194.9867,27552.64
2022,2,18,14,0,6,273092484.916,27742943.6484,353.3867,28251625.3867,140734.4533
2022,2,18,14,5,6,257357519.848,25118957.9308,102602.24,28740917.76,149880
2022,2,18,14,10,6,264203436.001,25972339.2528,13957.8667,25330345.2,101508
2022,2,18,14,15,6,241193587.773,25561732.2911,32081.52,27851255.52,69980.88
2022,2,18,14,20,6,233741395.053,26208342.1263,359383.92,26819762.24,52744.48
2022,2,18,14,25,6,233875693.844,34206221.6364,291987.4133,24593721.28,58161.1733
2022,2,18,14,30,6,224537569.141,25185216.7506,61264.96,22570149.0133,55500.08
2022,2,18,14,35,6,231770261.889,24107089.4229,171184.64,26202391.5733,210448.8533
2022,2,18,14,40,6,243354382.243,31779400.4604,48549.8667,20845443.4133,40700.6667
2022,2,18,14,45,6,263684049.903,26620920.3858,263922.88,25544669.6533,42810.72
2022,2,18,14,50,6,287126164.825,35537984.683,80139.2,19393633.6,70713.6
2022,2,18,14,55,6,319652491.028,32435302.3954,506192.4267,19678850.6667,68356.16
2022,2,18,15,0,6,318141004.118,32237213.8286,131549.0133,15448403.6267,160782.5067
2022,2,18,15,5,6,323201320.919,31787115.5253,126408,15391168,169592
2022,2,18,15,10,6,293365650.69,30304652.1794,104606.6133,25989207.2533,177894.9333
2022,2,18,15,15,6,295572739.311,34639862.968,94274.1333,9632869.4667,96404.88
2022,2,18,15,20,6,285245289.295,34009940.9148,83005.9733,7172958.9333,139644.72
2022,2,18,15,25,6,309753282.85,34435149.9283,317880.5333,9469834.5333,48645.6267
2022,2,18,15,30,6,307843865.74,35516073.3071,363461.8667,15115251.4133,16086.08
2022,2,18,15,35,6,335527202.257,39279429.529,207752.6667,21490398.6667,77298.32
2022,2,18,15,40,6,350230177.571,35656899.7775,229368.1067,11248005.5467,76510.4
2022,2,18,15,45,6,358989929.243,39120207.4334,209378.56,12431729.8133,34727.04
2022,2,18,15,50,6,310366084.56,36291566.3191,50338.9333,34823131.8667,50574.4
2022,2,18,15,55,6,322600308.108,35417158.7956,220796.16,31993561.92,66636.1067
2022,2,18,16,0,6,299388951.374,37904091.7164,694051.28,32968276.4,32624.7467
2022,2,18,16,5,6,330759730.149,36403361.3106,117823.2,33046205.4667,166442.16
2022,2,18,16,10,6,302146188.431,36092883.3293,60579.3333,41355024,90727.2
2022,2,18,16,15,6,337190269.639,34148369.3289,151052.9333,37486105.4667,39022.6933
2022,2,18,16,20,6,289102134.447,32322995.3665,222448.1333,46141286.1333,68887.7867
2022,2,18,16,25,6,290284435.575,36158277.3729,84859.3067,37751146.24,72912
2022,2,18,16,30,6,252087232.816,34371210.4178,734548.5333,28024306.1333,175422.08
2022,2,18,16,35,6,271856354.493,28662303.6297,167515.84,15819543.7867,13727.7867
2022,2,18,16,40,6,257184349.218,33027260.6944,85206.72,23051140.6933,97679.44
2022,2,18,16,45,6,289538274.426,35477595.9776,34961.3867,30068765.5467,82312
2022,2,18,16,50,6,310095731.675,33271287.3598,57739.2,28601952.56,20168.24
2022,2,18,16,55,6,308466924.708,32477036.3248,85223.7867,34580105.1733,104702.56
2022,2,18,17,0,6,321733502.041,37133122.3392,46062.1867,34622552.96,44106.0533
2022,2,18,17,5,6,323600286.198,38786051.5609,86936.4267,39641015.8933,36904
2022,2,18,17,10,6,303096885.091,34043285.6324,180629.44,37621692.6933,194432.8
2022,2,18,17,15,6,289581748.799,34575956.1356,76970.2667,39200231.0667,65641.92
2022,2,18,17,20,6,313380050.541,36242043.3474,16149.8667,35548862.8267,51760
2022,2,18,17,25,6,322746069.206,37870971.0915,110971.3333,50180830,186560.4267
2022,2,18,17,30,6,315235725.135,34209157.2154,139050.4533,51947552.1067,69207.8933
2022,2,18,17,35,6,360397720.47,143289220.054,61575.2,45608737.2,28146.56
2022,2,18,17,40,6,360096645.858,28841843.6807,54946,66951526.9333,31864.64
2022,2,18,17,45,6,367629955.06,28895792.0845,349790.4,62728406.2933,41307.9467
2022,2,18,17,50,6,375428828.035,32094255.0163,373579.84,61287344.48,42192
2022,2,18,17,55,6,332256405.855,30555147.3921,360718.72,64740481.44,42903.36
2022,2,18,18,0,6,334572495.109,43100488.1508,170880.9067,42263060.5867,41330.3733
2022,2,18,18,5,6,313713727.28,43736512.3467,49280.2667,38599255.8667,122510.72
2022,2,18,18,10,6,339643355.213,39871796.0433,1167.36,17418999.8933,132272
2022,2,18,18,15,6,351415420.266,44118247.2375,833661.6,37426936.16,101305.8667
2022,2,18,18,20,6,372900160.408,45062072.8031,1216802.2667,32281588.8,59871.36
2022,2,18,18,25,6,455767708.385,52124711.9726,1368434.7733,36085553.7067,101259.68
2022,2,18,18,30,6,334581350.988,49381827.1588,1404096.64,30111703.5733,40550.16
2022,2,18,18,35,6,370296353.542,49484368.8693,1741992,23846129.3867,35216
2022,2,18,18,40,6,384374924.023,48561650.0494,2135117.12,44463734.4,116028.7467
2022,2,18,18,45,6,394851981.851,40412210.9315,2982776.1067,29856834.88,274993.6267
2022,2,18,18,50,6,387604791.785,35474337.9255,277744.9333,30398363.8667,292576
2022,2,18,18,55,6,374845284.268,40777259.447,553317.8667,36552675.7333,129271.5733
2022,2,18,19,0,6,363243708.909,42519411.1196,90205.0133,27522116.16,177353.7333
2022,2,18,19,5,6,415849135.138,45181283.6313,83888,27398960,182472
2022,2,18,19,10,6,365374811.58,39638797.896,792030.5067,79582576,234061.5467
2022,2,18,19,15,6,352670335.813,42042432.4764,373149.8667,33631527.6,508365.5467
2022,2,18,19,20,6,339197160.881,40660652.6858,50592,39419983.4667,242375.4667
2022,2,18,19,25,6,332500098.733,37361550.1926,162768.1333,31519807.3333,215465.68
2022,2,18,19,30,6,342532359.523,38926719.2261,158216.4267,19003733.12,141637.3333
2022,2,18,19,35,6,320366649.68,38015554.2009,196900.0533,21360885.76,242147.44
2022,2,18,19,40,6,360419260.903,42068184.3097,129194.0267,18942872.8533,190310.4
2022,2,18,19,45,6,358771225.332,39916567.1876,36362.0267,30087785.28,185808
2022,2,18,19,50,6,334618556.503,35736713.322,807.68,32349564.6933,192012.8
2022,2,18,19,55,6,357900286.295,40032135.3113,15049.28,16767497.92,169615.52
2022,2,18,20,0,6,403376851.006,42185329.9304,455.8933,21081073.7067,247798.4
2022,2,18,20,5,6,382483692.61,44301275.1166,91997.0667,18166051.4667,427176.48
2022,2,18,20,10,6,386502834.163,42916047.5045,78602.0267,26754442.9867,281528.5333
2022,2,18,20,15,6,400184823.214,41922879.8722,121387.0933,32015340.3733,137466
2022,2,18,20,20,6,391157997.556,43692441.1842,23469.4667,30187809.3333,2733762.4
2022,2,18,20,25,6,467246129.745,43163918.623,52505.0667,23038995.0933,8462354.6667
2022,2,18,20,30,6,493021533.402,41118837.6356,346591.4667,40421221.44,13363501.3333
2022,2,18,20,35,6,519299651.519,42728283.6064,1704913.92,46413005.76,23191637.36
2022,2,18,20,40,6,526691942.2,43962664.1522,2504316.5867,47207474.9867,35832957.3333
2022,2,18,20,45,6,595334107.02,46859647.1326,1684443.0667,35280744.1333,47687384.48
2022,2,18,20,50,6,605418932.808,47236242.1205,1746769.0667,40063145.3333,66175200.5867
2022,2,18,20,55,6,611457670.364,45846067.1225,1614777.1733,40548802.7733,73423938.56
2022,2,18,21,0,6,621929641.558,44628596.5854,1656124.6667,52164952,75301603.68
2022,2,18,21,5,6,620331937.175,42813828.4989,1186098.9333,50343928.2667,82411793.28
2022,2,18,21,10,6,621224976.968,41562236.1901,50588.9067,58381482.24,70613972.32
2022,2,18,21,15,6,605760528.486,37237516.9333,68472.4267,53669272.5333,72092892.48
2022,2,18,21,20,6,621089040.766,36686209.3244,339329.8133,52255701.8667,74858457.8133
2022,2,18,21,25,6,655447412.83,39593124.8799,778388.2667,55837085.7333,70557697.8133
2022,2,18,21,30,6,659748972.807,38158124.6513,1363157.7333,73403561.2,72686958.08
2022,2,18,21,35,6,620409783.263,40205258.0286,572346.88,72875821.12,74750331.6267